511;14 -1 31 -1 30 -1 14 -1 31 -1 41 -2
512;17 -1 30 -2
513;14 -2
514;14 -1 31 -1 30 -2
515;14 -1 31 -1 30 -1 17 -1 30 -2
516;2 -1 14 -1 31 -2
517;14 -2
518;14 -1 38 -1 38 -1 31 -2
519;41 -1 31 -1 30 -2
520;17 -1 30 -2
521;14 -2
522;41 -1 41 -2
523;14 -1 31 -1 41 -2
524;41 -2
525;31 -2
526;14 -1 41 -2
527;31 -2
528;17 -1 31 -1 14 -1 38 -1 33 -1 14 -2
529;36 -1 37 -1 34 -1 36 -2
530;38 -1 33 -1 14 -1 38 -1 36 -2
531;36 -1 36 -1 34 -1 37 -1 38 -1 14 -2
532;31 -1 30 -1 14 -1 31 -1 30 -2
533;17 -1 30 -2
534;30 -2
535;30 -2
536;14 -1 31 -1 30 -2
537;41 -1 41 -1 41 -1 31 -1 30 -1 31 -1 31 -1 30 -1 2 -2
538;2 -1 17 -1 30 -2
539;17 -1 30 -2
540;14 -2
541;31 -1 30 -2
542;17 -1 30 -2
543;30 -2
950;2 -2
951;14 -1 31 -2
952;14 -1 41 -2
953;41 -1 41 -1 41 -2
954;41 -1 14 -1 41 -2
955;41 -2
956;41 -2
957;41 -1 41 -2
958;41 -2
959;41 -2
960;41 -2
961;38 -1 14 -2
962;31 -1 31 -1 30 -1 30 -2
963;7 -1 41 -2
964;14 -1 31 -1 30 -2
965;17 -1 30 -2
966;41 -1 14 -1 31 -1 30 -2
967;31 -1 14 -2
968;14 -1 31 -1 30 -2
969;14 -1 31 -1 30 -2
970;14 -1 31 -1 30 -2
971;17 -1 30 -1 48 -2
972;14 -1 31 -1 30 -2
973;14 -1 31 -2
974;31 -2
975;14 -1 31 -1 30 -2
976;17 -1 46 -1 30 -2
977;14 -1 31 -1 41 -2
978;7 -1 41 -2
979;38 -1 33 -2
980;36 -1 41 -2
981;41 -2
982;41 -2
983;38 -1 36 -2
984;34 -1 37 -1 36 -2
985;38 -1 33 -2
986;36 -1 37 -1 34 -1 38 -1 14 -1 31 -2
987;14 -1 31 -1 30 -2
988;48 -1 48 -1 48 -1 48 -2
1241;14 -1 38 -1 31 -1 41 -2
1242;41 -2
1243;41 -2
1244;41 -2
1245;38 -1 33 -2
1246;36 -2
1247;36 -1 14 -1 41 -2
1248;36 -2
1249;36 -1 36 -1 36 -2
1250;36 -2
1251;36 -2
1252;36 -2
1253;36 -2
1254;36 -2
1255;36 -2
1256;36 -1 36 -1 37 -1 34 -2
1257;38 -2
1258;38 -2
1259;14 -2
1260;33 -1 36 -1 36 -1 36 -1 36 -2
1261;14 -1 41 -2
1262;36 -1 36 -2
1263;36 -2
1264;36 -2
1265;36 -1 37 -1 34 -1 36 -1 38 -1 14 -1 31 -2
1266;17 -1 31 -2
1267;14 -1 31 -2
1268;7 -1 31 -1 14 -2
1511;14 -1 38 -1 33 -2
1512;36 -2
1513;14 -1 38 -1 36 -2
1514;34 -1 36 -1 37 -2
1515;37 -1 34 -1 33 -1 38 -2
1516;14 -2
1517;14 -1 7 -2
1518;14 -1 31 -2
1519;41 -2
1520;41 -1 41 -2
1521;14 -1 7 -2
1522;14 -2
1523;41 -2
1524;14 -1 31 -1 30 -2
1525;31 -1 30 -2
1526;17 -1 30 -1 30 -2
1527;14 -1 31 -1 30 -2
1528;17 -1 46 -1 30 -2
1529;14 -2
1530;31 -1 30 -2
1531;17 -1 46 -1 30 -1 30 -2
1532;14 -1 31 -1 30 -2
1533;46 -1 17 -1 30 -1 30 -1 31 -1 14 -1 11 -2
1534;31 -1 30 -2
1535;14 -1 31 -1 30 -2
1536;31 -2
1537;14 -1 31 -1 30 -2
1538;17 -1 30 -2
1539;28 -1 30 -1 30 -2
1540;14 -1 31 -1 38 -1 41 -2
1541;31 -2
1542;17 -1 31 -1 14 -2
1543;31 -1 30 -2
1544;14 -1 41 -2
1545;41 -2
1950;2 -2
1951;14 -2
1952;41 -2
1953;41 -2
1954;38 -1 31 -2
1955;14 -1 41 -2
1956;14 -1 41 -2
1957;41 -1 41 -1 41 -2
1958;14 -1 41 -2
1959;41 -2
1960;41 -2
1961;38 -1 33 -2
1962;14 -1 41 -2
1963;41 -2
1964;36 -1 34 -1 36 -1 37 -2
1965;7 -2
1966;7 -1 7 -1 7 -1 7 -1 7 -1 7 -1 38 -1 14 -2
1974;14 -1 41 -1 31 -1 48 -1 30 -2
1975;17 -1 30 -1 14 -1 31 -2
1976;17 -1 31 -2
1977;17 -1 31 -1 28 -1 31 -2
1978;14 -1 38 -1 33 -1 14 -1 48 -2
1979;13 -2
1980;14 -2
1981;14 -1 31 -1 30 -1 2 -1 2 -2
1982;41 -1 41 -2
1983;41 -2
1984;31 -1 30 -2
1985;17 -1 30 -2
1986;14 -1 31 -1 30 -1 14 -2
1987;14 -2
1988;31 -1 30 -2
1989;14 -1 31 -1 30 -2
1990;17 -1 30 -1 30 -2
1991;14 -1 31 -1 30 -2
1992;17 -1 30 -2
1993;14 -1 31 -1 30 -2
1994;17 -1 30 -2
1995;14 -1 31 -1 30 -2
1996;17 -1 30 -2
1997;14 -1 41 -1 14 -1 31 -1 30 -2
1998;17 -1 30 -2
1999;14 -1 31 -1 30 -1 41 -2
2000;41 -2
2001;31 -1 30 -2
2002;17 -1 46 -1 30 -2
2003;14 -1 31 -1 30 -2
2004;17 -1 30 -2
2005;14 -1 31 -1 31 -1 30 -2
2006;14 -1 38 -1 2 -1 31 -1 30 -2
2007;14 -1 31 -1 48 -1 30 -1 2 -1 17 -1 30 -2
2008;46 -1 17 -1 30 -2
2009;14 -1 31 -1 30 -2
2010;17 -1 30 -1 14 -1 2 -1 1 -1 46 -1 2 -2
2247;14 -1 31 -1 30 -2
2248;14 -1 31 -1 30 -1 14 -1 41 -2
2249;31 -1 30 -2
2250;30 -2
2251;46 -1 17 -1 30 -1 17 -1 46 -1 30 -1 38 -1 31 -1 33 -2
2252;36 -1 34 -1 37 -1 38 -1 33 -2
2253;36 -1 34 -1 37 -1 38 -1 14 -2
2254;14 -2
2255;14 -2
2256;31 -2
2257;30 -1 2 -2
2258;46 -1 1 -1 17 -1 30 -1 2 -2
2259;2 -2
2740;14 -2
2741;38 -1 31 -1 31 -1 26 -1 31 -1 31 -1 31 -1 14 -1 31 -1 31 -1 14 -1 31 -1 30 -1 14 -2
2742;14 -1 31 -2
2743;14 -1 31 -1 30 -1 30 -1 30 -2
2744;14 -1 31 -1 30 -2
2745;14 -1 31 -1 30 -2
2746;17 -1 46 -1 30 -1 14 -1 31 -1 31 -1 30 -1 30 -1 31 -2
2747;31 -2
2748;14 -1 41 -2
2749;14 -1 31 -1 30 -1 31 -2
2750;14 -1 31 -1 48 -2
2751;4 -2
2752;14 -2
2753;14 -1 31 -1 30 -1 14 -2
2754;14 -1 38 -1 38 -1 31 -2
2755;17 -1 31 -2
2756;17 -1 31 -1 14 -1 38 -2
2757;33 -1 14 -1 41 -2
2758;36 -2
2759;41 -2
2760;41 -2
2761;36 -2
2762;36 -1 36 -1 34 -1 38 -1 38 -1 14 -2
2763;2 -2
2764;14 -1 31 -1 30 -2
2765;17 -1 30 -1 17 -1 30 -1 14 -2
2766;14 -1 31 -1 30 -2
2767;17 -1 30 -2
2768;14 -1 31 -1 30 -1 14 -2
2769;14 -1 31 -1 41 -2
2971;14 -1 41 -2
2972;41 -2
2973;41 -1 41 -2
2974;14 -2
2975;14 -1 41 -1 41 -1 41 -2
2976;41 -1 7 -1 14 -1 11 -1 41 -2
2977;14 -2
2978;14 -1 2 -2
2979;31 -1 30 -1 30 -1 30 -1 30 -1 30 -2
2980;14 -2
2981;14 -2
2982;14 -2
2983;14 -2
2984;14 -2
2985;14 -1 41 -2
2986;41 -2
2987;41 -2
2988;41 -2
2989;14 -1 41 -1 41 -2
2990;14 -1 41 -2
2991;41 -1 41 -1 41 -2
2992;41 -1 14 -1 7 -2
2993;41 -1 41 -2
2994;41 -1 41 -2
2995;31 -2
2996;14 -1 41 -2
2997;41 -2
2998;14 -2
2999;41 -2
3000;14 -2
3001;38 -1 33 -2
3002;36 -1 14 -2
3003;14 -2
3004;41 -2
3005;38 -2
3006;36 -2
3007;36 -1 34 -1 38 -1 34 -1 38 -1 33 -1 14 -1 31 -2
3008;17 -1 31 -1 31 -1 14 -2
3009;14 -1 14 -2
3322;14 -1 31 -1 30 -2
3323;17 -1 31 -1 31 -1 31 -1 14 -1 41 -2
3324;14 -1 41 -2
3325;41 -1 41 -2
3326;41 -2
3327;14 -1 41 -2
3328;41 -2
3329;41 -2
3330;14 -1 41 -1 41 -1 41 -2
3331;41 -2
3332;14 -2
3333;14 -1 31 -1 31 -1 41 -2
3334;14 -2
3335;14 -1 2 -2
3336;31 -2
3337;14 -2
3338;14 -1 49 -1 48 -2
3339;14 -1 31 -1 30 -2
3465;14 -1 7 -1 38 -1 33 -1 14 -1 31 -1 30 -1 14 -2
3466;39 -2
3467;14 -2
3468;14 -1 31 -1 30 -1 31 -2
3469;14 -1 31 -1 30 -2
3470;14 -2
3471;14 -1 31 -1 30 -2
3472;17 -1 30 -1 14 -1 2 -2
3473;14 -1 31 -1 30 -2
3474;17 -1 30 -2
3676;14 -1 2 -2
3677;14 -2
4969;14 -1 41 -1 41 -2
4970;31 -2
4971;30 -2
4972;14 -1 41 -2
4973;14 -2
4974;14 -1 41 -1 31 -1 30 -2
4975;30 -1 30 -1 30 -1 30 -1 30 -1 30 -1 30 -1 30 -1 30 -1 30 -1 30 -1 30 -1 30 -1 30 -1 30 -1 30 -1 30 -1 30 -1 14 -1 31 -1 31 -1 30 -1 31 -1 41 -1 41 -1 41 -2
4976;14 -1 7 -1 5 -1 5 -1 5 -1 5 -1 14 -1 11 -1 31 -1 30 -1 14 -1 8 -1 7 -2
4977;14 -1 31 -1 31 -2
4978;16 -1 31 -2
4979;32 -1 31 -1 30 -2
4980;17 -1 30 -2
4981;14 -1 31 -1 30 -2
4982;17 -1 30 -2
4983;14 -2
4984;31 -1 30 -2
4985;14 -2
4986;14 -1 31 -1 30 -1 31 -1 30 -1 41 -1 7 -1 5 -1 5 -2
4987;14 -1 31 -2
4988;14 -1 31 -1 31 -1 30 -1 30 -2
4989;30 -1 30 -2
4990;30 -2
4991;14 -2
4992;14 -1 31 -1 32 -1 31 -1 31 -1 30 -2
4993;14 -2
4994;14 -2
4995;14 -2
4996;31 -2
4997;17 -1 31 -2
4998;17 -1 31 -1 31 -1 14 -1 38 -1 33 -2
4999;34 -1 36 -1 38 -1 14 -1 38 -1 38 -1 38 -1 33 -2
5000;36 -1 36 -1 34 -1 38 -1 14 -2
5001;14 -1 14 -2
5002;31 -1 30 -1 17 -1 30 -1 30 -2
5003;14 -1 31 -1 30 -1 41 -2
5573;14 -1 31 -1 30 -2
5574;14 -2
5575;31 -1 14 -1 31 -1 31 -1 14 -2
5576;14 -1 31 -1 14 -2
5577;14 -1 31 -2
5578;14 -1 31 -1 15 -1 31 -1 15 -1 30 -1 31 -2
5579;14 -1 31 -1 30 -2
5580;14 -1 31 -1 30 -2
5581;14 -1 31 -2
5582;14 -1 31 -2
5583;30 -2
5584;14 -1 31 -2
5585;14 -1 31 -2
5586;14 -1 31 -1 14 -1 31 -1 14 -1 7 -1 6 -2
5587;6 -1 6 -1 6 -1 6 -1 6 -1 6 -1 6 -1 6 -1 6 -1 6 -1 6 -1 6 -1 6 -2
5588;6 -2
5589;6 -1 6 -1 6 -1 6 -1 6 -2
5590;6 -1 6 -1 6 -1 6 -1 6 -1 6 -1 6 -1 6 -1 6 -1 6 -1 6 -1 6 -1 6 -1 6 -1 14 -1 6 -1 6 -1 6 -1 6 -2
5591;6 -1 6 -2
5592;6 -2
5593;6 -1 6 -1 6 -1 6 -1 6 -1 6 -1 6 -1 6 -1 6 -2
5594;6 -1 6 -1 6 -1 6 -1 6 -1 6 -1 6 -2
5595;6 -1 6 -2
5596;6 -1 6 -2
5597;38 -2
5598;31 -1 30 -2
5599;14 -1 31 -1 30 -2
5600;14 -1 31 -1 14 -2
5601;14 -1 31 -1 31 -2
5602;31 -2
5603;14 -1 31 -1 14 -2
5604;31 -2
5605;17 -1 31 -1 28 -1 31 -1 14 -1 31 -2
5606;14 -1 7 -1 5 -1 5 -1 5 -1 48 -2
5607;5 -1 5 -1 5 -1 14 -1 31 -2
5608;14 -2
5609;14 -1 31 -2
5610;14 -1 31 -1 14 -1 31 -2
5611;17 -1 31 -2
5612;17 -1 31 -1 14 -2
5613;38 -1 33 -2
5614;36 -2
5615;36 -2
5616;36 -1 38 -1 34 -1 36 -1 38 -1 38 -1 14 -1 14 -1 31 -1 14 -2
5617;14 -1 31 -2
5618;14 -2
5619;14 -1 31 -1 30 -2
5620;14 -1 14 -1 31 -2
5621;31 -1 14 -2
5622;14 -1 31 -1 14 -1 31 -2
5623;30 -2
5624;14 -1 31 -2
5625;14 -2
5626;14 -1 31 -1 30 -1 14 -2
5627;14 -1 31 -1 31 -1 14 -1 14 -2
5628;14 -1 31 -2
5629;31 -1 14 -2
5630;14 -1 31 -1 48 -1 30 -2
5631;17 -1 30 -1 28 -1 30 -2
5632;17 -1 30 -2
5633;17 -1 30 -1 14 -2
5634;14 -1 31 -1 30 -2
5635;14 -1 31 -1 14 -2
5636;14 -1 31 -1 14 -1 31 -1 30 -1 17 -1 30 -1 14 -1 38 -1 38 -1 14 -1 38 -1 14 -1 31 -1 31 -1 15 -1 30 -1 30 -2
5637;14 -1 31 -2
5638;14 -2
5639;14 -2
5640;14 -1 31 -1 31 -1 30 -1 31 -1 30 -1 30 -1 31 -2
5641;17 -1 31 -1 14 -1 38 -1 31 -1 30 -1 17 -1 30 -1 14 -1 31 -1 31 -1 15 -1 15 -1 31 -1 31 -1 15 -1 15 -1 31 -1 31 -1 15 -1 14 -2
5642;14 -1 31 -2
5643;14 -1 31 -1 31 -2
5644;14 -1 31 -1 31 -1 14 -1 31 -1 30 -2
5645;14 -1 38 -2
5646;14 -2
5647;31 -1 14 -2
5648;14 -1 31 -1 2 -1 38 -1 41 -1 41 -1 31 -2
5649;17 -1 31 -1 14 -1 14 -1 31 -1 30 -2
5650;17 -1 30 -1 14 -2
5651;31 -1 14 -1 31 -2
5652;17 -1 31 -1 14 -1 31 -1 31 -1 15 -1 31 -1 31 -1 15 -1 14 -1 31 -1 15 -1 31 -1 31 -1 14 -1 31 -1 15 -1 31 -1 30 -1 31 -1 15 -1 14 -1 31 -1 15 -1 15 -1 31 -1 31 -1 15 -1 31 -1 31 -1 31 -1 15 -1 15 -1 15 -1 31 -1 15 -1 31 -1 15 -1 31 -1 15 -1 31 -1 14 -2
5653;14 -1 31 -1 15 -1 31 -1 15 -1 31 -1 14 -1 31 -1 31 -2
5654;31 -2
5655;14 -1 31 -2
5656;31 -1 14 -2
5657;49 -1 14 -1 31 -1 30 -2
5658;17 -1 30 -1 48 -2
5659;14 -1 31 -1 30 -2
5660;17 -1 30 -2
5661;14 -1 31 -1 30 -1 31 -1 15 -1 31 -1 15 -1 31 -1 15 -1 31 -1 31 -1 15 -1 15 -1 31 -1 14 -1 31 -1 15 -1 31 -1 14 -1 31 -1 31 -1 31 -2
5662;14 -1 31 -1 41 -2
5663;31 -1 14 -1 31 -1 31 -1 15 -2
5664;14 -2
5665;14 -1 31 -1 31 -1 30 -1 30 -1 30 -1 14 -1 39 -1 38 -1 38 -2
5666;14 -1 31 -1 14 -1 39 -1 38 -1 14 -1 31 -1 14 -2
5667;14 -2
5668;14 -2
5871;14 -1 31 -2
5872;14 -1 38 -1 14 -1 41 -1 41 -2
5873;14 -2
5874;38 -1 33 -2
5875;14 -1 31 -2
5876;14 -1 14 -1 38 -1 31 -2
5877;30 -1 30 -1 30 -2
5878;17 -1 31 -1 30 -2
5879;17 -1 31 -1 14 -1 41 -1 41 -1 38 -1 36 -2
5880;14 -1 41 -1 41 -2
5881;34 -1 36 -1 37 -2
6668;14 -1 31 -1 31 -1 30 -1 14 -1 31 -1 30 -1 48 -2
6669;31 -1 32 -2
6670;31 -2
6671;17 -1 31 -2
6672;17 -1 31 -1 31 -1 14 -1 31 -1 41 -1 41 -2
6673;30 -1 41 -2
6674;31 -1 31 -1 21 -1 14 -2
6675;14 -1 31 -1 30 -2
6676;14 -1 31 -1 14 -1 14 -1 14 -1 14 -1 14 -1 14 -1 14 -1 14 -1 31 -1 30 -2
6677;49 -1 49 -1 48 -2
6678;14 -1 31 -1 31 -1 30 -1 30 -1 31 -1 21 -1 14 -1 31 -1 14 -1 31 -1 30 -2
6679;14 -1 31 -1 31 -1 31 -1 21 -1 31 -1 30 -1 21 -1 31 -1 48 -1 30 -1 30 -1 14 -1 38 -2
6680;14 -1 31 -1 31 -1 31 -1 31 -1 21 -1 30 -2
6681;14 -1 38 -1 33 -2
6682;36 -2
6683;14 -2
6684;31 -1 30 -1 31 -2
6685;31 -1 30 -1 14 -2
6686;38 -1 36 -2
6687;34 -1 38 -1 36 -1 14 -1 31 -1 30 -2
6688;17 -1 30 -1 14 -1 31 -1 30 -2
6689;30 -2
6690;14 -1 31 -1 31 -1 31 -1 21 -1 31 -1 14 -2
7000;14 -2
7001;38 -1 14 -1 41 -2
7002;41 -2
7003;41 -2
7004;41 -2
7005;41 -2
7006;41 -2
7007;41 -2
7008;41 -2
7009;14 -2
7010;41 -2
7011;38 -2
7012;33 -1 36 -2
7013;36 -2
7014;34 -1 36 -1 38 -2
7015;33 -2
7016;14 -1 14 -2
7017;31 -2
7018;30 -2
7019;17 -1 31 -2
7445;14 -1 38 -1 14 -1 31 -2
7446;14 -2
7447;14 -2
7448;14 -2
7449;14 -2
7450;41 -2
7451;31 -2
7452;17 -1 31 -2
7533;14 -2
7534;31 -2
7535;14 -1 38 -1 33 -1 14 -1 38 -1 33 -1 14 -2
7536;41 -2
7537;41 -2
7538;34 -1 36 -1 38 -2
7539;14 -1 41 -2
7540;38 -1 36 -1 38 -1 36 -2
7541;14 -1 31 -2
7542;30 -1 17 -1 31 -2
7932;14 -1 7 -1 6 -1 6 -2
7933;14 -1 41 -2
7934;6 -1 6 -1 6 -2
7935;6 -2
7936;6 -2
7937;6 -1 6 -2
7938;6 -2
7939;6 -2
7940;6 -2
7941;14 -1 31 -2
7942;14 -2
7943;7 -1 38 -1 41 -2
7944;41 -2
7945;31 -1 30 -2
7946;31 -1 30 -2
7947;14 -2
7948;31 -2
7949;14 -1 7 -1 31 -2
7950;14 -1 41 -1 38 -1 33 -2
7951;34 -1 36 -1 38 -1 14 -1 31 -2
7952;17 -1 31 -2
7953;17 -1 31 -2
7954;14 -2
7955;14 -1 31 -1 30 -2
7956;14 -2
7957;14 -2
7958;31 -1 30 -1 14 -1 31 -1 30 -1 30 -2
7959;30 -2
7960;31 -1 30 -2
7961;46 -1 17 -1 30 -2
7962;14 -2
7963;14 -1 31 -1 30 -2
8128;30 -1 14 -1 41 -1 2 -1 41 -2
8129;14 -1 41 -1 41 -2
8130;14 -1 7 -1 14 -1 31 -1 30 -2
8131;14 -1 7 -1 6 -1 6 -1 6 -2
8132;6 -2
8133;6 -1 6 -1 6 -1 6 -2
8134;6 -2
8135;6 -1 6 -2
8136;6 -2
8137;14 -1 31 -1 30 -2
8138;14 -1 31 -1 30 -2
8139;31 -1 31 -1 30 -2
8140;14 -1 31 -1 38 -2
8141;14 -1 31 -2
8142;17 -1 31 -2
8143;31 -1 14 -1 41 -2
8144;31 -2
8145;17 -1 31 -2
8146;14 -1 31 -1 30 -2
8147;46 -1 17 -1 30 -2
8148;30 -2
8149;17 -1 31 -2
8150;14 -1 31 -1 30 -2
8151;14 -1 7 -1 6 -1 6 -1 6 -1 6 -1 6 -1 6 -1 48 -1 48 -1 48 -1 6 -2
8152;6 -2
8153;6 -1 6 -1 14 -1 31 -1 30 -2
8154;6 -2
8155;6 -1 6 -1 6 -2
8156;6 -2
8157;6 -2
8158;6 -1 6 -1 6 -2
8159;6 -2
8160;6 -1 6 -2
8161;6 -1 6 -1 6 -1 6 -2
8162;6 -1 14 -1 31 -1 30 -2
8163;6 -1 30 -2
8164;6 -1 6 -2
8165;6 -2
8166;6 -2
8167;6 -1 6 -1 6 -1 6 -1 6 -1 6 -1 6 -1 6 -1 6 -1 6 -2
8168;6 -2
8169;6 -1 6 -1 6 -1 6 -1 6 -2
8170;6 -1 6 -2
8171;31 -2
8172;31 -1 30 -1 6 -1 6 -2
8173;41 -1 41 -2
8174;14 -1 41 -1 6 -1 6 -1 6 -1 6 -1 6 -1 6 -1 7 -1 5 -1 6 -2
8175;6 -1 6 -1 6 -2
8176;6 -2
8177;6 -1 6 -1 6 -1 6 -1 6 -1 6 -2
8178;31 -1 41 -2
8179;6 -1 6 -2
8180;6 -1 6 -1 6 -1 6 -2
8181;6 -2
8182;6 -1 6 -2
8183;6 -1 6 -1 6 -1 6 -1 6 -1 6 -2
8184;6 -1 6 -1 6 -2
8185;6 -2
8186;6 -1 6 -1 6 -2
8187;6 -1 6 -1 6 -2
8188;6 -1 6 -1 6 -2
8189;6 -1 6 -1 6 -2
8190;41 -1 6 -1 6 -1 6 -2
8191;6 -2
8192;6 -2
8193;6 -1 6 -1 6 -2
8194;6 -1 6 -1 6 -1 6 -1 6 -2
8195;6 -2
8196;6 -2
8197;6 -1 6 -1 6 -2
8198;6 -2
8199;6 -2
8200;6 -1 6 -1 6 -1 6 -1 6 -1 6 -1 6 -1 6 -1 6 -1 6 -1 6 -2
8201;14 -1 31 -1 31 -1 30 -1 30 -2
8202;14 -1 41 -2
8203;41 -1 38 -1 33 -2
8204;38 -1 36 -1 34 -2
8205;14 -2
8206;41 -2
8207;14 -2
8208;14 -1 14 -1 31 -1 30 -2
8209;31 -2
8210;17 -1 30 -2
8211;30 -2
8212;14 -1 31 -1 30 -2
8213;31 -1 30 -1 31 -2
8214;30 -2
8215;14 -2
8216;31 -1 48 -1 31 -1 30 -2
8217;14 -1 7 -1 5 -1 14 -1 31 -1 30 -2
8218;7 -1 6 -1 6 -1 6 -1 14 -1 31 -1 30 -1 6 -1 6 -2
8219;6 -1 6 -2
8220;46 -1 17 -1 30 -1 6 -1 6 -2
8221;6 -1 6 -1 6 -1 6 -1 6 -2
8222;6 -2
8223;6 -1 6 -2
8224;6 -2
8225;6 -1 6 -2
8226;6 -2
8227;6 -1 6 -2
8228;6 -1 6 -1 6 -1 6 -2
8229;6 -1 6 -1 6 -1 6 -2
8230;6 -2
8231;6 -1 6 -2
8232;6 -1 6 -1 6 -2
8233;6 -1 6 -2
8234;6 -2
8235;6 -1 6 -2
8236;6 -1 6 -1 6 -1 6 -1 6 -1 6 -2
8237;6 -2
8238;17 -1 46 -1 30 -2
8961;14 -1 31 -1 41 -2
8962;31 -1 31 -1 30 -1 30 -2
8963;14 -1 7 -1 5 -1 31 -1 30 -1 30 -1 31 -1 38 -2
8964;14 -2
8965;41 -2
8966;41 -2
8967;41 -2
8968;41 -2
8969;41 -2
8970;38 -1 33 -1 36 -2
8971;36 -2
8972;36 -2
8973;36 -2
8974;36 -2
8975;36 -1 38 -1 34 -1 38 -1 38 -1 14 -2
8976;14 -1 31 -2
8977;17 -1 31 -2
8978;41 -2
8979;31 -2
8980;17 -1 31 -1 14 -1 41 -1 41 -1 31 -2
8981;16 -1 31 -1 14 -1 31 -1 31 -1 30 -1 41 -1 41 -2
8982;14 -1 31 -1 30 -2
8983;17 -1 30 -1 14 -2
8984;28 -1 30 -2
8985;14 -1 31 -1 31 -1 30 -2
8986;38 -2
9543;14 -1 31 -1 30 -1 30 -1 14 -1 31 -1 30 -1 17 -1 30 -1 30 -1 14 -2
9544;14 -2
9545;7 -1 14 -1 31 -1 30 -1 6 -2
9546;6 -2
9547;6 -1 6 -2
9548;6 -1 6 -2
9549;6 -2
9550;6 -1 6 -2
9551;6 -2
9552;6 -2
9553;6 -1 6 -1 6 -1 6 -2
9554;6 -1 6 -1 6 -1 6 -2
9555;6 -2
9556;6 -2
9557;6 -1 6 -2
9558;6 -2
9559;6 -2
9560;6 -1 6 -2
9561;14 -1 31 -1 31 -1 30 -1 30 -1 6 -1 6 -1 6 -1 6 -1 6 -1 6 -1 6 -2
9562;6 -1 6 -1 6 -1 6 -1 6 -1 6 -2
9563;31 -2
9564;14 -1 31 -1 30 -2
9565;17 -1 30 -2
9566;14 -1 49 -1 14 -1 31 -2
9567;14 -1 31 -1 14 -1 31 -2
9568;14 -1 31 -1 16 -1 31 -1 14 -1 14 -1 38 -1 2 -1 14 -2
9569;14 -1 14 -2
9570;14 -1 14 -1 38 -1 39 -1 14 -2
9571;14 -2
9572;14 -1 31 -1 30 -2
9573;17 -1 30 -2
9574;14 -1 31 -1 31 -1 31 -1 2 -1 14 -1 3 -1 31 -1 30 -1 41 -1 31 -2
9575;14 -1 38 -1 33 -2
9576;36 -1 34 -1 36 -1 37 -2
9577;38 -2
9578;14 -1 39 -1 38 -1 33 -2
9579;36 -1 37 -1 34 -1 38 -1 14 -1 31 -2
9580;14 -2
9581;14 -2
9582;14 -2
9583;31 -2
9584;17 -1 31 -2
9585;14 -1 31 -2
9586;17 -1 31 -1 14 -2
9819;14 -1 7 -1 31 -1 31 -1 30 -2
9820;7 -2
9821;14 -2
9822;31 -1 30 -1 41 -2
9823;41 -2
9824;31 -1 41 -1 41 -2
9825;41 -2
9826;17 -1 30 -2
9827;14 -1 31 -1 30 -2
9828;14 -1 31 -1 30 -2
9829;41 -1 31 -1 30 -1 14 -1 31 -2
9830;16 -1 31 -2
9831;14 -1 41 -2
9832;14 -2
9833;14 -1 31 -1 30 -1 30 -2
9834;14 -1 31 -1 30 -1 31 -1 30 -1 30 -1 31 -1 30 -1 14 -1 31 -1 30 -2
9835;17 -1 30 -2
9836;14 -1 31 -1 30 -2
9837;14 -1 31 -2
9838;17 -1 31 -2
9839;17 -1 31 -1 31 -1 30 -1 31 -1 30 -1 31 -1 30 -1 31 -1 30 -1 31 -1 30 -1 31 -1 32 -1 14 -1 38 -1 33 -2
9840;31 -1 41 -2
9841;36 -1 34 -1 37 -2
9842;38 -2
9843;31 -1 38 -2
9844;14 -1 31 -1 30 -2
9845;14 -2
9846;17 -1 30 -2
9847;14 -1 31 -1 30 -2
9848;14 -1 31 -2
9849;14 -1 31 -2
9850;31 -2
9851;14 -1 31 -2
9852;31 -1 31 -2
9853;14 -1 31 -1 2 -2
9854;14 -2
9855;14 -1 31 -2
9856;14 -1 31 -1 31 -1 31 -2
9857;14 -1 31 -1 30 -1 14 -2
9858;14 -1 31 -1 30 -2
10034;14 -1 31 -2
10035;14 -1 41 -2
10036;41 -1 41 -1 41 -2
10037;7 -1 5 -1 48 -1 5 -2
10038;14 -1 41 -2
10039;31 -2
10040;30 -1 17 -1 31 -2
10041;14 -1 39 -1 38 -1 33 -2
10042;14 -1 41 -1 41 -1 38 -1 36 -2
10043;36 -2
10044;2 -2
10045;14 -1 49 -1 48 -1 29 -1 48 -1 4 -2
10046;34 -1 37 -1 36 -1 14 -2
10047;14 -1 31 -2
10048;14 -1 14 -2
10049;14 -1 14 -1 32 -2
10050;14 -1 3 -1 31 -2
10051;14 -1 31 -1 30 -1 30 -2
10052;48 -1 14 -2
10053;31 -1 30 -1 48 -1 30 -2
10054;14 -1 3 -1 2 -1 41 -1 41 -1 41 -1 41 -1 14 -1 41 -2
10055;41 -2
10056;31 -1 14 -1 31 -1 14 -2
10057;31 -1 7 -1 31 -1 30 -2
10058;31 -1 14 -1 31 -1 14 -1 31 -1 48 -1 30 -2
10059;17 -1 30 -2
10060;31 -1 30 -2
10061;30 -2
10062;17 -1 30 -1 14 -1 41 -2
10063;14 -1 41 -1 41 -1 41 -1 41 -1 41 -2
10064;17 -1 30 -2
10065;48 -1 30 -1 48 -2
10066;48 -1 49 -1 49 -1 48 -1 49 -1 49 -1 48 -2
10067;31 -2
10068;14 -2
10069;14 -1 7 -1 8 -1 7 -2
10070;14 -2
10071;17 -1 30 -2
10268;38 -1 14 -1 31 -1 41 -2
10269;38 -1 33 -2
10270;36 -2
10271;36 -1 36 -1 36 -2
10272;36 -1 34 -1 36 -1 37 -1 38 -2
11392;14 -1 31 -2
11393;14 -2
11394;14 -2
11395;14 -2
11396;14 -1 31 -1 30 -1 30 -1 31 -1 31 -1 38 -1 31 -1 30 -1 14 -1 41 -2
11397;14 -2
11398;14 -1 14 -1 31 -2
11399;41 -2
11400;31 -2
11401;14 -1 41 -1 41 -2
11402;41 -1 41 -1 41 -2
11403;41 -2
11404;14 -1 41 -2
11405;41 -1 31 -2
11406;14 -2
11407;14 -1 31 -2
11408;17 -1 31 -2
11409;17 -1 31 -1 31 -1 31 -1 14 -1 38 -1 33 -1 14 -2
11410;39 -1 14 -2
11411;49 -1 14 -2
11412;41 -2
11413;41 -2
11414;49 -2
11415;41 -2
11416;32 -1 36 -1 34 -1 38 -2
11417;14 -1 38 -1 37 -1 14 -1 38 -1 37 -1 14 -1 38 -1 33 -2
11418;36 -1 34 -1 38 -1 14 -1 38 -2
11419;14 -1 38 -1 31 -1 48 -1 14 -1 14 -2
13260;14 -1 38 -1 36 -2
13261;36 -1 34 -1 38 -1 38 -1 14 -1 2 -1 14 -1 14 -1 31 -1 14 -1 41 -2
13262;14 -1 14 -1 7 -1 5 -1 5 -2
13263;14 -1 14 -1 31 -1 48 -1 30 -1 14 -1 31 -1 14 -1 12 -1 11 -1 48 -1 29 -1 30 -2
13264;14 -1 31 -1 14 -2
13265;14 -1 7 -1 5 -1 5 -1 7 -1 14 -2
13266;31 -2
13267;7 -2
13268;6 -2
13269;6 -1 14 -2
13270;6 -2
13271;6 -2
13272;6 -2
13273;6 -1 6 -1 6 -2
13274;6 -2
13275;6 -2
13276;41 -1 41 -2
13277;41 -2
13278;6 -2
13279;6 -1 6 -2
13280;6 -2
13281;7 -1 5 -1 5 -2
13282;14 -2
13283;14 -1 31 -1 30 -1 14 -1 14 -1 7 -1 5 -1 5 -1 5 -2
13284;14 -2
13285;14 -1 31 -2
13286;14 -1 14 -1 41 -2
13287;14 -2
13288;7 -1 5 -1 5 -2
13289;14 -1 11 -2
13290;14 -1 31 -2
13291;17 -1 31 -1 14 -1 2 -1 14 -2
13292;14 -1 31 -1 14 -1 14 -2
13293;14 -1 14 -2
13294;14 -2
13295;14 -2
13296;14 -1 31 -1 14 -1 14 -2
13297;14 -1 31 -1 30 -1 14 -1 31 -1 30 -1 31 -1 30 -1 14 -1 38 -1 37 -1 14 -1 14 -1 31 -1 30 -1 14 -1 31 -1 30 -1 30 -1 14 -1 41 -1 31 -1 30 -1 48 -1 29 -2
13298;14 -1 31 -1 30 -1 14 -2
15104;30 -2
15105;14 -1 38 -1 31 -2
15106;31 -1 30 -2
15107;17 -1 30 -1 31 -2
15108;41 -2
15109;41 -2
15110;41 -2
15111;31 -2
15112;14 -1 31 -1 30 -1 38 -1 33 -2
15113;38 -1 34 -1 36 -1 14 -1 7 -1 5 -1 31 -1 30 -2
15114;31 -2
15115;7 -2
15116;14 -1 7 -2
15117;6 -1 48 -2
15118;6 -1 6 -1 6 -2
15119;14 -1 31 -2
15120;7 -2
15121;31 -2
15122;14 -1 39 -1 32 -1 31 -2
15123;14 -1 31 -1 30 -1 41 -2
15124;31 -1 30 -1 30 -1 30 -2
15125;30 -2
15126;14 -2
15127;38 -2
15128;31 -1 30 -2
15129;30 -2
15130;38 -1 31 -1 30 -1 31 -2
15131;48 -2
15132;31 -1 31 -2
15133;31 -1 30 -1 48 -2
15134;30 -2
15135;14 -2
15136;31 -1 30 -2
15137;46 -1 17 -1 30 -1 14 -1 31 -1 7 -1 6 -1 6 -1 6 -1 6 -1 6 -2
15138;31 -1 30 -1 48 -1 48 -1 6 -1 6 -2
15139;6 -2
15140;30 -2
15141;6 -2
15142;6 -2
15143;6 -1 6 -1 6 -1 6 -1 6 -2
15144;6 -2
15145;30 -2
15146;30 -2
15147;6 -1 6 -1 6 -1 6 -1 6 -1 30 -2
15148;6 -1 6 -2
15149;6 -1 6 -2
15150;7 -2
15151;31 -1 6 -1 30 -2
15152;48 -1 48 -2
15153;14 -1 31 -1 30 -2
15154;17 -1 30 -2
15155;14 -1 31 -1 30 -2
15156;14 -1 31 -1 30 -2
15157;14 -1 31 -1 30 -2
15158;46 -1 17 -1 30 -2
15159;14 -1 31 -1 30 -2
15160;17 -1 30 -1 14 -1 31 -2
15161;17 -1 31 -1 48 -2
15162;17 -1 31 -1 48 -1 48 -1 48 -2
15163;17 -1 31 -2
15164;28 -1 31 -1 14 -1 31 -1 38 -1 7 -2
15165;14 -1 7 -1 6 -1 6 -1 6 -2
15166;6 -2
15167;6 -1 6 -2
15168;6 -2
15169;6 -1 6 -1 6 -2
15170;6 -2
15171;6 -2
15172;31 -1 30 -2
15173;6 -2
15174;17 -1 46 -1 30 -2
15175;14 -1 7 -1 7 -1 6 -2
15176;6 -1 6 -1 31 -1 30 -2
15177;6 -2
15178;46 -1 17 -1 30 -1 14 -1 7 -1 6 -2
15179;6 -1 6 -1 5 -1 5 -2
15180;6 -1 6 -2
15181;6 -1 6 -1 6 -1 6 -1 6 -2
15182;6 -2
15183;14 -1 31 -1 41 -2
15184;31 -1 2 -1 31 -2
15185;31 -1 30 -1 30 -2
15186;31 -1 30 -2
15483;14 -1 31 -1 30 -2
15484;17 -1 30 -2
15485;31 -1 30 -2
15486;17 -1 30 -1 14 -1 7 -2
15487;14 -2
15488;31 -1 30 -1 31 -1 48 -1 48 -1 14 -1 49 -1 49 -1 48 -1 48 -2
15489;14 -2
15490;31 -1 30 -2
15491;17 -1 30 -2
15492;14 -2
15493;7 -1 14 -1 31 -1 30 -1 48 -1 14 -1 49 -1 49 -1 49 -1 49 -1 48 -2
15494;14 -1 31 -1 31 -1 30 -2
15495;17 -1 30 -2
15496;14 -1 41 -2
15497;41 -2
15498;14 -1 7 -1 6 -1 14 -1 31 -1 30 -2
15499;6 -1 6 -1 6 -1 6 -2
15500;6 -1 6 -2
15501;6 -1 6 -2
15502;6 -2
15503;6 -2
15504;6 -1 6 -1 6 -2
15505;6 -2
15506;6 -1 6 -1 6 -2
15507;6 -2
15508;6 -2
15509;6 -1 6 -2
15510;6 -1 6 -2
15511;6 -1 6 -2
15512;6 -1 6 -1 6 -1 6 -2
15513;6 -1 6 -1 30 -1 31 -2
15514;14 -1 14 -1 38 -1 14 -1 38 -1 39 -1 14 -2
15515;14 -2
15516;31 -1 48 -1 30 -2
15517;31 -1 30 -1 31 -2
15518;31 -1 31 -1 31 -1 30 -2
15519;39 -1 38 -1 38 -1 38 -2
15520;14 -1 38 -1 33 -2
15521;36 -1 36 -1 37 -1 34 -1 38 -2
15522;14 -2
15523;14 -2
15524;14 -1 31 -1 17 -1 31 -2
15525;17 -1 31 -2
22613;14 -1 38 -1 31 -2
22614;14 -1 31 -1 30 -2
22615;14 -1 41 -1 41 -1 41 -2
22616;17 -1 30 -2
22617;7 -2
22618;41 -1 41 -1 41 -1 41 -2
22619;48 -1 48 -2
22620;14 -1 7 -1 31 -1 30 -2
22621;17 -1 30 -1 7 -2
22622;14 -1 7 -1 14 -1 41 -1 31 -1 30 -2
22623;17 -1 30 -2
22624;6 -1 6 -1 6 -1 48 -1 48 -1 48 -1 48 -2
22625;6 -1 6 -1 14 -1 41 -2
22626;6 -1 6 -2
22627;6 -2
22628;6 -2
22629;6 -1 6 -1 6 -2
22630;6 -2
22631;6 -2
22632;6 -2
22633;6 -1 6 -1 6 -1 6 -1 31 -1 31 -1 30 -2
22634;6 -2
22635;6 -2
22636;6 -2
22637;6 -1 6 -2
22638;14 -2
26963;41 -2
26964;38 -1 33 -2
26965;36 -2
26966;36 -2
26967;36 -2
26968;36 -2
26969;36 -1 34 -1 36 -1 37 -1 38 -1 14 -1 41 -1 31 -2
26970;48 -2
26971;30 -1 30 -1 48 -2
26972;17 -1 31 -2
26973;14 -1 31 -1 14 -2
26974;41 -1 31 -1 11 -1 30 -2
26975;17 -1 30 -1 14 -2
26976;30 -2
26977;31 -1 30 -1 14 -2
26978;11 -2
31293;14 -2
31294;14 -2
31295;41 -2
31296;41 -2
31297;14 -1 41 -1 41 -2
31298;14 -1 41 -2
31299;14 -2
31300;14 -2
31301;14 -1 41 -1 41 -1 41 -2
31302;41 -2
31303;41 -1 41 -1 38 -1 33 -2
31304;36 -1 36 -1 38 -1 34 -1 14 -1 31 -2
31305;30 -2
31306;17 -1 31 -1 31 -1 14 -1 31 -1 31 -1 30 -1 30 -1 30 -1 30 -1 41 -2
31307;14 -2
31308;14 -1 31 -1 41 -2
31309;41 -1 41 -1 41 -2
31310;14 -2
31311;14 -1 41 -1 41 -2
31312;41 -2
31313;14 -1 14 -1 31 -1 30 -1 14 -1 31 -1 31 -1 31 -1 30 -1 30 -1 30 -1 30 -1 41 -2
31314;14 -1 31 -2
31315;17 -1 31 -2
31316;14 -2
31317;14 -2
31318;14 -1 31 -2
31319;41 -2
31320;14 -2
31321;14 -2
31322;31 -1 41 -2
31323;31 -1 14 -1 41 -2
31324;16 -1 14 -1 31 -1 30 -1 14 -2
31325;17 -1 30 -2
31326;14 -1 41 -2
31327;14 -1 31 -1 30 -1 31 -1 49 -1 14 -2
31328;14 -1 31 -1 30 -2
31329;14 -1 41 -1 31 -1 30 -2
31330;14 -1 41 -2
31331;17 -1 30 -2
31332;28 -1 30 -1 14 -2
33079;14 -1 31 -1 30 -1 30 -1 30 -1 30 -1 30 -2
33080;14 -1 31 -1 30 -2
33081;14 -1 31 -1 30 -2
33082;31 -1 30 -2
33083;30 -1 30 -1 30 -2
33084;14 -1 41 -1 11 -1 41 -1 31 -1 30 -1 30 -1 38 -2
33085;33 -2
33086;36 -1 14 -1 31 -1 38 -1 14 -1 41 -1 41 -2
33087;41 -2
33088;41 -2
33089;14 -1 7 -1 31 -1 30 -1 30 -1 30 -1 30 -1 41 -1 41 -2
33090;41 -2
33091;41 -2
33092;14 -2
33093;14 -1 41 -1 31 -1 30 -1 30 -2
33094;14 -1 31 -1 30 -1 30 -1 30 -1 41 -1 41 -2
33095;41 -1 31 -1 31 -1 48 -1 30 -1 30 -1 31 -1 30 -1 30 -1 30 -1 30 -2
33096;48 -1 30 -1 48 -2
33097;30 -1 30 -1 30 -1 30 -1 30 -1 30 -1 30 -1 30 -2
33098;30 -1 30 -1 30 -1 30 -1 30 -1 30 -2
33099;30 -1 30 -1 30 -2
33100;30 -2
33101;17 -1 31 -1 30 -1 14 -1 41 -2
33102;14 -1 31 -1 38 -2
33103;14 -1 41 -2
33104;14 -1 38 -1 38 -1 36 -2
33105;34 -1 36 -1 38 -1 39 -2
33106;14 -1 38 -1 14 -1 31 -1 14 -1 31 -1 14 -2
33107;41 -1 41 -1 11 -1 41 -1 7 -1 41 -2
33310;14 -2
33311;31 -1 31 -2
33312;31 -1 30 -1 17 -1 30 -1 30 -2
33313;14 -1 31 -1 31 -1 30 -2
33314;17 -1 46 -1 30 -2
33315;14 -1 31 -1 30 -1 17 -1 30 -2
33316;14 -2
33317;31 -1 30 -2
33318;14 -2
33319;31 -1 30 -2
33320;14 -1 41 -2
33321;31 -1 41 -2
33322;7 -1 6 -2
33323;14 -2
33324;6 -2
33325;6 -2
33326;6 -1 6 -2
33327;6 -2
33328;6 -2
33329;6 -2
33330;6 -2
33331;6 -2
33332;6 -1 6 -2
33333;6 -2
33334;6 -2
33335;11 -1 14 -2
33336;6 -2
33337;6 -1 6 -1 42 -1 14 -1 31 -1 30 -1 32 -1 14 -1 14 -2
33338;14 -1 39 -1 3 -1 32 -2
33339;14 -1 38 -1 33 -2
33340;36 -1 37 -1 36 -1 34 -2
33341;38 -1 14 -1 39 -1 14 -1 31 -2
33342;17 -1 31 -2
33343;14 -1 31 -1 30 -1 14 -2
33344;14 -1 31 -2
33345;14 -1 31 -1 30 -2
33346;14 -2
33347;14 -1 39 -1 3 -2
33348;30 -2
33349;31 -1 14 -1 2 -1 41 -1 41 -2
33350;31 -1 30 -2
37833;14 -2
37834;14 -2
37835;38 -1 31 -2
37836;30 -2
37837;14 -2
37838;38 -1 31 -1 30 -1 30 -1 30 -2
37839;30 -1 14 -2
37840;38 -2
41536;2 -2
41537;14 -2
41538;14 -1 31 -1 30 -1 48 -2
41539;31 -1 30 -1 30 -1 31 -1 31 -1 30 -1 7 -2
41540;6 -1 6 -1 14 -1 41 -2
41541;6 -1 6 -2
41542;6 -1 6 -1 41 -1 41 -1 41 -2
41543;6 -2
41544;48 -1 48 -2
41545;6 -2
41546;14 -1 31 -1 30 -2
41547;14 -1 31 -1 38 -1 33 -2
41548;14 -1 41 -2
41549;41 -2
41550;41 -2
41551;34 -1 36 -1 38 -1 14 -2
41552;14 -1 31 -2
41553;14 -1 31 -2
41554;17 -1 31 -2
41555;17 -1 31 -1 19 -1 31 -2
41556;14 -1 31 -2
41557;17 -1 31 -2
42185;14 -2
42186;14 -1 41 -2
42187;14 -1 41 -2
42188;14 -2
42189;17 -1 30 -2
42190;38 -1 39 -1 14 -1 31 -2
42191;14 -1 38 -1 14 -2
42192;14 -2
42193;41 -2
42194;41 -2
42195;31 -2
42196;31 -2
42197;14 -1 31 -2
42198;17 -1 31 -2
42199;2 -2
42200;14 -2
42201;14 -2
42202;14 -2
42203;14 -1 38 -1 14 -1 41 -1 33 -2
42204;36 -1 37 -1 34 -2
42205;38 -1 33 -2
42206;34 -1 36 -1 37 -1 38 -1 14 -2
42207;17 -1 31 -2
42208;48 -1 14 -1 31 -1 38 -2
42209;14 -2
43396;38 -1 14 -1 38 -1 14 -1 38 -1 14 -1 39 -1 31 -1 31 -1 48 -2
43397;14 -2
43398;14 -1 31 -1 30 -2
43399;17 -1 30 -1 48 -1 14 -2
43400;14 -1 38 -1 33 -2
43401;36 -1 34 -1 38 -1 14 -2
43402;14 -1 31 -1 17 -1 31 -2
43403;17 -1 31 -2
43655;14 -1 38 -2
43656;31 -1 31 -2
43657;31 -1 30 -1 31 -1 11 -2
43658;31 -1 41 -1 31 -1 7 -1 31 -2
43659;14 -2
43660;14 -1 31 -2
43661;41 -1 31 -1 30 -1 7 -1 31 -1 30 -1 30 -1 30 -2
43662;14 -2
43663;31 -2
43664;17 -1 31 -2
43665;14 -1 38 -1 33 -2
43666;36 -2
43667;36 -1 36 -1 36 -1 36 -1 36 -1 36 -1 36 -1 36 -2
43668;36 -1 36 -1 34 -1 38 -1 38 -1 38 -2
43669;14 -1 41 -2
43670;38 -1 33 -1 36 -1 36 -1 36 -1 36 -1 36 -1 36 -1 36 -1 36 -1 36 -1 36 -1 36 -1 36 -1 36 -1 36 -1 36 -1 34 -1 38 -1 36 -1 38 -1 14 -1 38 -1 14 -1 41 -1 14 -1 38 -2
52747;14 -1 2 -1 31 -1 31 -2
52748;7 -1 38 -1 31 -1 2 -2
52749;14 -1 31 -1 31 -1 30 -1 31 -1 2 -2
52750;31 -1 41 -2
52751;14 -1 38 -1 31 -1 7 -1 31 -1 31 -1 30 -1 30 -1 30 -1 30 -1 2 -1 41 -1 41 -2
52752;41 -2
52753;14 -1 41 -1 41 -1 31 -1 30 -1 48 -2
52754;30 -1 14 -2
52755;31 -1 38 -1 33 -2
52756;36 -2
52757;36 -2
52758;36 -2
52759;36 -1 36 -1 37 -1 34 -2
52760;38 -1 14 -1 41 -1 14 -1 7 -1 14 -1 41 -2
52761;31 -2
52762;17 -1 31 -2
52763;17 -1 31 -1 14 -1 41 -1 14 -1 31 -1 14 -1 38 -1 33 -1 36 -2
52764;36 -1 36 -2
52765;36 -2
52766;36 -2
52767;36 -2
52768;36 -1 36 -1 36 -1 36 -1 36 -2
52769;37 -1 36 -1 34 -2
52770;38 -1 14 -1 31 -1 30 -2
52771;17 -1 30 -2
52772;14 -1 41 -1 14 -1 41 -1 31 -1 41 -1 41 -2
52773;2 -1 41 -1 41 -2
52774;14 -1 2 -1 38 -2
52775;14 -1 41 -1 31 -1 30 -1 41 -2
52936;14 -1 38 -2
52937;14 -2
52938;31 -1 30 -2
52939;17 -1 30 -1 14 -2
52940;31 -2
52941;7 -1 31 -2
52942;14 -1 31 -1 30 -2
52943;14 -1 31 -1 30 -1 30 -2
52944;14 -2
52945;14 -2
52946;31 -1 30 -1 30 -1 30 -1 30 -1 30 -1 7 -2
52947;31 -1 14 -1 39 -1 38 -1 32 -2
52948;42 -1 3 -1 2 -2
52949;2 -2
52950;31 -1 31 -1 30 -1 31 -1 30 -1 30 -1 31 -1 30 -2
52951;16 -1 31 -1 14 -1 38 -1 31 -2
52952;38 -1 33 -2
52953;36 -2
52954;36 -1 34 -1 37 -2
52955;38 -1 33 -2
52956;36 -1 34 -1 36 -1 37 -1 38 -1 14 -1 31 -1 30 -2
52957;17 -1 30 -1 14 -2
52958;31 -2
52959;31 -1 30 -2
52960;14 -1 31 -1 30 -2
52961;31 -1 30 -1 31 -2
52962;17 -1 31 -2
52963;17 -1 31 -1 28 -1 31 -2
52964;17 -1 31 -1 31 -1 31 -1 14 -1 2 -1 14 -1 31 -1 14 -1 41 -2
52965;31 -1 30 -2
52966;17 -1 30 -2
52967;14 -1 31 -1 30 -2
52968;30 -1 30 -1 2 -1 48 -2
52969;29 -2
52970;30 -1 29 -1 4 -1 31 -1 30 -2
52971;14 -1 31 -1 30 -2
52972;46 -1 17 -1 30 -1 14 -1 31 -1 30 -2
52973;30 -2
53428;14 -1 41 -2
53429;14 -1 7 -1 41 -2
53430;14 -2
53431;31 -2
53432;48 -2
53433;31 -2
53434;14 -2
53435;41 -1 41 -1 41 -1 41 -2
53436;41 -2
53437;14 -2
53438;38 -1 41 -1 41 -1 31 -2
53439;14 -1 38 -1 41 -2
53440;33 -2
53441;36 -1 34 -1 38 -1 14 -1 41 -2
53442;31 -1 30 -2
53443;17 -1 30 -2
53634;14 -1 7 -1 6 -1 6 -2
53635;14 -1 31 -1 30 -1 6 -2
53636;6 -1 6 -1 6 -1 6 -2
53637;6 -2
53638;6 -1 6 -2
53639;6 -2
53640;6 -1 6 -1 6 -1 6 -2
53641;6 -1 6 -1 6 -1 6 -1 6 -1 6 -1 6 -1 6 -2
53642;6 -1 14 -1 31 -1 14 -1 6 -1 6 -1 41 -1 6 -2
53643;6 -2
53644;41 -1 6 -2
53645;6 -2
53646;6 -1 6 -2
53647;6 -1 6 -2
53648;6 -2
53649;6 -1 6 -2
53650;6 -1 6 -1 6 -2
53651;6 -1 6 -2
53652;6 -1 6 -1 6 -2
53653;31 -2
53654;17 -1 31 -2
53655;14 -2
53656;31 -2
53657;17 -1 31 -2
53658;17 -1 31 -1 14 -2
53659;14 -1 31 -1 31 -1 30 -2
53660;14 -2
53661;14 -1 7 -2
53662;14 -1 14 -2
53663;14 -1 7 -2
53664;14 -1 41 -2
53665;11 -2
53666;48 -2
53667;48 -1 29 -2
53668;14 -2
53669;7 -2
53670;6 -1 6 -2
53671;6 -2
53672;14 -1 31 -2
53673;38 -2
53674;14 -1 31 -1 7 -1 38 -1 33 -2
53675;36 -1 34 -1 38 -1 14 -2
53676;14 -1 31 -1 31 -1 31 -2
53677;30 -2
54150;14 -2
54151;14 -2
54152;14 -1 14 -2
54153;14 -2
54154;14 -2
54155;38 -2
54156;14 -1 38 -1 33 -2
54157;41 -2
54158;38 -1 36 -2
54159;36 -1 34 -1 36 -1 38 -1 38 -1 14 -1 41 -2
54160;31 -2
54161;14 -1 38 -1 14 -1 38 -1 31 -1 31 -2
54569;14 -1 2 -2
54570;31 -2
54571;17 -1 31 -2
54572;30 -2
54573;17 -1 31 -1 31 -1 32 -1 14 -2
54574;41 -2
54575;41 -2
54576;14 -1 14 -2
54627;14 -2
55001;14 -1 31 -1 30 -2
55002;17 -1 30 -1 30 -1 28 -1 30 -2
55003;30 -1 30 -1 30 -1 30 -2
55004;30 -2
55005;17 -1 30 -1 30 -2
55006;28 -1 46 -1 30 -2
55007;2 -2
55008;14 -1 31 -1 30 -2
55009;30 -1 30 -1 30 -1 30 -1 30 -2
55010;30 -2
55011;14 -1 31 -2
55012;31 -1 30 -2
55013;14 -1 41 -2
55014;31 -2
55015;31 -2
55016;17 -1 31 -2
55017;14 -1 31 -2
55018;17 -1 31 -2
55019;14 -2
55020;2 -2
55021;38 -1 14 -1 38 -1 38 -1 14 -1 38 -2
55022;2 -1 38 -1 33 -2
55023;34 -1 36 -1 38 -1 14 -2
55651;14 -1 38 -1 38 -1 37 -1 33 -1 37 -2
55652;36 -2
55653;34 -1 36 -1 37 -1 38 -1 33 -1 14 -2
55654;36 -2
55655;34 -1 36 -1 38 -1 38 -1 38 -1 33 -2
55656;36 -1 38 -1 34 -1 38 -1 38 -1 37 -2
55657;38 -1 14 -1 14 -1 14 -1 31 -2
55658;31 -2
55659;31 -1 7 -1 5 -1 5 -1 14 -1 38 -2
55660;14 -1 48 -1 31 -2
56442;14 -1 3 -1 2 -1 39 -1 14 -1 42 -1 14 -1 31 -1 30 -2
56443;17 -1 30 -1 31 -1 14 -1 14 -1 31 -1 32 -1 14 -2
56444;2 -2
56445;14 -1 31 -1 30 -2
56446;14 -1 41 -2
56447;41 -1 41 -2
56448;31 -1 30 -2
56449;17 -1 30 -1 14 -2
56450;31 -1 30 -1 30 -1 30 -2
56451;30 -1 30 -1 30 -2
56452;31 -1 30 -2
56453;14 -1 14 -1 14 -1 7 -2
56454;14 -1 14 -1 31 -1 30 -1 31 -2
56455;30 -2
56456;46 -1 17 -1 30 -2
56457;32 -1 14 -1 2 -1 48 -1 14 -2
56458;6 -1 6 -1 2 -2
56459;3 -1 14 -1 31 -1 14 -1 41 -1 41 -2
56460;41 -2
56461;31 -1 31 -2
56462;31 -2
56463;31 -2
56464;17 -1 31 -1 32 -1 14 -1 38 -1 14 -1 38 -1 14 -1 38 -1 14 -1 14 -1 2 -1 14 -1 38 -1 31 -1 14 -1 30 -1 38 -1 33 -1 36 -1 39 -1 38 -1 14 -1 39 -1 38 -1 14 -1 14 -1 14 -1 14 -1 41 -1 31 -1 30 -2
56465;38 -1 39 -2
56466;38 -1 38 -1 36 -2
56467;38 -1 36 -1 34 -1 39 -1 38 -1 38 -1 14 -1 3 -1 31 -2
56468;17 -1 31 -1 32 -1 14 -1 14 -1 14 -1 31 -1 14 -1 31 -2
56469;31 -1 30 -2
56470;14 -2
56471;8 -1 49 -2
56472;32 -1 31 -2
56473;30 -2
56474;31 -1 14 -1 14 -1 11 -1 48 -1 48 -1 14 -1 14 -1 14 -1 14 -1 31 -1 30 -2
56475;30 -2
56476;17 -1 30 -1 31 -1 30 -2
56477;30 -2
56478;14 -1 31 -1 30 -2
56479;48 -2
56480;30 -2
56481;48 -2
56482;14 -2
56483;14 -1 39 -1 38 -1 14 -1 39 -1 38 -1 38 -1 39 -1 38 -1 33 -1 38 -1 39 -1 14 -1 3 -1 14 -1 2 -1 14 -1 14 -1 38 -1 31 -1 14 -1 31 -2
56484;30 -1 31 -2
56485;17 -1 31 -1 28 -1 31 -2
56486;28 -1 31 -1 32 -1 14 -1 42 -1 32 -1 31 -1 30 -2
56487;17 -1 30 -2
56488;31 -2
56489;48 -1 48 -1 47 -1 14 -2
56490;14 -1 12 -1 32 -1 31 -1 31 -2
56491;14 -1 14 -1 39 -1 38 -1 3 -1 3 -1 2 -1 14 -1 14 -1 14 -1 31 -1 30 -2
56826;14 -1 14 -1 41 -2
56827;14 -1 31 -1 32 -1 31 -1 30 -1 31 -1 30 -1 31 -1 30 -1 31 -1 30 -1 14 -1 38 -1 14 -2
56828;14 -2
56829;14 -2
56830;2 -1 48 -2
56831;14 -2
56832;14 -2
56833;14 -1 14 -1 41 -1 41 -2
56834;38 -1 33 -2
56835;36 -1 14 -1 41 -2
56836;38 -1 36 -2
56837;36 -1 34 -1 38 -1 14 -2
56838;41 -1 31 -1 30 -2
56839;17 -1 30 -1 14 -1 31 -2
56840;17 -1 31 -2
56841;14 -1 41 -2
56842;14 -1 41 -2
57082;48 -1 14 -1 32 -1 24 -1 32 -1 24 -1 32 -1 31 -1 30 -1 30 -1 31 -1 30 -1 30 -1 17 -1 30 -1 32 -1 14 -1 41 -2
57083;41 -1 31 -1 32 -1 24 -1 32 -1 31 -1 32 -1 14 -1 11 -1 14 -1 31 -2
57084;16 -1 31 -1 30 -1 18 -1 31 -2
57085;16 -1 31 -1 14 -1 41 -2
57086;41 -1 41 -2
57087;14 -1 48 -2
57088;14 -2
57089;14 -1 31 -1 31 -1 14 -1 41 -2
57090;41 -2
57091;48 -1 14 -1 41 -1 41 -1 31 -2
57092;17 -1 31 -2
57093;48 -1 14 -1 31 -1 30 -1 41 -2
57094;14 -2
57095;48 -1 14 -2
57096;14 -1 41 -2
57097;14 -1 31 -2
57098;14 -1 41 -1 41 -1 31 -1 30 -2
57099;17 -1 30 -2
57100;14 -2
57101;41 -1 41 -2
57102;31 -2
57103;17 -1 31 -2
57104;28 -1 31 -2
57105;14 -2
57106;31 -2
57107;17 -1 31 -1 14 -1 39 -1 38 -1 14 -1 41 -1 31 -1 30 -2
57108;14 -1 41 -2
57109;17 -1 30 -1 28 -1 30 -1 48 -1 48 -1 29 -1 29 -1 14 -1 3 -1 39 -1 42 -1 41 -1 31 -1 31 -1 30 -1 30 -1 19 -1 17 -1 30 -1 41 -2
57110;41 -1 41 -1 14 -1 39 -1 12 -1 11 -1 14 -1 14 -1 32 -1 31 -1 30 -1 31 -1 30 -1 31 -1 30 -1 31 -1 30 -1 32 -1 31 -1 14 -2
57111;48 -1 13 -1 14 -1 48 -2
57112;14 -1 38 -1 33 -2
57113;36 -1 38 -1 34 -1 38 -1 38 -1 38 -1 38 -1 14 -1 31 -1 14 -1 38 -1 38 -1 14 -1 38 -1 38 -1 14 -1 38 -1 32 -1 31 -2
57114;16 -1 31 -2
57115;14 -1 38 -1 37 -1 14 -1 38 -1 33 -2
57116;36 -1 34 -1 38 -1 38 -1 14 -1 38 -1 38 -1 37 -1 38 -2
57117;14 -1 31 -1 14 -1 31 -1 30 -2
57118;14 -1 31 -1 30 -2
57119;17 -1 30 -1 28 -1 30 -1 28 -1 30 -2
57120;17 -1 30 -2
57121;28 -1 30 -2
57122;17 -1 30 -1 14 -1 32 -1 31 -1 30 -2
57123;17 -1 30 -1 14 -1 38 -1 37 -1 14 -2
57124;48 -1 14 -1 31 -1 31 -1 30 -2
57125;17 -1 30 -2
57126;14 -1 41 -2
57127;17 -1 30 -2
57128;17 -1 30 -2
57129;30 -1 48 -2
57130;30 -2
57131;30 -2
57132;30 -2
57133;14 -2
57134;31 -1 30 -2
57135;17 -1 30 -2
57136;28 -1 30 -2
57313;14 -1 41 -2
57314;31 -2
57315;14 -1 31 -1 17 -1 31 -2
57316;14 -1 31 -1 41 -2
57317;14 -1 38 -1 33 -2
57318;14 -2
57319;31 -1 38 -1 36 -1 36 -1 36 -1 36 -1 36 -1 36 -1 36 -1 37 -1 34 -1 38 -2
57608;14 -1 31 -1 30 -2
57609;17 -1 30 -1 30 -1 14 -1 31 -1 30 -1 30 -1 30 -2
57610;14 -1 7 -2
57611;11 -2
57612;11 -1 31 -1 30 -2
57613;6 -2
57614;30 -1 14 -1 8 -1 7 -2
57615;7 -1 31 -1 30 -2
57616;6 -2
57617;6 -2
57618;6 -1 6 -2
57619;6 -2
57620;6 -1 6 -2
57621;31 -1 30 -2
57622;14 -2
57623;6 -2
57624;31 -1 41 -2
57625;14 -1 31 -1 30 -2
57626;14 -1 31 -1 30 -1 41 -2
57627;31 -1 30 -2
57628;41 -2
57629;17 -1 30 -2
57630;41 -2
57631;41 -2
57632;14 -1 31 -1 30 -2
57633;17 -1 30 -2
57634;14 -1 11 -2
57635;14 -1 31 -1 30 -2
57636;48 -2
57637;17 -1 30 -2
57638;14 -2
57639;14 -1 38 -2
57640;7 -2
57641;38 -2
57642;38 -1 33 -2
57643;14 -1 41 -2
57644;36 -1 34 -1 38 -2
57645;14 -1 38 -1 14 -1 31 -2
57646;17 -1 31 -2
57647;17 -1 31 -1 14 -2
57648;31 -1 30 -2
57649;14 -1 31 -1 30 -2
57650;11 -1 31 -1 30 -2
57651;17 -1 30 -2
57652;17 -1 30 -2
57653;14 -1 41 -1 31 -1 30 -2
57654;41 -2
57655;31 -1 30 -2
57656;31 -1 30 -1 17 -1 46 -1 30 -2
57657;14 -2
57658;31 -1 48 -2
57659;48 -1 31 -2
57660;30 -2
57661;30 -2
57662;14 -1 41 -2
57663;41 -2
57664;31 -1 30 -2
57665;46 -1 17 -1 30 -2
57666;14 -1 14 -2
57781;14 -1 38 -1 33 -1 31 -2
57782;31 -1 30 -1 30 -1 30 -1 2 -2
57987;14 -1 31 -1 30 -1 14 -1 7 -1 5 -1 5 -1 5 -2
57988;5 -2
57989;14 -2
57990;14 -2
57991;41 -2
57992;38 -1 33 -2
57993;39 -1 38 -1 14 -1 41 -2
57994;41 -1 41 -2
57995;41 -2
57996;14 -1 41 -2
57997;14 -2
57998;41 -2
57999;14 -1 41 -2
58000;41 -2
58001;36 -1 14 -1 14 -2
58002;41 -2
58003;14 -1 38 -1 36 -2
58004;36 -1 34 -1 38 -1 38 -1 38 -1 33 -2
58005;38 -1 36 -1 34 -1 14 -1 38 -1 37 -1 38 -1 38 -1 38 -1 14 -2
58006;31 -2
58007;14 -2
58008;14 -2
58009;31 -2
58010;14 -2
58011;31 -2
58012;17 -1 31 -2
58013;28 -1 31 -2
58208;14 -1 31 -2
58209;17 -1 31 -2
58210;17 -1 31 -1 31 -2
58211;31 -1 14 -1 14 -2
58212;31 -1 30 -2
58213;41 -2
58214;41 -1 31 -1 31 -1 30 -2
58215;17 -1 30 -2
58216;48 -1 48 -1 14 -1 31 -2
58217;14 -2
58218;14 -1 31 -1 30 -1 30 -1 30 -1 30 -1 30 -2
58219;17 -1 30 -1 30 -1 30 -1 30 -1 31 -1 48 -1 30 -2
58220;30 -1 30 -1 31 -1 14 -2
58221;14 -1 38 -1 37 -2
58222;14 -1 31 -1 30 -2
58223;17 -1 30 -1 30 -2
58224;28 -1 30 -2
58225;28 -1 30 -2
58226;14 -1 31 -2
58227;17 -1 31 -2
58228;14 -1 7 -1 31 -1 30 -2
58229;14 -1 41 -2
58230;14 -1 31 -1 31 -2
58231;14 -1 31 -1 30 -2
58232;14 -1 31 -2
58233;17 -1 31 -1 14 -1 31 -1 30 -2
58234;17 -1 30 -2
58235;14 -2
58236;14 -1 31 -2
58237;14 -1 31 -2
58238;14 -1 41 -2
58239;31 -1 30 -2
58240;41 -2
58241;31 -1 30 -2
58242;14 -1 31 -2
58243;31 -1 30 -2
58244;30 -1 30 -1 30 -2
58245;14 -2
58246;14 -1 31 -1 30 -1 30 -2
58247;14 -1 31 -2
58248;17 -1 31 -2
58249;31 -1 31 -1 31 -2
58250;14 -1 31 -1 30 -1 7 -1 31 -1 31 -1 30 -1 30 -1 30 -2
58251;14 -2
58252;14 -1 41 -2
58253;41 -2
58254;31 -1 48 -1 48 -1 30 -2
58255;41 -2
58256;14 -1 31 -1 30 -1 30 -2
58257;41 -2
58258;14 -1 31 -1 30 -2
58259;17 -1 30 -2
58483;14 -1 14 -1 2 -2
58484;14 -2
58485;11 -1 31 -2
58486;30 -2
58487;14 -2
58488;7 -2
58489;7 -1 14 -2
58490;6 -2
58491;6 -2
58492;6 -1 6 -2
58493;6 -2
58494;6 -1 14 -2
58495;14 -2
58496;14 -1 49 -1 49 -1 48 -1 14 -2
58497;14 -2
58498;14 -2
58499;14 -2
58500;14 -1 41 -2
58501;41 -1 41 -1 41 -2
58502;14 -2
58503;41 -2
58504;14 -2
58505;38 -1 33 -2
58506;34 -1 36 -1 38 -1 38 -1 14 -1 31 -2
58507;17 -1 31 -2
58508;17 -1 31 -2
58722;14 -1 41 -2
58723;41 -2
58724;41 -1 31 -1 30 -1 30 -1 30 -1 30 -1 31 -1 30 -1 30 -1 30 -1 30 -1 30 -1 7 -1 5 -1 31 -1 30 -1 30 -2
58725;17 -1 30 -1 14 -2
58726;38 -2
58727;14 -1 41 -2
58728;41 -2
58729;41 -2
58730;14 -2
58731;41 -2
58732;41 -1 41 -1 41 -2
58733;38 -2
58734;33 -2
58735;36 -1 34 -1 38 -1 39 -1 38 -1 38 -1 38 -1 14 -2
58736;31 -2
58737;31 -2
58738;14 -1 41 -1 31 -1 31 -1 30 -1 30 -1 41 -1 31 -1 30 -1 30 -1 31 -1 30 -1 14 -1 41 -1 17 -1 30 -1 41 -1 42 -1 3 -1 2 -2
58739;38 -1 37 -1 38 -1 14 -1 31 -2
58740;31 -2
58741;14 -1 14 -1 31 -2
58742;31 -2
58743;31 -2
58744;30 -1 30 -1 30 -2
58745;17 -1 31 -1 30 -1 30 -1 30 -1 30 -1 30 -1 30 -2
58746;14 -1 14 -1 41 -1 41 -2
58747;31 -1 30 -1 30 -1 17 -1 30 -1 14 -1 31 -2
58748;14 -1 31 -1 30 -1 30 -1 30 -1 30 -1 30 -1 30 -1 30 -2
58749;30 -2
58750;17 -1 31 -2
58751;14 -1 31 -1 30 -1 30 -1 30 -1 30 -2
58752;17 -1 30 -1 14 -2
58753;14 -2
58754;14 -2
58755;31 -1 30 -1 31 -1 30 -1 30 -1 42 -2
58756;14 -2
58757;7 -1 5 -1 5 -1 5 -1 14 -1 41 -2
58758;14 -2
58759;14 -1 31 -1 31 -2
58760;41 -1 11 -1 48 -1 48 -1 48 -1 48 -2
58761;14 -2
58762;14 -2
58763;17 -1 31 -2
58764;17 -1 30 -1 30 -1 30 -1 30 -1 30 -2
58765;28 -1 30 -1 30 -2
58766;14 -1 31 -1 30 -1 14 -2
58767;14 -1 31 -1 30 -1 30 -1 30 -1 14 -1 41 -1 41 -1 31 -1 30 -1 30 -1 30 -1 30 -1 30 -1 17 -1 30 -1 30 -2
58768;14 -1 31 -1 30 -1 30 -1 30 -1 30 -1 14 -2
58769;41 -2
58770;31 -1 30 -2
58771;14 -1 31 -1 30 -1 14 -1 41 -2
58772;17 -1 30 -2
59331;14 -1 31 -1 31 -2
59332;14 -2
59333;38 -1 38 -2
59334;14 -2
59335;14 -1 41 -1 41 -2
59336;41 -2
59337;38 -1 37 -1 31 -2
59338;31 -2
59339;14 -1 11 -1 11 -1 31 -1 41 -2
59340;14 -2
59341;14 -2
59342;14 -2
59343;14 -1 31 -1 31 -2
59344;14 -2
59345;31 -1 31 -1 11 -1 31 -2
59346;7 -1 41 -2
59347;41 -1 31 -1 41 -2
59348;41 -2
59349;41 -2
59350;38 -1 33 -2
59351;36 -1 34 -1 38 -1 38 -1 38 -1 14 -2
59352;31 -2
59353;17 -1 31 -2
59354;17 -1 31 -2
59355;14 -1 3 -1 2 -1 42 -1 39 -1 12 -1 48 -2
59538;14 -2
59539;14 -2
59540;41 -2
59541;41 -2
59542;38 -2
59543;14 -2
59544;41 -2
59545;41 -2
59546;41 -2
59547;41 -2
59548;38 -1 33 -2
59549;36 -1 34 -1 38 -1 38 -1 38 -1 14 -1 31 -1 31 -1 41 -1 31 -1 31 -2
59550;14 -1 31 -2
59551;14 -1 31 -2
59552;17 -1 31 -2
59553;17 -1 31 -2
59554;31 -1 31 -2
59555;14 -1 38 -1 33 -1 36 -1 34 -1 37 -1 38 -2
59685;14 -2
59686;14 -2
59687;14 -2
59688;38 -1 14 -2
59689;14 -1 41 -1 11 -2
59690;41 -2
59691;41 -2
59692;41 -1 41 -1 41 -1 41 -2
59693;41 -2
59694;41 -2
59695;14 -1 2 -2
59696;41 -2
59697;31 -1 48 -1 29 -1 41 -2
59698;14 -1 38 -1 39 -1 14 -1 31 -2
59699;17 -1 31 -1 14 -1 41 -2
59700;38 -1 33 -2
59701;34 -1 36 -1 38 -1 38 -1 33 -2
59702;36 -1 34 -1 38 -1 37 -1 38 -1 14 -1 38 -1 38 -1 14 -1 38 -1 14 -2
59703;14 -1 31 -2
59704;14 -2
59705;14 -2
59706;31 -1 30 -2
59707;17 -1 30 -1 14 -1 41 -1 41 -2
59708;14 -1 41 -2
59709;31 -1 30 -1 30 -1 14 -1 41 -2
59710;41 -2
59711;41 -2
59712;31 -2
59713;14 -2
59714;14 -1 38 -1 33 -1 36 -1 34 -1 37 -1 14 -1 38 -1 14 -2
59880;14 -1 31 -1 30 -2
59881;30 -1 30 -1 31 -2
59882;31 -2
59883;14 -1 31 -1 30 -1 38 -1 33 -2
59884;14 -1 41 -1 31 -1 41 -2
59885;36 -2
59886;36 -1 36 -1 37 -1 34 -1 36 -2
59887;11 -1 48 -2
59888;14 -1 31 -1 30 -1 30 -1 30 -1 30 -1 31 -1 41 -2
59889;38 -2
60149;14 -1 14 -2
60150;14 -1 31 -1 30 -2
60151;7 -2
60152;6 -1 6 -1 6 -1 6 -2
60153;6 -2
60154;6 -1 6 -1 6 -1 6 -1 6 -1 6 -2
60155;6 -1 6 -2
60156;6 -2
60157;14 -1 31 -1 31 -1 31 -2
60158;14 -1 31 -1 30 -1 31 -2
60159;14 -1 31 -1 30 -1 30 -2
60160;17 -1 30 -2
60161;14 -1 31 -1 31 -1 31 -1 7 -1 6 -2
60162;6 -1 14 -2
60163;6 -2
60164;6 -2
60165;14 -1 31 -1 30 -2
60166;6 -2
60167;6 -1 6 -1 6 -1 6 -1 6 -2
60168;6 -2
60169;6 -1 6 -1 6 -2
60170;6 -1 6 -1 30 -2
60171;6 -1 6 -1 6 -1 6 -1 6 -1 6 -1 6 -1 6 -1 6 -2
60172;6 -2
60173;6 -2
60174;6 -2
60175;6 -1 6 -1 6 -2
60176;6 -2
60177;6 -1 6 -2
60178;6 -2
60179;6 -1 14 -1 41 -1 41 -1 41 -1 6 -1 6 -2
60180;6 -1 6 -1 6 -1 6 -1 6 -2
60181;6 -2
60182;6 -2
60183;6 -1 6 -1 6 -1 6 -2
60184;6 -2
60185;6 -2
60186;6 -2
60187;41 -1 6 -1 6 -1 6 -1 6 -2
60188;6 -1 6 -1 6 -2
60189;6 -1 6 -1 6 -1 6 -1 6 -1 6 -2
60190;6 -1 6 -2
60191;6 -1 6 -1 6 -2
60192;6 -2
60193;6 -2
60194;6 -1 6 -1 6 -1 6 -2
60195;6 -2
60196;6 -2
60197;6 -1 6 -1 6 -2
60198;6 -1 6 -1 6 -1 6 -2
60199;6 -1 6 -1 6 -1 6 -1 6 -1 6 -1 6 -1 6 -1 6 -1 6 -1 6 -2
60200;6 -1 6 -1 6 -2
60201;6 -2
60202;6 -1 6 -2
60203;6 -2
60204;6 -1 6 -1 6 -2
60205;6 -2
60206;14 -1 31 -1 30 -2
60207;14 -1 31 -1 31 -1 30 -2
60208;14 -1 31 -1 30 -1 14 -2
60209;7 -2
60210;14 -1 31 -1 30 -2
60211;6 -1 6 -1 6 -1 6 -1 6 -1 6 -1 6 -2
60212;6 -1 6 -2
60213;14 -1 7 -1 6 -1 6 -2
60214;14 -1 31 -1 30 -2
60215;46 -1 17 -1 30 -2
60216;14 -1 31 -1 30 -2
60217;30 -2
60218;14 -2
60219;31 -1 30 -2
60220;14 -1 31 -1 31 -1 30 -2
60221;17 -1 30 -2
60222;14 -1 41 -2
60223;14 -1 41 -1 31 -2
60224;14 -1 41 -2
60225;41 -2
60226;38 -1 33 -2
60227;36 -1 34 -1 38 -2
60228;38 -1 14 -1 38 -1 14 -1 31 -2
60229;16 -1 31 -1 32 -1 14 -1 38 -1 37 -2
60230;38 -1 37 -1 38 -2
60231;14 -1 31 -2
60232;14 -1 31 -2
60233;41 -1 41 -1 31 -2
60234;17 -1 31 -2
60235;17 -1 31 -2
60236;17 -1 31 -2
60237;17 -1 31 -1 14 -1 7 -1 31 -1 31 -1 30 -2
60238;17 -1 30 -2
60239;14 -1 7 -1 6 -2
60240;6 -1 6 -1 6 -1 6 -1 6 -1 6 -1 6 -2
60241;6 -1 6 -2
60242;6 -1 6 -2
60243;6 -1 14 -1 41 -1 6 -1 6 -1 6 -2
60244;6 -1 6 -2
60245;6 -1 6 -1 6 -2
60246;6 -1 6 -1 6 -1 6 -1 6 -2
60247;6 -2
60248;6 -2
60249;6 -2
60250;6 -2
60251;6 -2
60252;6 -2
60253;6 -2
60254;6 -2
60255;6 -1 6 -2
60256;6 -2
60257;6 -2
60258;6 -1 6 -1 6 -2
60259;6 -2
60260;6 -1 6 -2
60261;6 -1 6 -1 6 -2
60262;6 -2
60591;14 -2
60592;7 -1 5 -1 31 -1 30 -1 30 -1 30 -1 30 -1 30 -1 30 -1 30 -1 30 -2
60593;2 -2
60594;14 -2
60595;7 -1 5 -1 31 -2
60596;31 -1 38 -2
60597;31 -1 30 -1 30 -1 30 -1 30 -1 41 -2
60598;31 -1 30 -1 30 -1 30 -1 30 -1 30 -1 30 -1 30 -1 30 -1 30 -1 30 -1 30 -1 30 -1 30 -2
60599;17 -1 30 -1 30 -2
60600;30 -2
60601;14 -1 31 -1 30 -1 30 -2
60602;30 -2
60603;31 -1 32 -2
60604;30 -1 30 -2
60605;14 -1 32 -2
60606;30 -1 30 -2
60607;17 -1 30 -2
60608;30 -2
60609;14 -2
60610;7 -1 14 -2
60611;14 -2
60612;14 -1 7 -1 6 -2
60613;6 -2
60614;6 -1 6 -1 6 -2
60615;6 -2
60616;14 -2
60617;41 -2
60618;6 -2
60619;14 -1 38 -1 36 -1 36 -2
60620;36 -2
60621;36 -1 34 -1 38 -2
60622;34 -1 33 -1 38 -1 14 -1 38 -1 31 -1 30 -2
60623;30 -1 30 -1 30 -1 30 -2
60624;30 -2
60625;17 -1 31 -1 30 -1 31 -1 31 -1 31 -2
60626;17 -1 30 -2
60627;14 -1 31 -1 30 -2
60628;17 -1 31 -1 31 -1 31 -1 14 -2
60629;17 -1 30 -2
60630;14 -2
60631;14 -1 31 -1 30 -2
60632;30 -1 30 -1 30 -1 30 -1 30 -1 30 -1 30 -1 30 -2
60633;17 -1 31 -1 30 -2
60634;30 -1 30 -1 30 -1 30 -2
60635;17 -1 31 -1 30 -2
60636;30 -2
60637;30 -2
60638;30 -2
60639;30 -1 30 -1 30 -1 30 -1 30 -2
60640;30 -1 30 -2
60641;30 -1 30 -2
60642;30 -2
60643;30 -2
60644;30 -1 30 -2
60645;30 -2
60646;17 -1 31 -1 30 -2
60647;30 -1 19 -1 31 -2
60648;17 -1 31 -1 30 -2
60842;14 -1 14 -1 14 -1 41 -1 41 -2
60843;14 -1 41 -2
60844;14 -1 7 -2
60845;14 -1 7 -1 6 -2
60846;6 -2
60847;6 -1 6 -1 6 -1 6 -2
60848;6 -1 6 -1 6 -2
60849;6 -2
60850;14 -1 14 -1 41 -1 41 -1 6 -1 6 -1 6 -1 6 -2
60851;6 -2
60852;6 -1 6 -1 6 -2
60853;6 -1 6 -2
60854;48 -1 48 -1 29 -1 48 -2
60855;6 -1 6 -2
60856;48 -2
60857;6 -1 6 -2
60858;6 -1 6 -2
60859;14 -2
60860;2 -1 14 -1 31 -2
60861;38 -1 14 -1 38 -1 36 -2
60862;36 -1 34 -1 38 -1 36 -1 14 -2
60863;14 -2
60864;14 -2
60865;14 -1 38 -1 37 -1 14 -1 38 -1 33 -2
60866;38 -1 36 -1 34 -1 14 -1 41 -1 31 -2
60867;17 -1 31 -2
60868;14 -1 38 -1 37 -1 37 -1 14 -1 31 -2
60869;17 -1 31 -2
61090;14 -2
61091;14 -1 14 -1 31 -1 14 -2
61092;14 -1 14 -1 41 -2
61093;41 -1 7 -2
61094;14 -1 31 -1 24 -1 31 -1 31 -1 14 -1 31 -1 24 -1 31 -1 31 -1 14 -1 38 -1 33 -2
61095;38 -1 36 -1 34 -1 14 -1 14 -1 7 -1 14 -1 41 -2
61096;41 -2
61097;31 -1 14 -1 31 -2
61098;14 -1 7 -1 14 -1 31 -1 30 -1 14 -1 31 -1 30 -1 31 -1 30 -1 31 -1 30 -1 31 -2
61099;30 -2
61100;14 -1 14 -2
61101;14 -2
61102;14 -2
61103;14 -1 38 -1 14 -1 31 -2
61104;14 -1 39 -1 14 -2
61315;14 -1 14 -1 31 -1 30 -1 14 -1 14 -1 31 -1 30 -2
61316;2 -2
61317;14 -2
61318;31 -1 30 -2
61319;14 -1 14 -1 31 -2
61320;14 -1 31 -1 30 -2
61321;14 -1 41 -1 41 -1 41 -1 31 -1 31 -1 31 -1 30 -1 30 -1 31 -1 30 -1 14 -1 31 -2
61322;17 -1 31 -2
61323;17 -1 31 -2
61324;14 -1 38 -2
61325;14 -1 31 -1 30 -1 17 -1 30 -1 28 -1 30 -2
61326;28 -1 30 -1 14 -1 31 -2
61327;31 -1 14 -2
61328;48 -1 14 -1 31 -1 31 -1 30 -2
61329;17 -1 30 -2
61330;14 -1 31 -1 30 -1 41 -1 31 -1 14 -2
61331;14 -1 31 -2
61332;14 -1 31 -1 30 -2
61333;14 -1 31 -1 14 -2
61334;30 -1 14 -1 31 -1 30 -1 14 -2
61335;31 -1 14 -1 14 -2
61336;14 -1 31 -1 14 -1 41 -2
61337;41 -2
61338;38 -2
61339;33 -2
61340;36 -1 36 -1 38 -1 34 -1 33 -1 14 -1 41 -2
61341;38 -1 36 -2
61342;36 -1 38 -1 36 -1 34 -1 14 -1 41 -2
61343;41 -2
61344;41 -1 31 -1 30 -2
61345;14 -1 14 -1 2 -2
61346;14 -1 14 -1 31 -2
61347;14 -1 31 -1 30 -2
61348;46 -1 17 -1 30 -2
61349;46 -1 28 -1 30 -2
61350;14 -1 14 -1 31 -1 30 -2
61351;14 -1 31 -2
61352;14 -1 31 -1 30 -2
61353;17 -1 30 -1 30 -1 14 -1 31 -2
61354;14 -2
61355;14 -1 31 -1 30 -2
61356;17 -1 17 -1 30 -1 30 -2
61357;28 -1 30 -2
61358;14 -1 14 -2
61359;31 -1 30 -1 14 -1 31 -1 30 -1 17 -1 30 -2
61360;14 -1 31 -1 30 -1 30 -1 30 -1 30 -1 30 -2
61361;28 -1 30 -1 14 -1 31 -1 14 -1 31 -1 30 -2
61362;14 -2
61363;31 -1 30 -1 30 -2
61364;14 -1 31 -1 30 -2
61365;14 -2
61366;14 -1 31 -1 31 -2
61367;31 -1 30 -2
61631;14 -1 41 -2
61632;31 -1 31 -1 41 -2
61633;41 -2
61634;14 -2
61635;31 -1 30 -2
61636;14 -1 2 -1 31 -2
61637;17 -1 46 -1 30 -2
61638;46 -1 28 -1 30 -2
61639;46 -1 28 -1 30 -2
61640;41 -2
61641;14 -1 31 -2
61642;14 -1 31 -2
61643;17 -1 31 -1 14 -1 41 -1 41 -2
61644;38 -2
61645;33 -2
61646;36 -2
61647;36 -2
61648;36 -1 36 -2
61649;36 -1 14 -1 31 -2
61650;36 -1 36 -1 36 -1 34 -1 38 -1 38 -1 38 -1 14 -2
61651;14 -1 7 -1 6 -2
61652;31 -2
61653;17 -1 31 -2
61654;14 -1 31 -1 31 -1 30 -2
61655;46 -1 17 -1 30 -2
61656;46 -1 28 -1 30 -2
61657;14 -1 31 -1 30 -1 30 -2
61658;14 -1 31 -1 30 -2
61659;17 -1 30 -2
61660;14 -1 31 -2
61661;14 -1 31 -1 30 -1 30 -2
61662;14 -1 31 -2
61663;14 -1 31 -1 30 -2
61664;17 -1 30 -2
61665;14 -2
61666;14 -1 31 -1 30 -2
61667;46 -1 17 -1 30 -2
61668;14 -1 38 -1 37 -1 31 -2
61669;14 -1 31 -1 30 -2
61670;41 -1 41 -1 41 -2
61671;31 -1 2 -1 38 -2
61672;14 -1 2 -2
61673;14 -2
61674;30 -2
61675;46 -1 17 -1 30 -2
61676;14 -1 2 -1 14 -2
61795;14 -1 11 -2
61796;41 -2
61797;41 -2
61798;41 -2
61799;41 -2
61800;38 -2
61801;33 -2
61802;14 -1 41 -1 41 -1 31 -2
61803;41 -2
61804;41 -2
61805;41 -1 41 -1 41 -1 41 -1 41 -2
61806;41 -2
61807;14 -2
61808;31 -2
61809;41 -2
61810;41 -2
61811;11 -2
61812;41 -1 41 -1 41 -2
61813;41 -1 41 -2
61814;41 -2
61815;31 -1 31 -1 31 -2
61816;46 -1 16 -1 31 -1 41 -1 41 -1 41 -2
61817;14 -1 38 -1 36 -2
61818;34 -1 36 -1 38 -2
61977;14 -1 31 -1 31 -1 30 -2
61978;17 -1 30 -1 14 -1 31 -1 30 -2
61979;30 -2
61980;48 -1 30 -2
61981;30 -2
61982;30 -1 14 -2
61983;14 -2
61984;31 -1 30 -2
61985;17 -1 30 -1 14 -2
61986;14 -2
61987;31 -1 38 -1 33 -2
61988;36 -1 34 -1 37 -1 38 -1 14 -2
61989;7 -2
61990;14 -1 31 -2
61991;17 -1 31 -2
61992;17 -1 31 -2
62206;14 -1 38 -2
62207;14 -1 31 -1 31 -1 30 -2
62208;14 -1 31 -1 41 -1 31 -1 31 -1 7 -1 41 -1 31 -1 11 -1 48 -1 48 -1 48 -1 48 -2
62209;14 -1 31 -2
62210;14 -2
62211;14 -2
62212;14 -1 31 -1 31 -2
62213;7 -1 7 -1 5 -1 5 -1 5 -1 5 -1 31 -1 31 -1 41 -2
62214;14 -1 31 -2
62215;14 -2
62216;14 -2
62217;14 -1 7 -1 31 -2
62218;14 -2
62219;38 -2
62220;14 -1 7 -1 5 -1 5 -1 14 -1 11 -2
62221;48 -2
62222;48 -2
62223;48 -2
62224;48 -1 14 -1 41 -2
62225;14 -2
62226;7 -2
62227;14 -2
62228;7 -1 5 -2
62229;5 -1 5 -1 14 -1 31 -2
62230;41 -2
62231;14 -2
62232;14 -2
62233;41 -1 41 -1 41 -1 41 -2
62234;41 -1 31 -2
62235;14 -1 41 -2
62236;41 -2
62237;41 -1 41 -2
62238;41 -2
62239;31 -1 38 -1 33 -2
62240;36 -2
62241;36 -1 36 -2
62242;36 -2
62243;36 -2
62244;36 -1 36 -1 36 -1 34 -1 38 -2
62245;14 -1 41 -1 31 -1 7 -2
62246;14 -2
62247;31 -2
62248;30 -2
62249;17 -1 31 -2
62250;14 -1 31 -1 30 -2
62251;14 -2
62252;14 -2
62253;14 -1 7 -1 31 -1 30 -1 30 -1 30 -1 14 -1 14 -2
62254;14 -1 7 -2
62255;6 -2
62256;6 -2
62257;6 -2
62258;6 -1 6 -1 6 -1 6 -1 6 -1 31 -1 31 -1 30 -1 6 -1 6 -2
62259;6 -2
62260;6 -2
62261;7 -1 6 -1 6 -2
62262;6 -2
62263;41 -2
62264;31 -1 31 -1 31 -1 7 -1 6 -2
62265;41 -2
62266;7 -1 6 -2
62267;6 -2
62268;14 -1 7 -1 6 -1 6 -1 6 -1 6 -1 6 -1 6 -1 6 -2
62269;6 -1 6 -1 6 -1 6 -1 31 -1 6 -1 30 -1 6 -2
62524;14 -1 41 -1 41 -1 41 -2
62525;14 -1 41 -2
62526;41 -2
62527;41 -2
62528;41 -1 38 -1 33 -2
62529;36 -1 34 -1 38 -1 38 -2
62530;33 -2
62531;36 -1 34 -1 38 -1 14 -1 7 -1 31 -2
62532;17 -1 31 -2
62533;17 -1 31 -1 14 -2
62534;38 -1 37 -1 38 -1 37 -1 38 -1 14 -1 2 -2
62535;14 -1 31 -1 14 -2
62536;14 -1 38 -1 14 -2
62537;14 -1 41 -2
62538;38 -2
62539;14 -1 41 -2
62540;14 -2
62541;14 -2
62542;14 -1 41 -2
62543;14 -1 31 -2
62544;14 -2
62688;14 -1 30 -2
62689;14 -2
62690;31 -1 30 -1 14 -1 41 -2
62691;31 -1 41 -2
62692;41 -2
62693;30 -2
62694;30 -2
62695;41 -2
62696;41 -2
62697;41 -2
62698;41 -1 41 -2
62699;31 -2
62700;14 -1 41 -2
62701;41 -1 41 -2
62702;31 -1 14 -1 31 -2
62703;14 -1 41 -2
62704;41 -2
62705;41 -1 38 -1 14 -1 38 -1 14 -1 39 -1 38 -1 14 -1 41 -2
62706;14 -2
62707;31 -1 30 -1 14 -1 41 -1 41 -1 41 -2
62708;14 -1 41 -1 31 -1 30 -2
62709;14 -2
62710;41 -2
62711;41 -2
62712;31 -1 30 -2
62713;14 -1 31 -1 31 -1 30 -2
62714;2 -2
62715;14 -1 41 -1 7 -1 5 -1 48 -1 5 -2
62716;14 -1 41 -1 41 -2
62924;14 -1 41 -2
62925;31 -1 7 -1 31 -1 30 -1 41 -2
62926;41 -2
62927;31 -2
62928;14 -1 31 -1 30 -1 41 -1 7 -1 5 -1 5 -1 31 -2
62929;14 -1 31 -1 30 -1 30 -1 30 -1 7 -1 5 -1 5 -1 5 -1 31 -2
62930;14 -1 7 -1 5 -1 5 -1 5 -1 14 -1 31 -2
62931;14 -1 7 -1 5 -1 5 -1 31 -1 30 -1 41 -1 41 -2
62932;14 -1 7 -1 5 -1 5 -1 14 -1 31 -1 30 -2
62933;14 -1 38 -1 41 -1 41 -1 41 -1 41 -2
62934;14 -1 31 -1 38 -1 41 -1 41 -2
62935;38 -2
62936;33 -1 14 -1 7 -1 5 -1 5 -1 14 -1 31 -2
62937;31 -2
62938;36 -1 36 -1 34 -1 38 -1 14 -1 31 -2
62939;31 -2
62940;14 -1 31 -1 17 -1 31 -2
62941;17 -1 31 -1 48 -1 29 -1 14 -2
63184;14 -1 8 -1 7 -2
63185;6 -2
63186;14 -1 11 -1 48 -1 48 -1 48 -1 29 -2
63187;48 -2
63188;6 -2
63189;6 -1 6 -1 6 -2
63190;6 -1 6 -1 6 -2
63191;6 -2
63192;6 -1 6 -1 6 -1 6 -1 6 -1 6 -1 6 -2
63193;6 -1 6 -2
63194;6 -2
63195;30 -2
63196;31 -1 30 -2
63197;32 -2
63198;30 -2
63199;14 -1 12 -1 32 -1 14 -1 39 -1 38 -1 33 -1 37 -1 36 -1 34 -2
63200;38 -1 33 -1 36 -1 36 -2
63201;36 -1 36 -1 36 -1 36 -1 36 -1 36 -1 34 -1 36 -1 37 -1 38 -1 38 -2
63202;2 -2
63203;1 -1 46 -1 2 -2
63204;2 -1 1 -1 46 -1 3 -1 14 -1 31 -2
63205;31 -2
63206;48 -1 29 -1 29 -1 14 -1 31 -2
63207;30 -2
63208;14 -1 31 -2
63209;17 -1 31 -2
63210;38 -1 33 -2
63211;36 -1 36 -2
63212;36 -2
63213;36 -1 34 -1 38 -1 33 -1 14 -1 38 -1 36 -2
63214;36 -1 36 -1 38 -1 34 -1 14 -1 32 -1 31 -2
63215;48 -1 48 -1 14 -1 12 -1 11 -1 14 -1 42 -1 41 -2
63216;31 -1 14 -1 32 -2
63217;2 -1 3 -1 2 -1 14 -1 8 -1 14 -1 42 -1 14 -1 3 -1 2 -1 1 -1 46 -1 2 -1 1 -1 46 -1 2 -2
63218;3 -1 14 -1 8 -1 7 -1 6 -1 14 -2
63464;14 -2
63465;31 -1 30 -1 14 -2
63466;14 -2
63467;14 -1 11 -2
63468;31 -1 30 -1 38 -1 14 -1 31 -1 41 -2
63469;14 -1 41 -2
63470;41 -2
63471;41 -1 41 -2
63472;41 -2
63473;38 -1 36 -2
63474;36 -1 34 -1 38 -1 14 -1 31 -1 30 -2
63475;30 -1 30 -1 30 -1 30 -1 30 -1 30 -1 30 -2
63476;30 -2
63477;14 -1 41 -2
63478;31 -2
63479;17 -1 31 -1 30 -2
63480;14 -1 31 -1 30 -2
63481;17 -1 31 -1 31 -1 31 -1 14 -1 31 -1 30 -1 30 -2
63482;30 -2
63483;17 -1 31 -1 14 -2
63484;14 -2
63485;14 -1 31 -1 30 -1 30 -1 30 -2
63486;14 -2
63487;14 -2
63488;14 -1 31 -1 30 -1 30 -1 30 -1 30 -1 30 -1 30 -2
63489;17 -1 30 -1 14 -1 2 -1 41 -1 41 -1 14 -2
63490;14 -2
63491;14 -2
63492;14 -2
63493;14 -2
63940;14 -1 31 -1 14 -2
63941;41 -2
63942;31 -1 14 -1 31 -1 30 -1 30 -1 30 -1 30 -2
63943;30 -2
63944;14 -2
63945;14 -2
63946;14 -2
63947;14 -1 41 -2
63948;41 -1 41 -2
63949;14 -2
63950;14 -1 38 -1 31 -1 14 -1 14 -2
63951;14 -1 31 -1 30 -2
63952;32 -1 14 -1 31 -1 14 -1 31 -1 30 -1 14 -1 31 -1 30 -1 30 -1 30 -1 30 -2
63953;17 -1 30 -1 14 -1 31 -1 30 -2
63954;17 -1 30 -1 14 -1 14 -2
63955;14 -1 31 -1 30 -2
63956;17 -1 30 -1 14 -2
63957;14 -1 38 -1 31 -2
63958;38 -1 31 -1 30 -1 31 -1 30 -1 31 -1 30 -1 31 -1 14 -2
63959;30 -1 31 -1 30 -1 14 -1 31 -1 30 -1 14 -2
63960;14 -1 14 -2
63961;14 -1 41 -1 41 -2
63962;41 -1 41 -2
63963;41 -2
63964;38 -1 31 -2
63965;14 -2
63966;41 -2
63967;14 -1 31 -1 30 -2
63968;14 -2
63969;14 -1 31 -1 30 -2
63970;17 -1 30 -1 31 -1 30 -1 31 -1 30 -1 31 -1 30 -1 31 -1 30 -1 14 -2
63971;14 -1 41 -2
63972;41 -2
63973;31 -1 30 -1 31 -2
63974;14 -1 31 -1 30 -2
63975;17 -1 30 -2
63976;28 -1 30 -1 31 -1 30 -2
63977;17 -1 30 -2
63978;14 -1 38 -1 33 -2
63979;36 -2
63980;36 -2
63981;36 -2
63982;36 -2
63983;36 -2
63984;36 -1 36 -1 34 -1 38 -2
63985;14 -1 31 -2
63986;31 -2
63987;17 -1 31 -2
63988;28 -1 31 -2
63989;17 -1 31 -2
63990;31 -2
63991;14 -2
63992;41 -2
63993;14 -1 41 -2
63994;14 -1 14 -2
63995;30 -1 14 -2
63996;31 -1 30 -1 14 -1 31 -1 30 -1 14 -1 14 -1 2 -2
63997;31 -1 31 -2
63998;17 -1 31 -1 14 -2
63999;14 -1 38 -1 33 -2
64000;34 -1 36 -1 38 -1 14 -1 38 -1 14 -2
64001;14 -1 14 -2
64002;14 -2
64003;14 -1 41 -2
64199;14 -1 41 -1 41 -2
64200;41 -1 31 -1 30 -1 14 -1 41 -2
64201;41 -1 41 -2
64202;30 -1 17 -1 30 -1 31 -1 30 -1 30 -1 30 -1 30 -2
64203;31 -2
64204;14 -1 31 -1 30 -2
64205;14 -1 31 -1 30 -2
64206;14 -1 41 -2
64207;31 -1 30 -1 30 -1 14 -2
64208;31 -1 30 -2
64209;17 -1 30 -1 14 -2
64210;31 -1 30 -2
64211;14 -1 7 -2
64212;14 -2
64213;31 -2
64214;30 -1 14 -2
64215;14 -1 31 -2
64216;14 -1 31 -2
64217;14 -1 31 -2
64218;31 -2
64219;31 -1 30 -2
64220;14 -2
64221;31 -1 30 -2
64222;31 -1 30 -2
64223;31 -1 30 -2
64224;14 -1 31 -1 31 -1 30 -1 30 -1 30 -1 30 -1 31 -1 30 -2
64225;14 -1 31 -1 30 -2
64226;30 -2
64227;30 -2
64228;17 -1 30 -1 30 -1 46 -1 28 -1 30 -1 14 -2
64229;14 -1 2 -2
64230;31 -1 41 -2
64231;38 -1 33 -2
64232;36 -1 36 -1 36 -1 36 -1 14 -1 41 -1 41 -1 41 -2
64233;36 -1 36 -1 34 -1 36 -1 37 -1 38 -1 14 -1 38 -1 31 -1 14 -2
64234;31 -1 30 -1 30 -1 30 -2
64235;30 -1 30 -1 30 -2
64236;41 -1 41 -2
64237;31 -1 30 -2
64238;14 -1 41 -2
64239;31 -1 30 -2
64240;17 -1 30 -1 14 -1 41 -1 41 -2
64241;31 -1 30 -2
64242;30 -1 41 -2
64243;31 -1 30 -2
64244;17 -1 30 -2
64245;31 -1 30 -2
64246;30 -2
64247;30 -2
64248;30 -2
64249;46 -1 17 -1 30 -2
64250;14 -1 31 -1 30 -1 30 -1 30 -1 31 -1 11 -1 31 -1 30 -1 30 -1 30 -2
64251;31 -1 31 -2
64252;14 -1 41 -2
64253;14 -1 31 -2
64254;30 -1 30 -2
64255;14 -2
64256;14 -1 31 -1 30 -1 30 -1 30 -2
64257;14 -1 31 -1 30 -1 30 -1 30 -1 30 -2
64451;14 -1 41 -2
64452;31 -2
64453;31 -1 30 -2
64454;41 -2
64455;31 -2
64456;38 -1 33 -1 36 -2
64457;14 -1 41 -2
64458;41 -1 41 -2
64459;36 -1 34 -1 38 -1 38 -2
64460;37 -2
64461;38 -1 33 -1 38 -1 37 -2
64462;34 -1 36 -1 38 -1 38 -1 14 -1 38 -1 38 -1 38 -2
64463;37 -2
64464;38 -1 14 -2
64465;31 -1 30 -2
64466;30 -2
64467;14 -2
64468;14 -1 31 -1 30 -2
64469;17 -1 30 -2
64470;14 -2
64471;14 -2
64472;14 -2
64473;14 -1 31 -2
64474;14 -2
64475;31 -2
64476;31 -2
64477;14 -1 31 -2
64478;14 -1 31 -2
64479;17 -1 31 -1 31 -2
64480;17 -1 31 -1 31 -2
64481;14 -1 31 -1 30 -2
64575;14 -2
64576;14 -1 41 -1 31 -2
64577;14 -1 38 -2
64578;14 -2
64579;14 -1 11 -2
64580;14 -2
64581;31 -2
64582;17 -1 31 -2
64583;17 -1 31 -1 14 -1 14 -1 38 -1 41 -1 41 -2
64584;41 -2
64585;7 -1 38 -1 33 -2
64586;34 -1 37 -1 36 -2
64587;38 -1 33 -2
64588;34 -1 37 -1 36 -1 38 -2
64778;14 -2
64779;31 -2
64780;14 -2
64781;41 -1 14 -2
64782;31 -1 14 -1 41 -2
64783;14 -1 41 -2
64784;31 -1 14 -1 31 -1 30 -1 30 -1 30 -1 30 -1 32 -1 14 -1 7 -1 14 -2
64785;14 -2
64786;41 -1 7 -1 5 -1 5 -1 5 -1 14 -1 38 -1 33 -2
64787;34 -1 36 -1 38 -1 33 -2
64788;14 -1 41 -2
64789;36 -1 34 -1 36 -1 38 -1 14 -2
64790;14 -1 31 -2
64791;14 -2
64792;31 -2
64793;14 -1 31 -1 17 -1 31 -2
64794;14 -1 31 -1 14 -1 41 -2
64795;41 -2
64796;41 -1 41 -1 41 -2
64797;7 -1 5 -1 5 -1 5 -1 14 -2
64798;14 -1 31 -1 30 -2
64799;17 -1 30 -1 14 -1 41 -2
64800;14 -2
64801;31 -1 30 -1 14 -2
64802;41 -2
64803;14 -1 14 -2
64804;17 -1 31 -2
64805;14 -1 39 -1 14 -1 8 -1 14 -1 32 -1 14 -1 42 -1 3 -1 14 -1 7 -1 5 -1 5 -1 5 -1 14 -1 31 -1 30 -1 14 -2
64956;14 -2
64957;31 -2
64958;17 -1 31 -2
64959;41 -2
64960;42 -1 14 -1 38 -1 33 -2
64961;36 -2
64962;36 -2
64963;36 -1 36 -1 36 -1 34 -1 37 -2
64964;38 -1 33 -2
64965;36 -1 36 -1 37 -1 34 -1 14 -2
64966;41 -1 41 -2
64967;41 -2
64968;41 -2
64969;48 -2
64970;14 -2
65069;14 -2
65070;14 -2
65071;41 -2
65072;14 -1 38 -1 38 -1 14 -2
65073;14 -1 38 -1 41 -2
65074;41 -1 14 -1 41 -2
65075;41 -2
65076;14 -2
65077;41 -2
65078;38 -1 33 -1 41 -2
65079;34 -1 36 -1 38 -1 14 -2
65184;14 -1 7 -1 5 -1 41 -1 41 -1 31 -1 48 -1 30 -2
65185;17 -1 30 -1 32 -1 14 -1 31 -1 30 -1 30 -1 30 -1 30 -1 41 -2
65186;14 -1 41 -1 31 -1 31 -1 30 -1 30 -1 30 -1 30 -1 41 -2
65187;38 -1 31 -1 31 -2
65188;14 -1 14 -2
65189;14 -1 31 -1 38 -1 38 -1 33 -1 14 -1 41 -1 41 -2
65190;36 -1 34 -1 36 -1 38 -1 38 -1 38 -1 33 -1 14 -1 38 -1 36 -2
65191;34 -1 36 -1 38 -1 14 -1 38 -1 38 -1 37 -1 37 -1 38 -1 38 -1 14 -2
65192;38 -1 14 -2
65374;14 -1 31 -1 30 -2
65375;17 -1 30 -1 31 -1 14 -1 38 -2
65376;14 -1 41 -1 38 -2
65377;14 -2
65378;14 -1 31 -2
65379;41 -2
65380;14 -1 41 -2
65381;14 -2
65382;31 -2
65383;14 -1 41 -1 41 -1 31 -1 30 -1 31 -1 30 -1 14 -1 38 -1 14 -2
65384;30 -2
65385;14 -1 14 -1 41 -1 31 -1 30 -1 31 -1 14 -1 7 -1 14 -1 31 -1 30 -1 31 -1 14 -2
65386;41 -2
65387;31 -1 14 -1 31 -2
65388;30 -1 31 -2
65389;14 -1 41 -1 31 -1 30 -1 30 -1 30 -2
65390;17 -1 30 -2
65391;14 -1 41 -2
65392;41 -2
65393;14 -2
65394;41 -2
65395;14 -2
65396;14 -1 41 -2
65397;14 -1 38 -1 33 -2
65398;36 -1 34 -1 36 -1 38 -1 38 -1 38 -2
65399;14 -1 38 -1 37 -1 38 -1 14 -2
65400;38 -1 41 -1 41 -1 41 -1 41 -1 41 -1 31 -1 30 -1 30 -1 30 -1 30 -1 30 -1 30 -1 30 -1 30 -2
65401;30 -1 30 -1 30 -1 30 -2
65402;30 -1 30 -1 30 -1 30 -1 30 -2
65403;17 -1 31 -2
65404;17 -1 31 -2
65405;14 -1 41 -1 41 -1 41 -1 41 -1 41 -2
65406;31 -1 30 -1 14 -2
65407;14 -1 41 -2
65408;14 -2
