71;14 -2
72;14 -2
73;14 -1 41 -1 41 -1 41 -1 41 -2
74;41 -1 41 -1 41 -2
75;14 -1 2 -2
76;41 -2
77;14 -2
78;41 -2
79;14 -2
80;2 -1 14 -1 41 -1 41 -1 41 -2
81;41 -1 41 -1 41 -1 41 -1 41 -1 41 -1 41 -1 38 -2
138;14 -1 2 -1 2 -1 31 -1 31 -2
139;14 -2
140;14 -2
141;31 -1 30 -1 14 -1 2 -1 2 -2
142;14 -1 2 -1 41 -1 41 -1 38 -2
297;14 -1 2 -2
298;41 -2
299;2 -2
300;14 -1 41 -2
301;14 -1 7 -1 6 -2
302;6 -2
303;6 -2
304;6 -2
305;14 -2
306;2 -2
307;14 -2
308;41 -2
309;7 -1 7 -1 7 -2
310;7 -1 5 -1 5 -1 5 -2
311;5 -2
312;14 -2
313;14 -1 41 -2
314;2 -1 2 -2
315;14 -2
316;14 -2
317;2 -2
318;14 -1 41 -1 41 -1 41 -1 41 -1 41 -2
319;2 -2
320;14 -1 41 -1 2 -2
321;14 -1 31 -1 30 -1 30 -1 30 -1 30 -1 30 -1 30 -1 30 -1 30 -1 30 -1 30 -1 30 -1 30 -1 30 -1 30 -1 30 -1 30 -1 14 -1 31 -1 41 -2
322;14 -1 31 -1 30 -1 30 -1 30 -1 30 -1 30 -1 30 -1 30 -1 30 -1 30 -1 30 -1 30 -1 30 -2
323;2 -1 2 -2
324;31 -1 30 -2
325;17 -1 30 -1 30 -2
635;14 -2
636;17 -1 30 -2
637;17 -1 30 -1 28 -1 30 -2
638;14 -1 31 -1 30 -1 30 -1 14 -1 2 -1 2 -1 31 -1 41 -2
639;30 -2
640;17 -1 30 -2
641;14 -1 2 -2
642;3 -1 2 -1 2 -1 2 -2
643;30 -2
689;14 -1 41 -2
690;41 -2
691;2 -2
692;41 -2
693;14 -1 2 -2
694;2 -2
695;14 -2
696;2 -2
697;14 -1 41 -2
698;41 -2
699;41 -2
700;2 -1 2 -2
701;41 -2
970;14 -1 2 -1 2 -1 31 -1 30 -1 30 -2
971;2 -1 14 -1 41 -2
972;14 -1 31 -1 30 -1 14 -1 31 -1 30 -2
973;17 -1 30 -2
974;14 -1 31 -2
975;14 -1 31 -1 30 -2
976;14 -1 31 -1 48 -1 29 -2
977;14 -1 31 -1 30 -2
978;14 -1 31 -1 30 -2
979;30 -2
980;14 -1 2 -2
981;14 -1 2 -1 31 -1 30 -1 41 -2
982;14 -1 31 -1 30 -2
983;41 -1 2 -2
984;41 -2
985;14 -2
1183;14 -1 2 -1 2 -1 31 -1 30 -1 31 -2
1184;41 -1 31 -1 32 -2
1185;31 -2
1186;14 -1 41 -1 31 -1 2 -1 41 -1 2 -1 2 -2
1187;46 -1 1 -1 2 -1 3 -1 14 -1 2 -1 7 -1 7 -1 31 -1 5 -1 48 -1 5 -2
1188;14 -1 31 -1 2 -2
1189;14 -2
1190;14 -2
1191;14 -1 2 -1 14 -1 14 -2
1192;14 -2
1274;17 -1 30 -2
1275;17 -1 30 -2
1276;17 -1 30 -2
1277;17 -1 30 -2
1278;14 -2
1279;2 -1 31 -1 32 -2
1280;31 -1 30 -2
1281;14 -1 41 -2
1282;2 -2
1283;14 -1 31 -2
1284;31 -2
1285;14 -2
1286;17 -1 30 -2
1287;14 -2
1288;2 -1 41 -2
1289;14 -2
1290;14 -2
1291;14 -2
1292;14 -1 32 -1 32 -1 25 -1 32 -2
1537;14 -1 2 -2
1538;14 -1 31 -1 30 -2
1539;17 -1 46 -1 30 -2
1540;14 -1 7 -1 14 -2
1541;2 -1 6 -1 6 -1 6 -2
1542;6 -2
1543;6 -1 14 -1 7 -2
1544;48 -1 47 -1 48 -2
1545;48 -1 6 -2
1546;6 -2
1547;48 -2
1548;6 -2
1549;6 -1 47 -1 48 -1 6 -1 48 -1 48 -1 48 -2
1550;48 -1 48 -2
1551;30 -1 17 -1 30 -2
1552;14 -1 41 -1 41 -2
1553;30 -1 14 -1 31 -1 30 -1 17 -1 30 -2
1554;14 -1 31 -1 30 -2
1555;46 -1 17 -1 30 -2
1556;14 -1 31 -1 30 -1 46 -1 28 -1 30 -2
1557;30 -2
1558;17 -1 30 -1 30 -2
1559;30 -2
1560;46 -1 17 -1 30 -1 14 -1 2 -1 1 -1 46 -1 2 -2
1628;14 -1 2 -2
1629;2 -2
1630;2 -1 14 -2
1631;14 -1 41 -1 14 -1 14 -1 14 -2
1632;31 -1 30 -2
1633;31 -1 14 -1 41 -1 41 -1 41 -2
1634;41 -1 41 -1 14 -1 2 -2
1635;14 -1 2 -2
1636;14 -2
1637;14 -2
1638;14 -1 2 -1 14 -1 31 -1 30 -1 31 -1 30 -1 31 -1 30 -1 31 -1 30 -1 31 -1 30 -1 31 -1 14 -1 2 -1 14 -1 2 -1 14 -1 41 -1 41 -1 41 -1 41 -2
1639;41 -2
1640;14 -1 41 -2
1641;41 -1 14 -1 2 -2
1863;14 -1 41 -1 31 -1 30 -1 17 -1 30 -1 30 -2
1864;30 -1 14 -1 2 -1 2 -1 41 -2
1865;41 -2
1866;31 -1 30 -2
1867;17 -2
1868;30 -1 48 -1 48 -2
1869;28 -1 30 -2
1870;48 -1 14 -1 31 -1 30 -1 48 -2
1871;14 -1 41 -2
1872;14 -2
1873;30 -1 14 -1 31 -1 30 -1 30 -2
1874;30 -1 30 -1 30 -1 48 -1 48 -1 48 -2
1875;14 -1 31 -1 30 -2
1876;14 -1 31 -1 48 -2
1877;14 -1 31 -1 30 -1 48 -1 48 -1 29 -1 48 -1 29 -1 4 -1 48 -2
1878;14 -1 48 -2
1879;47 -1 48 -1 29 -1 13 -1 48 -1 14 -1 41 -2
1880;41 -2
1881;14 -2
1882;31 -1 30 -1 30 -1 14 -2
1883;14 -1 31 -1 48 -1 48 -1 30 -1 48 -1 14 -1 14 -1 31 -1 30 -1 48 -1 48 -2
1884;14 -1 31 -1 31 -1 30 -1 48 -1 14 -2
1885;14 -1 31 -1 30 -2
1886;14 -1 31 -1 30 -1 48 -1 14 -1 31 -1 30 -1 30 -2
1887;2 -2
1888;14 -1 31 -2
1889;14 -1 31 -2
1890;14 -1 2 -2
1891;14 -1 31 -1 31 -1 30 -2
1892;14 -1 2 -2
1893;14 -1 31 -1 30 -1 48 -2
1894;14 -2
1895;31 -1 30 -1 48 -2
2137;14 -1 2 -2
2138;14 -1 2 -2
2139;14 -2
2140;14 -1 41 -2
2141;41 -2
2142;41 -2
2143;2 -2
2144;14 -1 41 -2
2145;46 -1 2 -1 1 -1 46 -1 2 -2
2146;14 -2
2147;14 -2
2148;14 -1 2 -1 2 -2
2149;14 -1 41 -1 2 -2
2150;31 -1 30 -1 30 -1 14 -1 41 -1 41 -2
2151;41 -2
2152;2 -2
2153;41 -2
2154;2 -2
2155;14 -1 41 -2
2156;38 -1 14 -2
2157;31 -1 30 -1 30 -2
2158;14 -2
2159;14 -2
2160;2 -2
2249;14 -2
2250;41 -1 8 -1 32 -1 42 -1 3 -1 2 -2
2251;26 -1 32 -1 31 -1 41 -1 41 -1 41 -2
2252;7 -2
2253;3 -1 2 -2
2254;14 -1 3 -1 2 -2
2518;14 -1 2 -2
2519;14 -1 2 -1 41 -1 2 -2
2520;14 -1 38 -2
2639;14 -2
2640;14 -1 41 -1 2 -1 14 -2
2641;14 -1 14 -2
2642;14 -1 8 -1 7 -2
2643;6 -2
2644;6 -2
2645;6 -2
2646;6 -2
2647;14 -2
2648;14 -2
2649;14 -2
2650;14 -2
2651;14 -2
2652;14 -2
2653;14 -2
2654;14 -2
2655;14 -1 2 -1 41 -2
2829;41 -2
2830;2 -1 2 -1 31 -1 31 -1 30 -1 31 -1 30 -2
2831;17 -1 30 -1 31 -1 14 -1 2 -2
2832;14 -1 41 -2
2833;14 -1 2 -2
2834;41 -2
2835;2 -2
2836;41 -2
2837;41 -2
2838;31 -1 30 -2
2839;7 -2
2840;6 -1 6 -1 6 -1 6 -2
2841;6 -2
2842;6 -1 6 -1 6 -1 6 -2
2843;6 -1 6 -2
2844;41 -2
2845;6 -2
2846;6 -2
2847;6 -2
2848;6 -2
2849;6 -2
2850;6 -2
2851;6 -2
2852;14 -2
2853;2 -2
3037;14 -2
3038;14 -1 38 -2
3039;14 -2
3040;2 -1 2 -1 31 -1 30 -1 30 -1 30 -1 2 -1 38 -1 38 -1 38 -1 31 -1 30 -1 30 -1 30 -1 30 -1 30 -1 30 -2
3145;14 -2
3146;14 -2
3147;7 -2
3148;14 -1 7 -1 7 -2
3149;41 -2
3150;41 -2
3151;2 -2
3152;14 -2
3153;41 -2
3154;14 -1 31 -1 2 -1 31 -1 30 -1 30 -1 30 -2
3155;41 -2
3156;14 -1 41 -1 41 -2
3157;14 -1 41 -2
3158;41 -2
3159;41 -2
3298;14 -1 8 -2
3299;14 -1 31 -1 30 -1 30 -1 30 -1 30 -1 30 -1 30 -1 30 -1 30 -1 30 -1 30 -1 31 -1 31 -1 31 -1 31 -1 31 -1 31 -1 31 -2
3300;14 -1 41 -2
3301;31 -1 14 -1 41 -1 2 -2
3302;14 -1 31 -1 30 -1 30 -1 2 -2
3303;31 -1 31 -2
3304;14 -2
3305;31 -1 30 -1 30 -1 32 -1 31 -1 30 -1 30 -1 30 -1 30 -1 30 -1 30 -1 30 -2
3306;14 -2
3307;14 -2
3308;14 -2
3309;14 -2
3310;14 -1 41 -2
3311;2 -1 38 -1 14 -2
3312;14 -1 31 -2
3313;14 -2
3314;2 -2
3315;1 -1 46 -1 2 -1 3 -1 14 -2
3316;14 -1 41 -1 41 -2
3317;41 -1 41 -2
3318;41 -2
3319;2 -1 31 -1 30 -1 30 -1 38 -2
3320;41 -2
3321;41 -2
3322;41 -1 41 -2
3323;41 -2
3324;41 -2
3325;41 -2
3326;41 -2
3327;14 -1 41 -1 41 -1 41 -1 31 -2
3328;39 -1 3 -2
3716;14 -1 7 -1 31 -1 5 -1 30 -1 5 -2
3717;30 -2
3718;14 -1 31 -1 41 -1 30 -1 30 -2
3719;14 -1 2 -2
3720;14 -2
3721;31 -1 30 -1 30 -1 30 -1 30 -2
3722;30 -2
3723;14 -2
3724;14 -1 41 -2
3725;14 -1 31 -1 14 -1 49 -1 48 -2
3726;29 -2
3727;14 -1 14 -2
3728;14 -1 31 -1 30 -2
3729;14 -2
3730;41 -1 41 -2
3731;14 -1 31 -2
3732;24 -1 31 -1 31 -2
3733;14 -2
3734;31 -2
3735;14 -1 2 -1 1 -1 46 -1 1 -1 46 -1 2 -1 3 -1 14 -1 32 -1 31 -1 31 -1 30 -1 17 -1 30 -2
3736;14 -1 41 -1 38 -1 33 -2
3737;36 -2
3738;14 -1 31 -1 16 -1 31 -1 14 -2
3739;14 -1 31 -1 30 -2
3740;17 -1 30 -2
3969;14 -2
3970;14 -1 31 -2
3971;14 -1 31 -2
3972;14 -2
3973;14 -2
3974;14 -2
3975;14 -1 31 -1 30 -2
3976;14 -2
3977;14 -2
3978;14 -2
3979;14 -2
3980;14 -2
3981;14 -2
3982;14 -2
3983;14 -2
3984;14 -2
3985;14 -2
3986;14 -2
3987;14 -2
3988;14 -2
3989;14 -2
3990;14 -2
3991;14 -2
3992;14 -1 14 -1 41 -2
4296;14 -1 31 -1 30 -2
4297;41 -2
4298;41 -1 41 -2
4299;41 -2
4300;14 -1 49 -1 49 -1 49 -1 49 -1 49 -2
4301;49 -1 49 -1 49 -2
4302;49 -2
4303;14 -2
4304;41 -2
4305;2 -1 2 -2
4306;2 -2
4307;49 -1 49 -1 48 -1 49 -2
4308;14 -2
4309;14 -2
4310;2 -2
4311;14 -1 2 -2
4312;14 -1 2 -2
4313;14 -1 49 -1 49 -1 49 -1 49 -1 49 -1 48 -2
4314;14 -1 2 -2
4315;14 -2
4316;2 -2
4485;14 -1 2 -1 49 -1 49 -1 48 -2
4486;14 -2
4487;14 -2
4488;14 -2
4489;14 -2
4490;14 -1 7 -2
4491;48 -2
4492;14 -2
4493;14 -1 7 -1 5 -1 5 -1 5 -2
4494;2 -1 31 -1 30 -1 30 -2
4495;14 -2
4496;14 -2
4497;2 -1 2 -1 41 -2
4498;2 -1 2 -1 2 -1 41 -1 41 -2
4499;41 -2
4500;41 -1 41 -1 41 -1 31 -1 30 -2
4501;2 -1 7 -1 41 -1 2 -1 41 -2
4502;41 -2
4503;14 -2
4504;49 -1 49 -1 48 -1 14 -2
4505;14 -2
4506;14 -1 38 -1 31 -1 41 -1 49 -1 49 -1 48 -1 14 -2
4507;14 -2
4508;38 -1 38 -2
4629;14 -2
4630;41 -2
4631;14 -1 2 -2
4632;14 -2
4633;2 -2
4634;31 -1 48 -1 48 -1 14 -1 2 -2
4635;46 -1 1 -1 2 -2
4636;2 -2
4637;2 -1 46 -1 1 -1 2 -2
4638;14 -2
4639;14 -2
4640;41 -1 41 -1 41 -2
4641;41 -2
4642;38 -2
4643;14 -2
4821;14 -2
4822;3 -1 2 -2
4823;14 -1 2 -1 41 -1 41 -1 41 -1 38 -1 31 -1 30 -1 31 -1 30 -1 31 -1 14 -1 41 -1 41 -1 2 -1 49 -1 49 -2
5290;14 -1 31 -1 31 -1 7 -2
5291;14 -1 31 -1 30 -2
5292;14 -2
5293;14 -1 2 -2
5294;31 -1 48 -1 30 -1 2 -1 2 -1 2 -1 41 -1 2 -2
5295;14 -2
5686;14 -2
5687;14 -2
5688;14 -1 31 -1 30 -1 30 -2
5689;30 -2
5690;30 -1 30 -2
5691;14 -2
5692;14 -1 49 -1 49 -1 48 -1 49 -1 48 -2
5693;49 -1 48 -1 49 -1 48 -2
5694;14 -2
5695;14 -1 41 -1 2 -1 31 -1 24 -1 31 -1 38 -1 41 -1 2 -1 2 -1 2 -2
5696;14 -1 49 -1 49 -1 48 -1 49 -1 48 -2
5697;49 -1 48 -2
5698;14 -2
5699;14 -2
5700;14 -2
5701;49 -2
5702;14 -1 41 -2
5703;31 -1 41 -1 41 -2
5704;14 -2
5705;14 -1 41 -1 38 -1 2 -1 41 -1 41 -2
5706;2 -2
5707;14 -1 14 -2
6025;14 -2
6026;3 -2
6027;14 -2
6028;2 -2
6029;14 -2
6030;3 -2
6031;2 -2
6032;31 -1 30 -2
6033;17 -1 30 -2
6034;30 -1 30 -1 30 -1 30 -1 30 -2
6035;14 -1 41 -1 41 -2
6036;41 -1 2 -2
6037;14 -2
6038;14 -1 3 -1 2 -2
6039;14 -2
6040;2 -2
6041;2 -1 46 -1 1 -2
6042;14 -1 3 -1 2 -2
6208;14 -1 41 -2
6209;2 -2
6210;14 -1 31 -1 14 -2
6211;14 -1 41 -2
6212;14 -2
6213;2 -2
6214;14 -1 14 -1 41 -2
6215;2 -2
6216;14 -1 41 -1 41 -2
6217;41 -2
6218;41 -1 2 -1 2 -2
6219;14 -1 49 -1 14 -2
6220;2 -2
6221;14 -2
6222;2 -2
6223;14 -2
6428;14 -1 2 -1 31 -1 2 -2
6429;14 -1 2 -1 14 -1 14 -1 2 -2
6430;14 -1 2 -2
6431;14 -2
6840;48 -1 13 -2
6841;48 -1 13 -2
6842;48 -1 13 -1 14 -2
6843;48 -1 48 -2
6844;48 -1 13 -2
7345;14 -1 7 -1 5 -1 5 -2
7346;5 -1 7 -1 14 -1 7 -1 14 -2
7347;14 -1 2 -2
7348;1 -1 46 -1 2 -2
7349;14 -1 3 -1 2 -1 3 -1 2 -1 14 -1 38 -1 14 -1 2 -1 3 -1 14 -1 2 -1 14 -1 31 -1 14 -1 41 -1 41 -2
7477;14 -2
7478;14 -1 31 -1 30 -1 30 -1 30 -1 30 -1 30 -1 30 -1 14 -1 31 -1 2 -1 41 -1 2 -2
7479;14 -2
7480;14 -1 2 -2
7481;14 -1 2 -1 2 -2
7482;14 -2
7483;31 -1 30 -1 30 -1 14 -1 31 -1 38 -2
7811;14 -2
7812;41 -1 7 -1 48 -2
7813;6 -2
7814;6 -1 48 -1 48 -2
7815;6 -2
7816;6 -2
7817;48 -1 48 -2
7818;48 -2
7819;6 -2
7820;14 -2
7821;41 -2
7999;14 -2
8000;14 -2
8001;7 -1 6 -2
8002;14 -1 41 -2
8003;41 -1 41 -2
8004;2 -2
8005;6 -2
8006;6 -2
8007;3 -1 14 -2
8008;6 -2
8009;6 -2
8010;3 -1 6 -2
8011;6 -2
8012;6 -2
8013;6 -2
8014;6 -1 14 -2
8015;14 -1 2 -2
8016;14 -1 14 -2
8017;2 -1 1 -1 46 -1 2 -2
8018;14 -2
8019;41 -1 41 -2
8020;41 -1 41 -2
8021;41 -1 41 -1 41 -1 3 -1 14 -1 2 -2
8022;14 -1 41 -2
8023;14 -1 14 -1 31 -1 30 -1 14 -1 31 -1 30 -1 31 -1 14 -1 49 -1 49 -1 48 -2
8024;14 -1 2 -2
8025;14 -1 14 -1 3 -1 14 -2
8026;14 -1 14 -2
8027;14 -2
8028;14 -1 31 -1 30 -1 14 -1 41 -1 41 -2
8029;14 -1 41 -2
8030;31 -1 41 -1 41 -2
8031;14 -1 31 -1 14 -2
8032;14 -1 41 -2
8033;14 -2
8034;41 -1 38 -1 14 -1 41 -2
8035;41 -2
8036;41 -2
8183;14 -1 2 -2
8184;14 -2
8338;14 -1 31 -1 14 -1 31 -1 2 -2
8339;14 -2
8340;14 -2
8341;14 -2
8342;14 -2
8343;14 -2
8344;41 -1 41 -1 2 -2
8345;14 -1 2 -2
8346;14 -1 31 -1 30 -2
8347;41 -1 31 -1 14 -1 2 -2
8348;1 -1 46 -1 2 -1 14 -1 2 -1 14 -1 14 -1 2 -2
8516;14 -1 14 -2
8517;14 -1 2 -1 14 -2
8518;14 -1 14 -1 14 -2
8519;14 -1 14 -2
8520;14 -1 14 -2
8521;14 -2
8522;14 -2
8523;14 -2
8524;14 -2
8525;14 -2
8526;14 -1 31 -2
8527;14 -2
8528;2 -2
8529;14 -2
8530;41 -2
8531;14 -2
8532;14 -2
8533;14 -2
8534;14 -1 14 -1 2 -2
8535;14 -1 14 -1 14 -2
8536;38 -1 2 -1 41 -1 14 -2
8537;14 -1 14 -2
8538;31 -1 14 -2
8539;14 -1 2 -1 14 -2
8540;14 -2
8640;31 -1 30 -1 30 -1 30 -1 30 -1 30 -1 30 -1 30 -2
8641;17 -1 30 -2
8642;14 -2
8643;41 -2
8644;31 -1 30 -1 30 -1 30 -1 30 -1 30 -1 30 -2
8645;14 -2
8646;14 -2
8647;31 -1 30 -1 30 -2
8648;17 -1 30 -2
8649;30 -1 17 -1 30 -2
8816;14 -1 41 -1 2 -2
8817;14 -1 2 -1 14 -2
8818;14 -1 7 -2
8819;14 -1 7 -1 5 -1 5 -2
8820;5 -2
8821;14 -2
8822;2 -2
8823;14 -2
8824;31 -1 30 -2
8825;14 -2
8826;31 -2
8827;14 -1 2 -2
8828;14 -2
8829;14 -2
8830;2 -2
8831;14 -2
8832;14 -1 41 -2
8833;31 -1 30 -2
8834;14 -1 41 -1 31 -1 2 -2
9196;30 -1 30 -1 30 -1 30 -1 30 -1 30 -2
9197;41 -2
9198;14 -2
9199;31 -1 30 -2
9200;14 -1 7 -1 5 -1 5 -2
9201;48 -1 48 -1 14 -1 31 -1 30 -1 48 -1 30 -1 48 -1 48 -1 48 -2
9202;14 -1 14 -1 2 -1 2 -2
9203;14 -2
9204;41 -2
9205;41 -2
9206;41 -2
9207;31 -1 30 -1 30 -1 30 -2
9208;30 -1 30 -1 30 -1 30 -1 41 -2
9209;41 -2
9210;14 -2
9211;31 -1 30 -1 30 -2
9212;41 -1 2 -1 31 -1 30 -2
9213;14 -1 38 -1 41 -1 31 -1 41 -1 41 -2
9458;14 -1 41 -1 41 -1 2 -2
9459;41 -2
9460;14 -1 41 -1 41 -1 2 -1 41 -2
9461;14 -1 31 -1 31 -1 2 -1 2 -2
9462;14 -2
9560;14 -1 41 -1 2 -1 2 -1 41 -1 2 -2
9561;14 -1 2 -2
9562;14 -2
9563;14 -2
9732;14 -1 2 -2
9733;7 -1 5 -1 5 -2
9734;14 -1 2 -2
9735;14 -2
9736;14 -1 2 -1 14 -1 2 -2
9737;2 -2
9738;14 -1 31 -1 30 -1 30 -2
9739;30 -1 30 -2
9740;2 -2
9905;14 -1 14 -1 2 -1 2 -2
9906;2 -1 2 -1 41 -1 41 -2
9907;41 -1 2 -1 3 -1 2 -2
9908;14 -1 14 -1 3 -2
9909;14 -1 31 -1 2 -1 2 -1 31 -2
9910;14 -1 3 -1 31 -1 41 -1 2 -1 2 -1 41 -1 41 -1 41 -1 41 -1 41 -1 2 -1 41 -1 41 -1 41 -1 31 -1 48 -2
9911;14 -1 31 -1 2 -2
9912;14 -1 3 -1 41 -2
9913;14 -1 14 -1 41 -1 41 -1 2 -1 31 -1 38 -1 41 -1 41 -1 41 -2
9914;14 -1 14 -1 3 -1 2 -1 1 -1 46 -1 2 -1 2 -2
9915;14 -1 14 -1 3 -1 31 -1 2 -1 2 -1 31 -2
9916;14 -1 38 -1 33 -2
9917;36 -2
9918;36 -2
9919;36 -2
9920;36 -1 36 -1 36 -1 36 -2
9921;36 -2
9922;36 -1 36 -1 36 -1 36 -1 36 -2
9923;36 -2
9924;36 -2
9925;36 -1 36 -1 36 -1 36 -1 36 -1 36 -1 36 -1 36 -1 34 -1 36 -1 38 -1 33 -2
9926;36 -1 36 -1 36 -2
9927;36 -1 36 -1 38 -1 34 -2
10101;14 -1 2 -2
10102;2 -1 14 -1 3 -2
10103;14 -1 41 -1 2 -2
10104;14 -2
10105;14 -2
10106;14 -1 31 -1 30 -1 30 -1 30 -1 30 -1 31 -1 31 -1 30 -1 30 -1 14 -1 2 -2
10107;14 -1 2 -1 14 -1 41 -1 41 -1 31 -1 30 -1 16 -1 31 -1 30 -1 14 -2
10558;14 -1 31 -2
10559;14 -2
10560;14 -2
10561;41 -2
10562;2 -2
10563;41 -1 31 -1 30 -1 30 -2
10564;2 -1 3 -1 2 -1 14 -1 41 -2
10565;31 -2
10566;16 -1 31 -2
10567;14 -2
10568;2 -2
10569;14 -2
10570;14 -2
10571;31 -2
10572;30 -2
10573;14 -2
10574;2 -2
10764;14 -1 49 -1 49 -1 49 -1 48 -2
10765;14 -1 42 -1 14 -1 41 -1 3 -1 2 -2
10766;46 -1 1 -1 2 -1 14 -1 3 -1 2 -1 14 -2
10767;14 -1 41 -2
10768;14 -1 3 -1 2 -2
10769;14 -1 49 -1 49 -1 48 -2
10770;14 -1 31 -1 32 -1 32 -1 25 -1 32 -1 32 -1 14 -1 7 -1 14 -1 14 -1 38 -1 14 -1 41 -2
10771;14 -1 41 -1 41 -2
10772;41 -2
10773;41 -2
10774;14 -2
10775;14 -2
10776;41 -2
10777;14 -1 41 -2
10778;14 -1 41 -2
10779;41 -2
11092;14 -1 41 -1 7 -1 5 -1 14 -1 2 -2
11093;3 -1 2 -2
11094;3 -1 14 -1 31 -1 30 -1 14 -1 41 -2
11095;31 -1 30 -1 14 -1 2 -1 41 -1 41 -1 41 -1 41 -2
11096;41 -2
11480;14 -1 2 -2
11481;31 -1 14 -2
11482;14 -2
11483;14 -1 41 -1 41 -1 41 -2
11484;41 -2
11485;14 -1 31 -1 30 -1 30 -1 41 -1 31 -1 38 -2
11486;14 -1 41 -1 14 -1 2 -1 41 -1 41 -1 41 -1 41 -1 31 -1 14 -1 2 -1 2 -2
11487;2 -2
11488;14 -2
11489;41 -2
11490;14 -1 41 -2
11652;14 -2
11653;31 -2
11654;16 -1 31 -1 30 -2
11655;30 -2
11656;2 -2
11657;2 -2
11658;14 -1 31 -1 30 -2
11659;17 -1 30 -2
11660;14 -1 31 -1 30 -2
11661;31 -1 30 -2
11662;17 -1 46 -1 30 -1 2 -1 31 -1 30 -2
11663;16 -1 31 -2
11664;14 -1 42 -1 41 -2
11665;41 -2
11666;14 -1 22 -1 22 -2
11667;22 -1 31 -1 30 -1 30 -2
11668;30 -2
11669;46 -1 17 -1 30 -2
11670;14 -1 41 -1 31 -1 30 -1 30 -1 30 -2
11782;14 -1 41 -2
11783;41 -2
11784;14 -1 41 -2
11785;41 -2
11786;41 -1 41 -2
11787;41 -2
11788;41 -2
11789;41 -1 41 -1 41 -1 14 -1 41 -2
11962;14 -1 41 -2
11963;14 -2
11964;14 -2
11965;14 -1 2 -2
11966;2 -1 46 -1 1 -1 2 -1 14 -2
12135;14 -1 3 -1 2 -1 2 -2
12188;14 -1 3 -1 2 -2
12189;14 -1 3 -2
12190;14 -1 3 -1 2 -2
12191;2 -2
12192;14 -2
12193;14 -1 3 -1 2 -1 31 -1 30 -1 30 -1 30 -1 17 -1 30 -1 14 -2
12194;14 -1 2 -1 31 -1 30 -1 30 -1 30 -1 41 -2
12195;38 -2
12196;14 -1 3 -1 2 -1 2 -2
12197;14 -1 3 -2
12198;2 -1 1 -1 46 -1 2 -2
12344;14 -1 7 -1 5 -1 6 -2
12345;6 -2
12346;6 -1 6 -2
12347;6 -1 6 -2
12348;6 -1 6 -2
12349;6 -1 6 -2
12350;14 -2
12351;14 -2
12352;7 -1 31 -1 30 -1 30 -1 14 -1 41 -2
12353;41 -1 41 -2
12354;41 -2
12355;14 -2
12356;41 -2
12357;2 -1 1 -1 46 -1 2 -1 14 -2
12358;14 -1 2 -1 2 -2
13180;14 -1 31 -1 30 -1 14 -1 31 -1 30 -1 30 -2
13181;14 -1 41 -2
13182;14 -2
13183;14 -1 31 -1 48 -1 48 -1 48 -1 48 -1 48 -1 48 -1 48 -1 48 -1 31 -1 30 -1 48 -1 48 -1 48 -1 14 -2
13430;31 -1 48 -1 29 -2
13431;17 -1 30 -2
13432;30 -2
13433;14 -2
13434;41 -2
13435;7 -1 5 -1 5 -2
13436;14 -2
13437;26 -1 31 -2
13438;14 -1 14 -2
13439;14 -1 14 -1 38 -1 41 -1 41 -1 41 -1 41 -2
13595;2 -1 14 -1 41 -1 31 -2
13596;41 -2
13597;14 -1 41 -2
13598;41 -2
13599;41 -2
13600;2 -1 2 -2
13601;14 -1 2 -2
13602;41 -2
13603;14 -2
13604;14 -1 41 -2
13879;14 -2
13880;2 -1 2 -2
13881;14 -1 2 -2
13882;14 -1 14 -2
13883;41 -1 2 -2
13884;14 -1 7 -1 6 -2
13885;6 -2
13886;6 -1 6 -1 48 -1 48 -2
13887;6 -1 6 -1 6 -1 6 -1 6 -2
13888;14 -2
13889;14 -2
13890;14 -2
13891;14 -2
13892;14 -1 2 -1 2 -2
13893;14 -2
13894;14 -2
13895;14 -2
13896;14 -2
13897;14 -2
13898;14 -2
13899;14 -2
13900;31 -1 30 -1 30 -1 30 -1 30 -1 2 -2
13901;46 -1 1 -1 2 -1 14 -1 41 -2
14137;14 -1 14 -1 31 -1 30 -1 30 -1 30 -1 30 -1 7 -2
14138;14 -1 31 -1 30 -1 30 -1 30 -2
14139;14 -1 14 -1 41 -1 31 -1 30 -2
14274;14 -1 41 -1 31 -1 41 -1 41 -2
14275;41 -2
14276;41 -2
14277;41 -2
14278;31 -2
14279;30 -2
14280;41 -1 2 -1 41 -2
14281;41 -2
14282;41 -2
14283;41 -1 2 -1 41 -2
14284;48 -2
14285;14 -1 31 -1 30 -2
14286;17 -1 30 -2
14287;14 -1 31 -1 30 -1 17 -1 30 -2
14288;14 -1 31 -1 30 -2
14289;17 -1 30 -1 48 -1 17 -1 30 -2
14290;14 -2
14291;31 -1 30 -2
14292;2 -2
14293;2 -1 14 -1 31 -1 30 -2
14294;17 -1 30 -2
14295;14 -2
14496;48 -1 14 -2
14497;41 -2
14498;2 -2
14499;14 -1 41 -2
14500;41 -2
14501;48 -1 14 -2
14502;2 -1 31 -1 2 -1 2 -1 30 -1 30 -1 48 -2
14503;48 -1 14 -1 2 -2
14504;46 -1 1 -1 2 -1 14 -2
14505;48 -1 14 -2
14506;41 -1 41 -2
14507;41 -2
14508;14 -1 41 -1 41 -2
14656;14 -1 14 -1 41 -2
14657;14 -1 2 -2
14658;2 -2
14890;14 -1 41 -1 41 -1 41 -2
14891;14 -1 41 -2
14892;41 -2
14893;41 -1 31 -1 30 -1 14 -1 49 -1 31 -2
14894;30 -2
14895;17 -1 30 -1 30 -1 28 -1 30 -1 14 -1 49 -1 48 -2
14896;14 -1 49 -1 14 -1 3 -1 14 -2
14897;41 -2
14898;49 -1 14 -2
14899;2 -1 3 -1 14 -2
14900;31 -1 30 -2
14901;17 -1 30 -2
14902;28 -1 30 -1 30 -1 14 -2
14903;41 -2
14904;49 -1 31 -1 30 -1 30 -2
14905;17 -1 30 -1 14 -1 31 -1 30 -1 30 -1 30 -1 30 -1 30 -2
14906;14 -1 31 -1 30 -1 30 -2
14907;14 -1 31 -1 30 -2
14908;14 -1 31 -1 30 -2
14909;14 -2
14910;14 -1 49 -2
14911;14 -2
14912;2 -2
14913;14 -1 31 -1 30 -2
14914;41 -2
14915;14 -1 49 -1 31 -1 30 -2
14916;17 -1 30 -1 30 -2
14917;14 -1 31 -1 30 -1 48 -1 14 -1 31 -1 30 -2
14918;14 -1 31 -2
14919;14 -2
14920;14 -1 31 -1 30 -1 14 -1 48 -2
14921;14 -1 31 -1 30 -2
14922;14 -1 41 -1 41 -2
14923;41 -2
14924;41 -2
14925;41 -1 41 -1 38 -2
14926;14 -1 2 -1 2 -1 38 -1 2 -2
14927;14 -1 2 -2
14928;14 -1 49 -1 48 -2
14929;48 -2
14930;14 -1 49 -1 48 -2
14931;14 -2
14932;14 -1 39 -1 38 -1 3 -2
14933;14 -2
14934;14 -1 49 -1 49 -1 48 -1 48 -2
14935;14 -1 31 -1 41 -2
14936;41 -1 2 -1 38 -1 41 -1 41 -2
14937;41 -1 14 -2
14938;41 -2
14939;38 -1 33 -1 14 -2
14940;48 -2
14941;14 -2
15344;30 -2
15345;30 -2
15346;48 -2
15347;14 -1 49 -1 48 -2
15348;14 -1 32 -1 31 -1 30 -2
15349;17 -1 46 -1 30 -1 19 -1 30 -1 17 -1 30 -1 32 -2
15350;14 -1 49 -1 49 -1 48 -2
15351;14 -1 32 -1 31 -1 30 -1 30 -1 30 -1 14 -1 14 -1 49 -1 49 -1 48 -2
15352;7 -1 5 -1 5 -2
15353;14 -2
15354;32 -1 31 -1 30 -2
15355;14 -1 49 -1 48 -1 29 -1 14 -1 31 -1 30 -2
15356;17 -1 30 -2
15357;14 -2
15358;30 -1 31 -1 30 -2
15359;14 -1 41 -1 41 -2
15360;14 -1 41 -1 14 -1 41 -2
15361;14 -1 38 -2
15362;14 -1 3 -1 14 -2
15363;14 -1 41 -2
15364;14 -1 41 -2
15365;41 -1 41 -2
15366;14 -1 14 -1 41 -1 41 -1 41 -2
15367;41 -1 41 -2
15368;2 -2
15369;14 -2
15370;31 -2
15371;31 -2
15372;14 -1 41 -1 16 -1 14 -1 31 -2
15373;2 -2
15374;31 -2
15375;31 -2
15376;31 -2
15377;31 -2
15378;31 -1 14 -1 49 -2
15379;49 -2
15380;14 -1 41 -1 41 -1 2 -1 2 -1 41 -1 41 -1 31 -1 41 -2
15381;14 -1 31 -1 30 -1 17 -1 30 -1 14 -1 2 -1 31 -1 14 -1 3 -1 41 -2
15382;16 -1 14 -1 41 -2
15383;32 -1 31 -1 30 -1 14 -2
15384;14 -1 41 -2
15385;41 -2
15634;14 -1 41 -1 2 -2
15635;14 -1 2 -1 41 -2
15837;14 -1 2 -1 3 -1 14 -1 31 -1 30 -1 32 -1 14 -2
15838;14 -1 3 -1 2 -1 2 -1 14 -1 32 -1 31 -1 30 -1 17 -1 30 -1 14 -1 42 -2
15839;14 -1 3 -1 31 -1 30 -1 17 -1 30 -2
15840;30 -1 17 -1 30 -2
15841;14 -1 3 -1 2 -1 14 -1 31 -1 30 -1 17 -1 30 -1 32 -1 31 -1 30 -1 30 -1 30 -1 17 -1 30 -2
15842;14 -1 2 -1 31 -1 30 -1 30 -2
15843;31 -1 30 -2
15844;32 -2
15845;14 -1 2 -2
15846;14 -1 31 -1 30 -2
15847;17 -1 30 -2
15848;31 -1 30 -2
15849;48 -2
15850;14 -2
15851;14 -1 31 -1 30 -1 30 -1 30 -1 30 -1 30 -1 14 -2
15852;14 -1 2 -1 3 -1 2 -1 14 -1 31 -1 30 -1 32 -1 14 -1 31 -1 30 -2
15853;31 -1 31 -1 30 -2
15854;46 -1 17 -1 30 -2
15855;14 -1 2 -2
15856;14 -1 31 -1 30 -1 46 -1 28 -1 30 -1 30 -2
15857;14 -1 2 -1 41 -2
15858;2 -1 14 -1 41 -2
15859;14 -1 31 -1 30 -2
16172;14 -1 31 -1 30 -2
16173;17 -1 30 -2
16174;14 -1 2 -1 31 -1 30 -1 19 -1 30 -2
16175;17 -1 30 -2
16176;14 -1 41 -1 41 -1 2 -2
16177;14 -2
16178;14 -2
16179;31 -1 30 -2
16180;17 -1 30 -1 30 -2
16181;30 -1 19 -2
16182;30 -2
16183;17 -1 30 -2
16184;31 -1 30 -2
16185;31 -1 30 -2
16186;14 -1 41 -1 2 -2
16187;30 -2
16188;17 -1 30 -2
16189;28 -1 30 -2
16190;28 -1 30 -1 30 -2
16191;31 -1 31 -1 30 -2
16192;14 -1 2 -2
16193;30 -2
16194;17 -1 30 -2
16195;30 -1 30 -2
16196;30 -2
16197;30 -2
16198;31 -1 30 -1 30 -2
16199;14 -1 31 -1 30 -2
16200;17 -1 30 -1 30 -1 19 -1 30 -1 17 -1 30 -1 31 -1 30 -1 30 -2
16201;14 -1 2 -1 31 -1 30 -2
16202;14 -1 41 -2
16654;14 -1 31 -1 41 -1 2 -1 2 -1 14 -1 2 -1 41 -2
16655;14 -2
16656;41 -2
16657;41 -2
16658;41 -1 2 -1 2 -2
16659;2 -2
16660;41 -2
16661;2 -2
16662;41 -1 41 -1 41 -1 41 -2
16830;14 -1 3 -2
16831;14 -1 3 -1 2 -2
16832;14 -2
16833;14 -1 3 -1 2 -1 31 -1 30 -1 48 -1 30 -1 2 -2
16834;14 -1 3 -1 31 -1 30 -1 30 -1 48 -2
16835;14 -1 31 -2
16836;14 -1 3 -1 31 -2
16837;14 -1 31 -1 2 -1 7 -1 5 -1 5 -2
16838;14 -1 42 -1 3 -1 2 -1 14 -1 31 -1 30 -2
16839;14 -1 3 -1 31 -1 30 -1 48 -1 30 -1 48 -1 30 -1 48 -1 48 -1 30 -1 48 -2
16840;14 -1 3 -1 31 -1 30 -2
16841;14 -1 38 -1 2 -1 31 -1 41 -2
16842;14 -1 3 -1 2 -1 41 -1 41 -2
16843;14 -1 3 -1 3 -1 2 -2
16844;14 -1 41 -2
16845;41 -2
16913;14 -1 3 -1 2 -1 2 -2
16914;1 -1 46 -1 2 -1 14 -2
17018;14 -1 14 -2
17019;14 -1 14 -2
17020;2 -2
17021;2 -2
17155;14 -1 2 -2
17156;14 -2
17157;14 -1 41 -1 41 -1 41 -1 3 -1 3 -2
17158;14 -1 14 -1 31 -1 31 -1 30 -1 30 -2
17159;30 -1 30 -2
17501;14 -1 31 -1 30 -1 31 -1 30 -2
17502;17 -1 30 -1 30 -2
17503;14 -1 2 -1 14 -1 31 -2
17504;16 -1 31 -1 31 -1 30 -1 31 -1 30 -1 14 -1 3 -1 14 -1 32 -1 14 -2
17505;14 -2
17506;14 -1 14 -1 2 -1 14 -1 2 -1 14 -1 31 -1 30 -1 17 -1 30 -1 31 -1 30 -2
17507;17 -1 30 -1 30 -2
17508;17 -1 30 -2
17509;28 -1 30 -2
17510;14 -1 41 -2
17511;41 -1 41 -2
17512;41 -2
17513;14 -1 14 -1 31 -1 30 -1 14 -1 31 -1 30 -1 31 -1 30 -1 31 -1 30 -2
17514;17 -1 30 -1 14 -2
17515;14 -1 2 -2
17516;14 -1 2 -1 14 -1 31 -1 30 -2
17517;17 -1 46 -1 30 -2
17518;14 -1 32 -1 31 -1 31 -1 30 -1 14 -1 41 -2
17849;14 -1 41 -2
17934;14 -1 41 -2
17935;2 -1 2 -2
17936;2 -1 14 -1 14 -1 41 -1 2 -2
17937;14 -1 2 -2
17938;14 -1 41 -2
17939;2 -2
17940;41 -1 41 -2
17941;41 -1 41 -2
17942;14 -1 41 -2
17943;41 -2
17944;41 -1 41 -2
17945;2 -2
17946;31 -1 30 -1 48 -1 48 -1 14 -2
17947;14 -2
17948;2 -2
17949;1 -1 46 -1 2 -2
17950;14 -2
17951;31 -1 30 -2
17952;30 -1 30 -2
17953;14 -1 41 -2
18220;14 -2
18221;14 -1 2 -1 2 -2
18222;14 -1 41 -1 2 -1 2 -2
18223;14 -2
18563;14 -1 41 -1 41 -1 41 -1 41 -2
18564;14 -1 2 -1 41 -2
18565;14 -2
18566;41 -2
18723;14 -1 2 -1 2 -2
18724;14 -1 2 -2
18725;2 -2
18726;14 -2
18727;14 -2
18728;14 -1 2 -2
18729;14 -2
18730;2 -2
18731;14 -1 2 -2
18732;14 -1 41 -2
18733;14 -2
18734;14 -1 41 -2
18735;41 -2
18736;41 -2
18737;41 -2
18738;2 -2
18739;46 -1 1 -1 2 -2
18740;14 -1 2 -1 2 -2
19018;14 -1 31 -1 30 -1 48 -1 31 -1 30 -1 30 -1 14 -1 2 -2
19019;14 -1 41 -2
19020;2 -1 41 -2
19021;31 -1 30 -1 31 -1 30 -2
19022;46 -1 17 -1 30 -2
19023;14 -2
19024;14 -1 41 -2
19025;14 -1 31 -1 30 -1 31 -1 30 -2
19026;16 -1 31 -2
19027;14 -2
19028;14 -1 31 -1 30 -2
19182;14 -1 14 -1 31 -1 14 -2
19183;31 -1 14 -2
19184;41 -1 2 -1 14 -2
19185;14 -1 14 -1 41 -2
19186;41 -2
19187;14 -2
19188;41 -1 41 -1 41 -2
19189;41 -2
19190;14 -1 41 -2
19191;14 -1 14 -1 14 -1 31 -1 14 -2
19192;14 -2
19193;14 -2
19194;2 -2
19195;2 -1 14 -1 2 -1 1 -1 46 -1 2 -1 14 -2
19196;14 -1 31 -2
19197;14 -1 14 -1 31 -1 14 -1 31 -1 14 -2
19198;14 -2
19503;14 -1 3 -1 2 -1 2 -2
19504;14 -2
19808;14 -1 31 -1 30 -2
19809;17 -1 30 -1 48 -2
19810;14 -2
19811;14 -2
19874;14 -2
19875;14 -1 7 -1 6 -2
19876;14 -2
19877;14 -1 41 -2
19878;14 -2
19879;14 -2
19880;41 -1 2 -1 31 -2
19881;2 -1 31 -2
19882;46 -1 1 -1 2 -2
19984;14 -2
19985;14 -1 2 -2
19986;14 -1 2 -1 31 -1 30 -1 30 -1 30 -1 30 -1 30 -1 30 -2
19987;17 -1 30 -1 14 -1 2 -1 14 -1 41 -1 3 -1 2 -2
19988;14 -1 31 -2
19989;48 -1 30 -2
19990;17 -1 30 -2
19991;14 -1 31 -1 30 -2
19992;14 -2
19993;14 -1 2 -2
19994;2 -2
19995;2 -1 31 -1 30 -2
19996;14 -1 31 -1 30 -1 41 -2
19997;14 -1 2 -1 2 -2
19998;14 -1 2 -1 41 -1 2 -2
19999;14 -2
20000;41 -1 2 -1 3 -1 2 -1 2 -1 2 -1 41 -1 31 -1 30 -1 30 -1 14 -1 7 -1 31 -1 2 -2
20228;14 -1 3 -1 2 -1 14 -1 2 -1 41 -2
20275;14 -1 3 -2
20276;2 -1 14 -2
20277;14 -1 41 -2
20278;2 -1 14 -1 31 -1 30 -1 14 -1 2 -1 31 -1 30 -2
20279;17 -1 30 -1 14 -2
20280;30 -2
20281;14 -1 2 -2
20282;14 -1 3 -1 14 -1 14 -2
20283;2 -1 31 -1 30 -2
20284;17 -1 30 -2
20285;17 -1 30 -1 14 -2
20286;3 -1 2 -2
20287;14 -1 2 -1 2 -1 31 -1 30 -1 30 -1 30 -2
20288;14 -1 7 -1 5 -1 5 -2
20289;14 -1 41 -2
20290;7 -1 41 -2
20291;14 -1 39 -1 38 -1 33 -2
20292;14 -1 3 -1 2 -2
20293;14 -2
20294;31 -2
20295;14 -1 3 -1 2 -2
20296;14 -1 3 -1 2 -2
20297;14 -1 31 -1 30 -1 2 -1 31 -1 30 -1 30 -2
20298;41 -1 41 -1 41 -2
20299;14 -2
20506;14 -2
20507;2 -1 46 -1 1 -1 2 -2
20657;14 -2
20658;14 -1 41 -1 41 -2
20659;41 -1 41 -1 41 -2
20660;14 -1 41 -2
20661;14 -2
20662;14 -1 2 -1 2 -2
20663;14 -2
20839;14 -1 31 -1 30 -1 30 -2
20840;14 -1 2 -1 31 -1 30 -1 14 -1 41 -2
20841;14 -1 31 -1 30 -2
20842;14 -1 14 -1 49 -1 49 -1 49 -1 49 -2
20843;14 -1 49 -1 49 -1 48 -2
20844;14 -2
20845;14 -1 41 -1 41 -1 41 -2
20846;14 -1 2 -1 41 -2
20847;41 -1 41 -2
20848;2 -1 31 -1 30 -1 30 -1 48 -2
20849;14 -2
20850;14 -2
20851;14 -1 2 -2
20852;14 -2
20853;14 -2
20854;14 -1 41 -2
21072;14 -2
21073;2 -2
21074;14 -2
21075;14 -2
21076;41 -1 41 -2
21077;41 -1 41 -1 41 -1 7 -1 41 -2
21078;5 -1 5 -2
21079;5 -1 5 -2
21080;5 -1 5 -2
21081;5 -2
21082;5 -2
21083;5 -1 5 -2
21084;5 -1 5 -1 5 -1 5 -1 5 -1 5 -1 5 -1 14 -1 7 -1 41 -2
21085;6 -2
21086;14 -1 2 -2
21087;6 -2
21088;14 -1 7 -1 5 -1 5 -2
21089;14 -1 31 -1 14 -1 49 -1 48 -1 29 -2
21090;14 -2
21091;14 -1 2 -2
21092;14 -1 2 -2
21093;14 -1 2 -2
21094;14 -2
21095;14 -1 2 -2
21096;46 -1 1 -1 2 -1 3 -1 14 -1 41 -1 41 -1 41 -1 41 -1 41 -2
21097;38 -1 41 -1 2 -1 7 -1 31 -1 41 -2
21098;30 -2
21099;14 -1 14 -2
21479;14 -1 2 -1 2 -1 41 -1 2 -1 31 -1 30 -1 30 -1 30 -1 14 -1 3 -1 2 -1 2 -1 41 -2
21480;14 -1 41 -1 41 -2
21481;7 -2
21482;6 -2
21483;14 -1 14 -1 41 -2
21484;41 -1 2 -1 41 -1 41 -2
21485;31 -1 30 -2
21486;14 -2
21487;49 -1 49 -1 49 -1 48 -2
21488;14 -2
21489;48 -2
21490;6 -1 6 -2
21491;6 -2
21492;14 -1 41 -2
21493;31 -2
21630;14 -2
21631;7 -1 14 -1 7 -1 7 -1 5 -1 5 -2
21632;2 -1 2 -1 41 -1 31 -2
21808;14 -1 41 -2
21809;14 -1 41 -2
21810;2 -2
21811;14 -1 2 -2
21812;2 -2
21813;14 -1 2 -2
21814;14 -2
21815;2 -2
21816;2 -2
21817;31 -1 30 -2
21818;30 -2
21819;14 -1 2 -1 2 -2
21820;2 -2
21821;2 -1 46 -1 1 -1 2 -1 14 -2
21926;14 -2
21927;14 -2
21928;2 -2
21929;31 -1 30 -1 30 -1 30 -1 30 -1 30 -1 30 -1 30 -2
21930;14 -1 31 -1 30 -1 30 -1 48 -2
21931;29 -2
21932;14 -1 31 -1 30 -1 30 -1 30 -1 30 -1 30 -1 30 -1 30 -1 30 -1 30 -1 30 -1 30 -1 14 -1 14 -1 14 -1 31 -1 30 -1 17 -1 30 -1 31 -1 30 -2
22329;14 -1 2 -1 14 -1 2 -1 41 -1 41 -1 41 -2
22330;41 -2
22331;41 -2
22332;14 -1 41 -2
22333;41 -2
22334;14 -2
22555;14 -1 41 -2
22556;14 -1 31 -1 30 -1 17 -1 30 -2
22557;14 -1 7 -1 6 -2
22558;14 -1 2 -2
22559;14 -1 31 -1 30 -2
22662;14 -2
22663;14 -1 3 -1 2 -2
22664;14 -1 41 -1 2 -1 41 -2
22665;14 -1 41 -1 41 -1 41 -1 41 -2
22666;41 -2
22667;14 -2
22668;14 -1 41 -2
22669;41 -2
22670;41 -1 41 -2
22671;2 -2
22672;14 -1 2 -2
22673;14 -2
22674;14 -1 2 -2
22675;2 -1 1 -1 46 -1 2 -2
22788;14 -1 14 -1 2 -2
22789;41 -2
22790;14 -1 41 -1 2 -1 2 -1 41 -1 7 -1 5 -1 5 -2
22929;14 -2
22930;14 -2
22931;8 -2
22932;14 -1 2 -1 14 -1 2 -1 41 -2
22933;3 -1 2 -2
22934;14 -1 41 -1 41 -2
23576;14 -1 41 -2
23577;31 -1 30 -1 30 -1 2 -2
23578;2 -1 14 -1 2 -2
23579;14 -1 41 -2
23580;14 -1 2 -2
23581;14 -1 2 -1 2 -2
23582;14 -2
23583;3 -1 2 -2
23584;46 -1 1 -1 2 -2
23711;14 -1 2 -1 14 -1 14 -2
23712;14 -1 2 -2
23713;14 -1 2 -1 1 -1 46 -1 2 -1 14 -1 41 -1 41 -2
23714;41 -1 41 -2
23715;41 -2
23716;41 -2
23717;41 -1 14 -1 31 -1 41 -1 38 -1 14 -2
23718;31 -1 31 -2
23719;14 -1 31 -1 30 -2
24106;14 -1 2 -1 14 -1 14 -1 41 -1 41 -1 41 -2
24107;14 -1 14 -1 2 -2
24108;14 -1 49 -1 48 -1 14 -2
24109;14 -1 41 -1 41 -1 41 -2
24110;14 -2
24111;14 -2
24112;14 -2
24113;14 -1 2 -1 14 -2
24114;14 -1 7 -1 5 -1 48 -1 14 -2
24115;2 -2
24116;14 -1 14 -1 49 -1 49 -1 48 -2
24117;14 -1 14 -2
24118;14 -2
24119;14 -2
24120;14 -2
24121;2 -1 3 -1 14 -1 41 -1 2 -1 31 -1 38 -1 41 -1 41 -1 2 -1 14 -1 49 -1 49 -2
24122;14 -2
24123;41 -2
24124;2 -2
24125;3 -1 2 -1 14 -2
24126;41 -2
24127;14 -2
24128;14 -1 41 -2
24129;14 -2
24130;38 -1 14 -2
24131;14 -1 41 -1 41 -2
24132;41 -1 41 -2
24133;14 -1 3 -1 14 -2
24441;14 -1 41 -1 32 -1 3 -1 2 -2
24442;14 -1 14 -1 3 -1 2 -2
24443;14 -1 31 -2
24444;2 -1 2 -2
24445;31 -1 30 -1 30 -1 30 -2
24446;2 -1 2 -1 31 -2
24447;16 -1 31 -1 14 -1 41 -2
24448;41 -2
24449;14 -1 31 -1 30 -1 17 -1 30 -1 31 -1 14 -2
24450;14 -1 32 -1 3 -2
24609;14 -2
24610;2 -2
24611;14 -2
24612;2 -2
24613;14 -1 7 -1 8 -1 7 -2
24614;14 -2
24696;14 -2
24697;14 -1 49 -1 48 -1 13 -1 31 -1 14 -2
24698;41 -1 41 -2
24699;14 -1 31 -1 30 -1 31 -1 30 -1 32 -1 14 -1 2 -1 2 -2
24700;14 -2
24701;14 -1 2 -1 2 -2
24702;14 -1 31 -1 30 -1 30 -1 30 -1 30 -1 30 -1 30 -1 30 -1 30 -1 30 -1 30 -1 14 -1 49 -1 48 -1 13 -1 31 -1 14 -2
24703;31 -1 30 -1 30 -2
24704;14 -1 2 -2
24705;14 -1 2 -1 46 -1 1 -2
24706;14 -1 14 -1 49 -1 48 -1 13 -2
24859;14 -1 2 -2
24860;14 -1 41 -1 41 -2
24861;14 -2
24862;14 -2
24863;14 -1 41 -1 2 -2
25029;14 -1 31 -1 30 -2
25030;14 -1 31 -1 30 -1 30 -1 30 -1 30 -1 30 -1 30 -1 2 -1 2 -2
25031;14 -2
25032;14 -1 41 -1 41 -1 41 -1 38 -2
25033;14 -1 31 -1 7 -1 5 -1 5 -2
25034;41 -2
25035;31 -1 30 -2
25036;30 -1 30 -1 30 -1 30 -1 30 -1 2 -2
25037;2 -1 41 -2
25038;2 -2
25039;41 -2
25040;41 -2
25041;2 -2
25042;14 -1 2 -1 46 -1 1 -1 2 -1 14 -1 41 -1 41 -1 41 -1 38 -1 2 -1 41 -2
25043;31 -1 30 -1 41 -2
25044;41 -2
25045;41 -1 41 -2
25046;41 -2
25047;38 -2
25048;14 -2
25398;14 -1 14 -2
25399;41 -2
25400;41 -2
25401;14 -1 14 -2
25402;14 -1 14 -2
25403;41 -2
25404;41 -2
25405;41 -2
25406;41 -2
25407;14 -1 14 -1 49 -1 49 -1 48 -2
25408;14 -1 2 -1 2 -1 41 -1 2 -1 2 -1 2 -1 3 -1 2 -1 2 -1 3 -1 2 -1 2 -1 14 -1 42 -1 14 -1 31 -1 30 -2
25409;41 -1 2 -1 2 -1 14 -1 2 -1 2 -2
25410;14 -1 14 -1 8 -1 7 -1 5 -1 5 -2
25411;14 -2
25412;14 -1 14 -2
25413;14 -1 3 -1 2 -1 1 -1 46 -1 2 -2
25414;14 -1 14 -2
25415;2 -2
25416;14 -2
25417;14 -2
25418;14 -1 14 -2
25419;14 -1 14 -2
25420;14 -2
25421;2 -2
25422;2 -1 2 -2
25884;14 -2
25885;14 -2
25886;2 -1 3 -1 14 -1 41 -2
25887;3 -1 2 -1 14 -1 3 -1 32 -1 2 -2
25888;41 -1 41 -1 41 -1 41 -2
25889;31 -1 31 -1 30 -2
26087;14 -2
26088;14 -2
26089;14 -1 41 -1 41 -2
26090;41 -1 41 -2
26091;2 -1 2 -1 2 -1 3 -1 2 -1 3 -1 14 -1 2 -1 2 -2
26092;14 -1 41 -2
26354;14 -1 41 -1 41 -2
26355;41 -1 41 -2
26356;41 -1 41 -2
26357;31 -1 48 -1 29 -1 30 -2
26358;30 -1 2 -2
26359;14 -1 41 -1 41 -2
26360;41 -1 41 -1 41 -2
26361;41 -2
26438;14 -1 2 -2
26439;14 -2
26440;14 -2
26441;14 -1 31 -1 30 -1 31 -1 30 -1 31 -1 30 -1 14 -1 2 -2
26442;14 -1 41 -2
26443;2 -1 14 -1 2 -1 14 -1 41 -1 41 -1 2 -2
26444;14 -1 41 -2
26445;41 -2
26446;2 -2
26447;46 -1 1 -1 2 -1 14 -2
26448;14 -1 41 -2
26449;38 -1 14 -1 41 -1 41 -1 2 -2
26450;14 -2
26652;2 -1 14 -1 41 -2
26653;41 -2
26654;41 -2
26655;41 -1 2 -1 14 -1 2 -2
26656;14 -1 41 -2
26657;41 -2
26658;2 -2
26659;14 -2
26660;2 -2
26661;14 -2
26662;2 -1 41 -2
26663;41 -2
26664;31 -1 30 -2
26665;14 -2
26666;14 -1 14 -1 41 -2
26667;41 -2
26668;41 -2
26669;41 -2
26670;41 -2
26671;14 -1 2 -2
26672;2 -1 1 -1 46 -1 2 -2
26673;14 -2
26868;14 -2
26869;41 -1 31 -1 32 -1 14 -2
26870;2 -1 3 -1 32 -1 14 -1 41 -2
26871;41 -2
26872;41 -2
26873;14 -1 7 -2
26874;6 -2
26875;6 -1 6 -2
26876;6 -2
26877;14 -2
26878;14 -1 2 -1 31 -1 30 -2
26879;46 -1 17 -1 30 -2
26880;17 -1 30 -1 30 -2
26881;14 -2
26882;14 -2
26883;2 -1 31 -2
26884;30 -2
26885;17 -1 30 -2
27052;14 -1 2 -1 41 -1 2 -2
27053;14 -1 49 -1 49 -1 48 -2
27054;49 -1 48 -2
27055;14 -2
27056;41 -2
27057;41 -2
27058;41 -1 2 -2
27059;2 -2
27060;14 -1 2 -2
27061;14 -1 2 -1 14 -1 31 -1 30 -1 31 -1 30 -2
27062;31 -1 30 -2
27063;14 -1 2 -1 31 -1 30 -1 30 -2
27064;14 -2
27065;2 -2
27457;14 -1 31 -2
27458;14 -1 31 -1 30 -1 14 -2
27459;14 -1 31 -1 30 -2
27628;14 -2
27629;41 -2
27630;2 -2
27631;14 -1 41 -2
27632;14 -2
27633;30 -1 30 -2
27634;30 -1 14 -1 2 -2
27635;30 -2
27636;14 -1 41 -1 2 -1 14 -1 41 -2
27637;14 -1 31 -1 14 -2
27638;2 -1 1 -1 46 -1 14 -2
27639;2 -1 14 -1 41 -1 41 -1 2 -1 14 -1 31 -1 14 -2
27640;41 -1 41 -2
27641;41 -2
27642;41 -2
27643;41 -1 41 -1 7 -1 14 -1 2 -1 14 -1 41 -1 41 -1 41 -2
27644;41 -1 41 -2
27645;41 -1 41 -2
27646;14 -1 2 -1 14 -1 31 -1 14 -1 38 -1 14 -1 41 -1 14 -2
27647;14 -2
27991;14 -2
27992;41 -2
27993;14 -2
27994;14 -1 41 -1 2 -2
27995;3 -1 14 -1 41 -2
28123;14 -1 2 -1 31 -1 41 -1 2 -1 41 -2
28124;14 -1 41 -1 41 -2
28125;41 -2
28126;14 -2
28262;14 -2
28263;14 -1 14 -2
28264;7 -1 6 -2
28265;6 -2
28266;6 -1 6 -2
28267;6 -1 6 -1 6 -2
28268;6 -2
28269;6 -2
28270;6 -2
28271;14 -1 2 -2
28272;6 -2
28273;6 -2
28274;6 -1 6 -2
28275;6 -2
28276;6 -2
28277;6 -2
28278;14 -2
28279;14 -2
28280;14 -1 14 -2
28281;2 -1 14 -2
28282;14 -2
28283;14 -1 38 -1 41 -2
28284;41 -1 41 -2
28285;14 -1 41 -2
28531;14 -1 2 -1 2 -1 14 -1 41 -1 31 -1 30 -1 31 -1 30 -1 31 -1 30 -1 14 -1 41 -1 41 -2
28532;14 -2
28533;14 -1 2 -2
28534;14 -1 41 -1 41 -2
28535;14 -1 41 -2
28536;14 -2
28625;14 -1 14 -1 41 -1 14 -2
28626;14 -1 41 -1 41 -1 41 -1 14 -2
28627;14 -1 14 -1 2 -2
28628;14 -1 14 -1 14 -1 41 -2
28629;14 -1 14 -1 41 -2
28630;14 -1 14 -1 2 -1 1 -1 46 -1 2 -2
28754;14 -2
28755;14 -1 41 -2
28756;41 -2
28757;31 -1 30 -1 30 -1 30 -2
28758;41 -2
28759;41 -1 41 -1 41 -2
28760;41 -1 41 -1 41 -1 41 -2
28761;14 -2
28762;41 -2
28763;14 -2
28764;41 -2
28765;31 -1 2 -2
28766;14 -1 41 -1 41 -1 31 -1 30 -2
28914;14 -2
28915;41 -2
28916;41 -1 31 -1 41 -1 2 -1 2 -2
28917;14 -1 2 -2
28918;14 -2
28919;14 -2
28920;14 -2
29069;14 -1 14 -1 31 -1 14 -1 41 -1 2 -2
29070;14 -1 14 -2
29071;41 -2
29072;41 -2
29073;41 -2
29074;31 -1 30 -2
29075;32 -1 14 -1 2 -1 14 -1 7 -1 14 -2
29076;2 -2
29077;14 -1 8 -1 7 -1 14 -1 31 -1 30 -1 14 -1 31 -1 30 -1 30 -1 30 -1 30 -1 30 -2
29078;14 -1 2 -1 14 -1 31 -2
29079;16 -1 31 -1 30 -1 14 -2
29080;41 -1 41 -2
29081;14 -2
29082;14 -1 14 -1 14 -2
29083;41 -2
29084;14 -1 2 -2
29085;14 -1 41 -1 41 -2
29086;14 -1 31 -2
29087;14 -1 31 -2
29088;30 -1 32 -1 30 -1 48 -1 30 -2
29089;14 -2
29090;14 -2
29091;14 -2
29342;14 -2
29343;41 -1 41 -1 41 -1 2 -2
29344;14 -2
29345;14 -2
29346;31 -1 30 -1 30 -1 30 -1 30 -2
29347;2 -1 2 -1 41 -1 7 -1 5 -1 5 -2
29348;31 -1 30 -1 17 -1 30 -1 28 -1 30 -1 30 -1 31 -1 30 -2
29349;31 -1 14 -1 2 -1 14 -1 41 -1 2 -1 41 -1 41 -1 41 -1 41 -1 41 -2
29350;41 -1 41 -2
29351;30 -1 30 -1 32 -1 31 -1 30 -1 30 -1 30 -1 30 -1 31 -1 30 -1 30 -1 2 -2
29352;14 -2
29353;41 -1 41 -2
29354;41 -2
29355;41 -2
29356;2 -2
29357;14 -1 41 -2
29358;2 -2
29359;30 -1 14 -1 31 -1 30 -2
29360;14 -1 31 -2
29361;30 -2
29362;17 -1 30 -2
29363;14 -1 31 -1 30 -1 30 -2
29364;17 -1 30 -2
29365;31 -1 30 -1 30 -1 19 -1 31 -1 30 -1 30 -2
29366;30 -1 30 -1 14 -1 2 -2
29367;14 -2
29368;30 -1 14 -2
29369;14 -1 2 -2
29370;14 -2
29371;14 -2
29372;2 -2
29373;41 -2
29374;41 -2
29375;41 -2
29376;41 -2
29377;14 -1 2 -1 41 -1 7 -1 31 -1 7 -1 2 -2
29378;14 -1 41 -1 41 -1 41 -2
29379;31 -1 30 -2
29380;31 -1 30 -1 30 -1 30 -1 30 -1 14 -1 2 -2
29381;7 -1 31 -1 31 -1 30 -1 41 -1 41 -2
29382;41 -1 2 -1 14 -1 30 -1 30 -1 7 -1 5 -1 5 -2
29383;31 -1 30 -1 41 -1 41 -1 7 -1 14 -1 2 -1 31 -2
29384;7 -1 5 -1 5 -2
29385;31 -1 30 -1 30 -1 2 -1 30 -2
29386;30 -1 30 -1 30 -2
29387;30 -2
29388;14 -2
29703;14 -2
29704;7 -1 5 -1 5 -2
29705;41 -1 41 -1 2 -2
29706;14 -1 41 -2
29707;41 -2
29708;2 -2
29709;14 -1 41 -2
29710;2 -2
29711;41 -2
29712;14 -1 2 -2
29713;14 -1 31 -1 30 -1 30 -2
29714;41 -2
29715;14 -1 2 -1 41 -1 31 -1 30 -1 30 -1 30 -2
29716;2 -1 14 -1 31 -1 30 -1 30 -1 41 -1 7 -1 5 -1 5 -2
29717;14 -1 41 -2
29718;14 -1 14 -1 3 -2
29862;14 -2
29863;14 -1 2 -1 41 -2
29864;14 -2
29865;14 -2
29866;14 -2
29867;2 -1 41 -2
29868;2 -1 14 -1 31 -1 30 -1 30 -2
29869;14 -1 41 -2
29870;31 -1 2 -2
29871;14 -1 2 -2
30015;14 -2
30016;2 -1 14 -1 2 -2
30017;14 -1 31 -1 14 -1 41 -1 31 -1 30 -1 14 -1 41 -2
30114;14 -1 31 -1 30 -1 30 -1 30 -1 14 -1 2 -2
30115;14 -1 14 -1 2 -2
30116;41 -2
30117;41 -2
30118;41 -2
30119;41 -2
30120;41 -2
30121;31 -1 30 -2
30122;31 -1 16 -1 31 -1 31 -2
30123;30 -1 17 -1 30 -1 30 -1 14 -2
30124;14 -2
30125;31 -1 2 -2
30126;14 -1 31 -1 30 -2
30127;17 -1 30 -2
30128;14 -2
30129;14 -1 31 -1 30 -1 30 -2
30130;17 -1 30 -2
30131;14 -1 41 -2
30132;31 -2
30133;30 -2
30134;14 -1 31 -1 30 -1 30 -2
30135;14 -2
30136;31 -1 30 -1 48 -1 48 -2
30137;14 -1 31 -1 30 -1 48 -2
30138;14 -2
30139;41 -2
30140;41 -2
30141;14 -1 31 -1 30 -2
30142;14 -1 31 -1 30 -2
30143;14 -2
30144;31 -1 30 -2
30145;48 -2
30146;14 -1 31 -2
30147;31 -2
30542;14 -2
30543;31 -1 30 -1 30 -1 30 -2
30544;30 -1 48 -2
30545;30 -2
30546;41 -1 41 -1 41 -1 41 -2
30547;14 -2
30548;14 -1 41 -2
30549;31 -1 30 -1 30 -2
30550;14 -1 41 -2
30551;2 -2
30552;14 -1 31 -1 30 -2
30553;14 -1 41 -2
30554;31 -1 30 -2
30555;14 -1 49 -1 48 -2
30556;14 -2
30557;14 -1 49 -1 48 -2
30558;14 -1 2 -1 31 -1 30 -1 30 -1 30 -1 30 -1 31 -1 30 -2
30559;14 -2
30560;14 -2
30771;14 -2
30772;3 -2
30973;14 -1 41 -1 41 -1 41 -2
30974;41 -2
30975;7 -1 14 -1 2 -1 31 -1 30 -1 30 -1 30 -1 14 -1 3 -1 2 -1 2 -1 42 -1 32 -1 2 -1 2 -2
30976;14 -1 41 -2
30977;41 -2
30978;41 -1 2 -2
30979;14 -1 32 -1 31 -1 30 -2
30980;30 -1 30 -1 30 -1 48 -1 29 -1 4 -1 14 -1 41 -2
30981;41 -2
30982;14 -2
30983;14 -1 32 -1 31 -1 14 -2
30984;14 -1 41 -2
30985;2 -1 31 -1 38 -2
30986;33 -2
30987;41 -2
30988;41 -2
30989;14 -2
30990;41 -2
30991;41 -1 41 -1 14 -1 2 -1 38 -2
31236;14 -2
31237;14 -1 14 -2
31238;14 -1 2 -2
31239;14 -2
31240;14 -1 41 -1 41 -2
31241;41 -2
31242;14 -1 2 -2
31243;14 -1 14 -1 2 -2
31244;14 -1 31 -2
31245;14 -1 14 -1 14 -1 49 -1 49 -2
31246;14 -1 41 -2
31247;14 -1 41 -1 41 -2
31248;14 -2
31249;14 -2
31250;14 -2
31251;14 -1 14 -1 7 -1 5 -1 5 -2
31252;14 -2
31253;14 -2
31254;14 -2
31255;14 -2
31256;14 -1 14 -1 14 -1 14 -2
31257;14 -2
31258;14 -1 2 -2
31259;14 -1 38 -1 14 -1 41 -2
31732;14 -1 7 -1 5 -1 5 -2
31733;31 -1 30 -2
31734;14 -2
31735;14 -1 31 -1 38 -1 41 -1 31 -2
31736;14 -1 14 -2
31737;14 -1 14 -1 2 -1 1 -1 46 -1 2 -1 2 -2
31738;31 -1 30 -1 30 -2
31739;31 -1 41 -2
31740;14 -1 31 -2
31928;14 -2
31929;14 -1 41 -2
31930;41 -2
31931;2 -2
31932;14 -1 48 -1 29 -1 48 -2
31933;14 -1 49 -1 49 -1 48 -2
31934;14 -1 31 -1 30 -1 2 -2
31935;14 -2
31936;14 -1 49 -1 49 -1 48 -2
31937;49 -1 49 -1 48 -2
31938;14 -2
32111;14 -1 2 -1 41 -2
32112;14 -1 7 -1 6 -2
32113;14 -1 41 -2
32114;2 -1 41 -2
32115;2 -2
32116;14 -1 31 -1 30 -1 30 -2
32117;14 -2
32328;14 -1 31 -1 30 -1 41 -2
32329;41 -1 41 -2
32330;14 -2
32331;31 -2
32332;31 -1 30 -1 14 -1 41 -1 31 -1 41 -2
32333;41 -1 14 -1 2 -1 2 -1 41 -1 14 -1 8 -1 3 -2
32334;14 -1 2 -2
32335;14 -1 3 -1 31 -1 41 -2
32336;14 -2
32337;31 -1 30 -1 30 -1 30 -1 30 -1 30 -1 30 -1 30 -1 30 -2
32338;14 -2
32339;14 -1 31 -1 30 -1 30 -1 30 -1 30 -1 30 -1 30 -1 30 -1 30 -1 30 -1 30 -1 30 -2
32340;14 -1 2 -2
32341;14 -1 3 -1 31 -2
32342;14 -1 41 -2
32343;41 -1 41 -1 2 -2
32344;14 -1 31 -1 30 -1 30 -1 30 -1 30 -1 30 -1 30 -1 30 -1 30 -1 30 -1 30 -1 30 -1 30 -1 30 -1 30 -1 30 -1 30 -1 30 -1 30 -1 30 -1 30 -1 30 -1 30 -1 30 -1 30 -1 30 -1 30 -1 30 -1 30 -1 30 -1 30 -1 30 -1 30 -1 30 -1 30 -1 30 -1 30 -1 30 -1 30 -1 30 -1 30 -1 30 -1 30 -1 30 -1 30 -1 30 -1 30 -1 30 -1 30 -1 30 -1 30 -1 30 -1 30 -1 30 -2
32345;30 -2
32346;14 -1 49 -1 48 -1 29 -1 4 -1 48 -2
32347;14 -1 31 -1 16 -1 31 -2
32348;31 -2
32349;30 -1 30 -1 30 -2
32350;14 -1 41 -1 14 -1 2 -2
32351;14 -1 3 -1 39 -2
32921;14 -1 31 -1 30 -1 41 -1 2 -1 41 -2
32922;41 -2
32923;14 -1 41 -1 2 -2
32924;41 -2
32925;41 -1 2 -1 46 -1 1 -1 2 -2
33191;14 -1 31 -1 31 -1 31 -1 30 -1 30 -1 30 -1 30 -1 30 -1 30 -1 30 -1 30 -1 30 -1 30 -1 30 -1 30 -1 30 -1 30 -1 30 -1 30 -1 30 -1 41 -1 41 -1 41 -2
33192;2 -2
33193;14 -1 2 -1 14 -1 2 -2
33194;14 -1 41 -1 14 -2
33195;2 -2
33196;14 -2
33197;2 -1 2 -2
33198;14 -1 41 -1 2 -1 2 -1 31 -1 30 -1 30 -1 30 -1 30 -1 30 -1 30 -1 30 -1 30 -1 41 -1 41 -2
33199;14 -2
33200;14 -2
33201;2 -1 31 -1 30 -2
33202;31 -1 30 -1 30 -1 30 -1 48 -1 14 -1 2 -2
33203;14 -1 31 -1 2 -1 46 -1 1 -1 2 -2
33204;14 -1 31 -1 41 -1 41 -1 41 -1 41 -1 41 -1 2 -1 2 -2
33499;14 -2
33500;2 -1 31 -1 30 -1 31 -1 16 -1 31 -1 30 -2
33501;14 -1 31 -1 30 -2
33502;14 -1 2 -2
33503;14 -1 31 -1 30 -1 30 -1 30 -1 14 -1 31 -1 30 -1 31 -1 30 -2
33504;14 -1 31 -1 30 -1 48 -2
33505;14 -1 7 -2
33506;6 -2
33507;14 -2
33508;2 -2
33509;14 -1 14 -2
33510;14 -1 14 -2
33511;7 -1 14 -1 41 -1 41 -2
33512;31 -1 30 -2
33513;32 -1 31 -1 30 -1 32 -1 31 -1 30 -1 31 -1 30 -1 31 -1 30 -1 31 -1 30 -1 14 -2
33514;41 -2
33515;31 -1 30 -1 14 -2
33516;2 -1 14 -1 41 -2
33517;6 -2
33518;14 -1 2 -2
33519;14 -1 2 -1 2 -1 14 -1 2 -1 1 -1 46 -1 2 -2
33520;14 -1 49 -1 49 -2
33521;14 -1 2 -1 1 -1 46 -1 2 -1 1 -1 46 -1 2 -1 14 -2
33522;2 -1 38 -1 41 -2
33523;14 -1 41 -1 31 -2
33524;31 -2
33525;16 -1 31 -1 14 -1 2 -1 41 -1 2 -1 2 -2
33695;14 -1 2 -2
33696;14 -1 2 -2
33697;46 -1 1 -1 2 -1 14 -2
33698;14 -1 2 -1 1 -1 46 -1 2 -2
33699;14 -1 41 -1 41 -2
33781;14 -1 41 -2
33782;41 -1 41 -2
33783;41 -2
33784;14 -1 2 -1 41 -1 14 -1 31 -1 31 -2
33785;14 -2
33786;14 -2
33787;2 -1 46 -1 1 -1 2 -1 14 -1 41 -1 38 -1 41 -2
33788;41 -2
33789;14 -1 2 -1 38 -1 38 -1 38 -1 41 -2
33790;41 -1 31 -1 48 -1 14 -1 31 -1 30 -2
34058;14 -1 7 -2
34059;14 -1 41 -1 41 -2
34060;41 -2
34193;14 -1 49 -1 48 -2
34194;14 -1 41 -2
34195;41 -1 2 -2
34196;41 -1 31 -1 30 -2
34197;2 -2
34198;14 -1 41 -2
34199;2 -1 2 -2
34200;14 -1 41 -2
34201;31 -1 30 -1 31 -1 30 -1 31 -1 30 -2
34202;17 -1 30 -1 14 -1 41 -2
34203;41 -2
34204;41 -2
34205;14 -1 31 -1 30 -2
34308;14 -2
34309;41 -2
34310;14 -2
34311;14 -2
34312;14 -1 2 -2
34313;14 -2
34314;14 -2
34315;2 -1 1 -1 46 -1 2 -1 14 -2
34316;41 -2
34317;38 -1 33 -2
34318;36 -1 34 -1 38 -1 14 -2
34319;14 -1 41 -2
34320;14 -2
34321;31 -1 48 -1 30 -2
34395;14 -2
34396;41 -2
34397;41 -1 41 -1 14 -1 41 -1 41 -2
34398;41 -1 41 -1 41 -1 41 -1 41 -1 41 -2
34399;31 -1 30 -1 30 -1 14 -1 31 -1 30 -1 14 -1 2 -2
34400;2 -1 14 -1 41 -1 41 -1 41 -1 41 -2
34401;32 -1 14 -1 42 -1 3 -2
34402;14 -2
34403;31 -1 30 -1 30 -1 14 -1 2 -2
34651;14 -1 7 -1 5 -1 5 -2
34652;5 -1 7 -1 14 -1 41 -1 31 -1 30 -2
34653;17 -1 30 -1 14 -1 30 -1 14 -2
34654;30 -2
34655;17 -1 30 -1 30 -2
34656;14 -2
34657;14 -2
34658;31 -1 30 -1 31 -1 30 -1 17 -1 30 -2
34659;30 -2
34660;17 -1 30 -1 14 -1 31 -2
34661;14 -1 31 -2
34662;30 -2
34663;14 -2
34664;14 -1 31 -1 30 -1 17 -1 30 -1 48 -1 30 -1 30 -1 31 -1 30 -1 48 -1 49 -1 49 -1 48 -1 14 -1 2 -2
34665;14 -1 31 -1 30 -1 17 -1 30 -1 30 -1 14 -2
34666;14 -1 2 -1 14 -1 2 -1 14 -2
34667;31 -1 30 -1 31 -2
34668;30 -1 31 -2
34669;30 -2
34670;14 -2
34671;41 -2
34672;14 -2
34673;38 -1 14 -1 41 -1 14 -1 41 -2
34674;31 -1 14 -2
35008;14 -1 31 -1 14 -2
35009;14 -2
35010;14 -1 31 -1 30 -1 31 -1 30 -1 14 -1 2 -1 14 -1 2 -1 3 -1 2 -1 14 -1 41 -1 2 -1 3 -1 2 -1 14 -1 41 -1 7 -1 8 -1 7 -1 14 -1 31 -1 30 -2
35011;14 -1 2 -1 14 -2
35298;14 -2
35299;14 -2
35300;14 -2
35301;31 -2
35302;30 -2
35303;17 -1 30 -2
35304;14 -1 7 -1 6 -2
35305;6 -2
35306;6 -1 6 -1 6 -2
35307;6 -2
35308;6 -2
35309;6 -1 6 -1 6 -2
35310;6 -1 6 -1 6 -2
35311;6 -1 6 -2
35312;6 -1 6 -2
35313;5 -1 5 -2
35314;14 -1 41 -1 2 -1 31 -1 30 -2
35315;17 -1 30 -2
35316;14 -1 31 -1 30 -2
35317;14 -1 31 -1 30 -1 14 -1 49 -1 49 -1 49 -1 49 -1 49 -1 49 -1 49 -1 49 -1 48 -1 49 -1 48 -2
35318;14 -2
35319;31 -1 30 -1 30 -2
35320;17 -1 30 -2
35321;31 -1 30 -2
35322;30 -2
35323;41 -1 2 -2
35324;14 -1 31 -1 30 -1 30 -2
35325;30 -1 30 -1 30 -2
35326;14 -1 41 -2
35327;14 -1 14 -1 31 -1 30 -1 30 -1 30 -2
35328;30 -1 30 -1 30 -1 30 -1 30 -2
35329;14 -1 2 -1 46 -1 1 -1 14 -1 2 -2
35330;14 -1 2 -1 31 -1 30 -1 30 -1 30 -1 30 -2
35331;17 -1 30 -2
35332;14 -1 41 -1 41 -1 2 -1 38 -1 33 -1 31 -1 41 -2
35333;14 -1 41 -1 41 -1 41 -1 31 -2
35334;41 -1 41 -1 41 -1 2 -1 7 -2
35335;14 -2
35336;31 -1 30 -2
35337;14 -1 31 -1 30 -2
35338;14 -2
35633;14 -1 41 -2
35634;14 -2
35635;41 -1 41 -1 41 -1 41 -2
35636;41 -2
35637;14 -2
35638;14 -2
35639;31 -1 14 -1 2 -2
35640;14 -1 2 -1 41 -2
35641;41 -1 41 -1 14 -2
35642;2 -1 38 -2
35643;31 -1 48 -1 30 -1 7 -1 2 -2
35644;2 -1 1 -1 46 -1 2 -1 14 -1 2 -1 14 -2
35645;14 -2
35854;14 -1 2 -1 14 -1 31 -1 30 -1 14 -1 2 -1 14 -1 31 -2
35855;16 -1 31 -1 30 -1 14 -1 41 -1 41 -2
35856;41 -2
35857;41 -1 41 -2
35858;14 -1 2 -1 46 -1 1 -1 2 -2
35859;14 -1 3 -1 2 -1 2 -1 32 -1 31 -1 30 -2
36039;7 -2
36040;14 -2
36041;14 -2
36042;14 -2
36043;2 -1 14 -2
36044;14 -2
36045;2 -2
36046;14 -1 2 -1 1 -1 46 -1 2 -1 14 -2
36175;14 -1 14 -1 41 -2
36176;14 -1 14 -1 41 -1 41 -2
36177;41 -1 41 -1 41 -2
36178;41 -2
36179;2 -2
36180;14 -1 2 -2
36181;14 -1 14 -1 2 -1 41 -2
36182;14 -2
36183;41 -2
36184;14 -1 41 -1 41 -2
36185;14 -1 14 -1 41 -2
36186;14 -1 14 -1 41 -1 41 -1 41 -1 41 -1 14 -1 14 -1 41 -1 41 -1 38 -2
36187;14 -2
36188;2 -2
36372;14 -1 2 -1 7 -1 6 -1 14 -2
36373;6 -1 6 -1 6 -1 6 -2
36374;6 -2
36375;6 -1 6 -2
36376;14 -2
36377;14 -1 6 -2
36378;6 -2
36379;6 -2
36380;6 -1 6 -2
36381;6 -2
36382;6 -2
36383;6 -1 6 -1 6 -2
36384;31 -1 41 -1 2 -1 2 -1 41 -2
36385;14 -1 41 -2
36386;14 -2
36387;14 -1 2 -2
36388;14 -2
36389;14 -2
36390;14 -1 41 -1 41 -2
36391;14 -1 41 -1 41 -2
36392;41 -2
36393;14 -1 8 -1 14 -1 8 -2
36394;2 -1 14 -1 2 -1 14 -1 2 -1 46 -1 1 -1 2 -1 14 -1 41 -2
36679;14 -2
36680;14 -2
36681;14 -2
36682;14 -1 31 -2
36683;14 -2
36684;14 -2
36685;2 -2
36686;14 -2
36687;14 -2
36688;41 -2
36689;14 -2
36690;14 -1 38 -2
36832;14 -1 2 -1 2 -1 2 -1 31 -1 30 -1 31 -1 30 -2
36833;17 -1 30 -1 48 -1 14 -1 2 -2
36834;14 -1 31 -1 30 -1 41 -2
36835;31 -2
36836;14 -2
36837;14 -1 41 -2
36838;41 -2
36839;41 -2
36985;14 -1 41 -1 7 -1 5 -1 5 -2
36986;8 -2
36987;14 -1 2 -2
36988;14 -1 2 -2
36989;14 -2
36990;2 -2
36991;14 -1 2 -2
36992;14 -1 2 -2
36993;14 -1 2 -2
36994;14 -2
36995;2 -1 14 -1 41 -2
37498;14 -2
37499;2 -2
37500;14 -2
37501;7 -1 5 -1 5 -2
37502;14 -2
37503;31 -1 31 -2
37504;30 -2
37505;30 -1 30 -2
37506;17 -1 30 -2
37507;17 -1 30 -1 30 -2
37508;28 -1 30 -1 30 -2
37509;14 -1 14 -1 31 -1 31 -1 30 -1 30 -2
37510;14 -1 2 -1 2 -2
37511;31 -1 30 -1 30 -1 30 -1 30 -1 30 -1 30 -2
37512;17 -1 30 -1 30 -2
37513;30 -2
37514;14 -2
37515;41 -1 41 -2
37516;2 -2
37517;3 -1 2 -2
37518;14 -1 31 -1 30 -2
37519;14 -2
37520;31 -1 30 -2
37521;30 -2
37522;14 -2
37523;2 -1 2 -1 3 -1 2 -2
37524;14 -1 14 -1 31 -1 30 -2
37525;17 -1 46 -1 30 -1 30 -2
37526;14 -1 31 -1 31 -1 30 -2
37527;17 -1 30 -2
37528;14 -1 41 -2
37529;2 -1 38 -1 33 -2
37530;36 -2
37531;36 -2
37532;36 -2
37533;36 -2
37534;36 -1 36 -2
37535;36 -2
37536;36 -1 36 -1 36 -1 36 -1 36 -1 36 -2
37537;36 -1 36 -2
37538;36 -2
37539;36 -1 36 -2
37540;36 -1 36 -2
37541;36 -2
37888;14 -1 31 -1 30 -1 2 -1 31 -1 30 -1 30 -2
37889;31 -1 30 -2
37890;14 -1 2 -2
37891;14 -1 31 -1 30 -2
37892;48 -2
37893;14 -1 2 -1 31 -1 30 -2
37894;17 -1 30 -2
37895;17 -1 30 -2
37896;14 -2
37897;14 -1 2 -1 31 -1 30 -2
37898;14 -1 31 -1 30 -2
37899;17 -1 30 -1 14 -2
37900;2 -1 31 -1 30 -1 14 -2
38062;14 -1 41 -1 41 -2
38063;2 -1 31 -1 30 -1 30 -1 30 -1 14 -1 31 -1 31 -1 31 -1 41 -2
38064;41 -2
38065;14 -2
38066;14 -1 2 -2
38067;2 -2
38068;14 -2
38069;14 -2
38070;14 -1 41 -1 41 -2
38071;2 -1 14 -1 2 -1 31 -1 30 -2
38072;30 -1 30 -1 2 -1 41 -1 41 -2
38073;14 -1 3 -1 2 -1 2 -2
38074;14 -2
38075;14 -1 2 -2
38076;2 -1 41 -2
38077;41 -2
38078;14 -1 2 -1 41 -1 41 -2
38079;41 -2
38080;2 -2
38081;41 -2
38082;31 -2
38083;14 -2
38084;2 -2
38085;14 -1 2 -2
38086;14 -1 2 -2
38087;14 -1 31 -1 30 -2
38088;41 -2
38089;41 -2
38090;14 -2
38091;14 -2
38092;14 -2
38093;31 -1 30 -2
38094;30 -1 31 -1 30 -2
38095;14 -1 31 -2
38096;2 -2
38097;46 -1 1 -1 2 -2
38098;14 -2
38511;14 -2
38512;2 -2
38513;14 -1 2 -2
38514;14 -1 7 -2
38515;6 -2
38516;14 -1 41 -2
38517;41 -2
38518;6 -2
38519;41 -2
38520;41 -1 41 -2
38521;14 -2
38522;14 -2
38523;14 -2
38524;41 -1 41 -2
38525;14 -2
38526;14 -2
38527;41 -2
38528;14 -2
38812;14 -1 14 -2
38813;14 -1 41 -2
38814;41 -2
38815;2 -2
38816;14 -1 2 -1 2 -2
38817;3 -1 14 -1 32 -1 31 -1 30 -1 30 -1 30 -1 31 -1 17 -1 30 -1 14 -1 49 -1 49 -1 14 -1 32 -1 31 -1 30 -1 19 -1 30 -1 14 -1 48 -1 47 -1 48 -1 14 -1 32 -1 31 -1 30 -1 30 -1 30 -1 17 -1 30 -1 32 -1 31 -1 30 -1 30 -2
38818;30 -1 30 -2
38819;30 -2
38820;31 -1 30 -2
38821;31 -1 30 -1 30 -1 48 -2
38822;30 -2
38823;30 -1 14 -2
38824;49 -1 49 -1 48 -1 14 -2
38825;14 -1 32 -1 31 -1 30 -1 30 -1 30 -1 14 -2
38826;30 -2
38827;17 -1 30 -2
38828;14 -1 41 -1 41 -2
38829;41 -2
38830;32 -1 31 -1 30 -2
38831;17 -1 30 -1 31 -1 30 -2
38832;14 -2
38833;30 -1 14 -1 2 -1 31 -1 30 -2
38834;17 -1 30 -2
38835;30 -2
38836;17 -1 30 -2
39084;30 -1 14 -2
39085;14 -2
39086;41 -1 2 -1 14 -2
39087;14 -1 8 -1 8 -1 7 -2
39088;6 -1 6 -2
39089;6 -2
39090;6 -2
39091;6 -1 48 -1 48 -2
39092;6 -2
39093;6 -2
39094;6 -2
39095;6 -1 6 -1 6 -1 6 -1 6 -1 6 -2
39096;14 -2
39097;14 -1 49 -1 49 -1 49 -1 48 -2
39098;14 -1 49 -1 49 -1 49 -1 49 -1 14 -1 31 -1 48 -1 30 -2
39099;14 -1 2 -1 2 -1 41 -1 2 -2
39100;14 -2
39101;41 -2
39102;31 -1 48 -1 30 -2
39103;30 -1 14 -2
39104;14 -1 2 -2
39105;7 -1 5 -1 5 -1 5 -1 5 -1 5 -1 5 -1 5 -1 5 -1 5 -2
39106;3 -1 2 -2
39107;14 -1 49 -1 49 -1 48 -2
39108;14 -1 3 -1 2 -2
39109;14 -1 41 -2
39110;38 -2
39111;14 -2
39112;38 -1 41 -1 41 -1 41 -2
39113;41 -1 41 -1 41 -1 41 -1 41 -1 41 -2
39114;41 -2
39582;14 -2
39583;49 -1 49 -1 48 -1 29 -1 30 -1 4 -2
39657;14 -2
39658;14 -1 8 -1 14 -2
39659;14 -2
39660;14 -1 8 -1 14 -1 2 -2
39661;3 -1 2 -1 14 -2
39662;41 -1 31 -1 30 -2
39663;14 -1 41 -1 41 -2
39664;2 -1 3 -1 2 -1 14 -1 41 -1 14 -2
39665;14 -1 48 -1 41 -2
39666;41 -1 41 -2
39667;2 -1 41 -2
39668;48 -2
39669;14 -2
39670;2 -2
39671;14 -1 39 -1 14 -2
39672;41 -2
39673;14 -2
39674;8 -1 14 -1 41 -1 2 -2
39675;14 -2
39676;2 -2
39677;14 -1 48 -2
39678;14 -1 38 -1 39 -1 38 -1 14 -1 31 -1 14 -1 38 -1 33 -1 38 -1 14 -1 42 -2
39679;14 -2
39835;14 -2
39836;14 -1 41 -2
39837;2 -2
39838;31 -1 30 -1 30 -1 30 -2
39839;30 -1 30 -1 30 -1 30 -1 30 -1 30 -1 30 -1 48 -1 48 -1 41 -1 41 -2
40124;14 -1 41 -2
40125;14 -1 41 -1 41 -2
40126;2 -1 31 -2
40127;2 -2
40128;31 -1 30 -1 30 -1 30 -1 30 -1 30 -1 30 -1 30 -1 31 -1 30 -1 30 -1 2 -1 41 -2
40129;31 -1 30 -1 41 -2
40130;41 -2
40131;14 -1 2 -2
40132;14 -1 2 -2
40388;14 -1 2 -1 2 -1 31 -1 30 -1 30 -1 30 -2
40389;32 -1 31 -1 31 -1 14 -1 7 -2
40390;14 -1 41 -2
40391;2 -2
40392;46 -1 1 -1 2 -1 14 -1 41 -1 2 -1 41 -2
40393;41 -2
40394;41 -1 2 -1 31 -2
40395;2 -2
40396;14 -1 41 -2
40397;14 -1 7 -1 5 -1 5 -1 5 -2
40398;5 -2
40399;14 -1 31 -1 30 -1 30 -1 30 -1 30 -1 14 -1 31 -1 14 -2
40400;14 -1 31 -1 30 -1 30 -1 14 -2
40401;14 -2
40402;14 -1 31 -1 30 -1 17 -1 30 -1 32 -1 31 -1 31 -1 30 -2
40573;14 -1 2 -1 2 -1 41 -2
40574;14 -1 2 -2
40575;2 -2
40576;14 -2
40715;14 -1 41 -2
40716;14 -1 41 -2
40717;41 -1 41 -2
40718;14 -2
40719;14 -1 41 -2
40861;14 -2
40862;31 -2
40863;2 -1 2 -2
40864;2 -2
40865;14 -1 49 -1 49 -2
40866;14 -1 2 -2
40867;41 -2
40868;2 -2
40869;41 -2
40921;14 -2
40922;41 -2
40923;2 -1 2 -2
41250;14 -2
41251;14 -2
41252;14 -1 41 -2
41253;41 -1 2 -1 41 -2
41254;14 -2
41255;2 -1 46 -1 1 -1 2 -2
41256;14 -1 41 -1 41 -2
41257;41 -1 41 -2
41258;14 -2
41259;41 -1 41 -1 41 -1 48 -2
41260;41 -1 41 -2
41261;41 -2
41262;14 -1 41 -1 41 -2
41263;41 -1 41 -1 31 -1 30 -1 2 -2
41264;14 -1 41 -2
41415;14 -1 41 -1 2 -1 14 -2
41476;14 -2
41477;41 -1 2 -2
41478;14 -1 41 -1 41 -1 2 -1 2 -1 41 -1 41 -2
41479;14 -2
41480;14 -1 2 -2
41481;14 -1 31 -2
41482;14 -1 41 -2
41483;31 -1 30 -1 30 -1 30 -1 2 -2
41484;14 -1 2 -2
41485;14 -1 49 -1 49 -2
41486;14 -2
41487;2 -1 41 -1 2 -1 41 -1 41 -2
41488;31 -2
41489;7 -2
41490;41 -1 41 -1 31 -1 30 -1 2 -1 14 -1 31 -1 30 -1 30 -2
41491;2 -2
41492;46 -1 1 -1 2 -1 14 -2
41493;14 -2
42151;14 -1 32 -1 31 -1 8 -2
42152;8 -1 2 -1 8 -1 7 -2
42153;32 -1 31 -1 30 -1 30 -1 31 -1 30 -1 41 -1 41 -2
42154;14 -1 41 -2
42155;49 -1 48 -1 29 -2
42156;14 -1 32 -1 2 -1 41 -2
42157;14 -1 32 -1 31 -1 48 -1 42 -1 39 -1 3 -1 2 -1 41 -1 38 -2
42158;32 -2
42159;41 -1 41 -2
42160;2 -1 31 -1 30 -1 38 -2
42161;14 -1 49 -1 48 -2
42162;39 -1 42 -1 3 -1 31 -1 48 -2
42163;14 -1 41 -2
43168;14 -1 2 -2
43169;41 -1 2 -1 31 -1 30 -1 30 -1 30 -1 30 -1 30 -1 30 -1 30 -1 30 -1 30 -1 30 -1 30 -1 30 -1 30 -1 30 -1 30 -1 30 -1 30 -1 30 -1 30 -1 30 -1 30 -1 30 -1 30 -1 30 -1 30 -1 30 -1 30 -1 30 -1 30 -1 30 -1 30 -1 30 -1 30 -1 30 -1 30 -1 30 -1 30 -1 30 -1 30 -1 30 -1 31 -1 30 -1 30 -1 30 -1 30 -1 30 -1 30 -1 30 -1 30 -1 30 -1 30 -1 30 -1 30 -1 30 -1 30 -1 31 -1 14 -1 2 -1 41 -1 41 -2
43170;41 -1 41 -1 41 -2
43354;14 -2
43355;14 -2
43356;31 -1 30 -2
43357;30 -1 30 -2
43358;30 -1 30 -2
43359;30 -1 30 -1 30 -1 2 -2
43360;41 -2
43361;2 -2
43362;14 -2
43363;41 -2
43364;41 -2
43365;31 -1 30 -1 30 -1 48 -1 48 -2
43366;30 -2
43367;30 -2
43368;30 -1 48 -1 48 -2
43369;14 -1 2 -1 46 -1 1 -1 2 -2
43370;3 -1 2 -1 14 -2
43727;14 -1 41 -2
43728;14 -2
43729;2 -2
43730;14 -1 41 -2
43887;14 -2
43888;41 -1 41 -1 2 -2
43889;14 -2
43890;14 -1 2 -2
44394;41 -2
44395;41 -2
44396;41 -2
44397;14 -2
44398;2 -1 14 -1 41 -1 2 -2
44399;14 -1 2 -1 14 -1 41 -2
44400;41 -2
44401;41 -1 41 -2
44402;14 -1 7 -2
44403;14 -1 7 -1 7 -2
44404;6 -2
44405;14 -1 32 -1 14 -1 31 -1 30 -2
44406;30 -2
44407;6 -2
44408;6 -1 6 -2
44409;6 -2
44410;6 -2
44411;32 -1 31 -1 30 -1 14 -1 41 -2
44412;14 -2
44413;41 -1 2 -2
44414;14 -2
44612;14 -1 7 -1 14 -1 41 -1 2 -1 14 -2
44613;14 -1 2 -2
44614;14 -1 2 -2
44985;14 -1 3 -1 2 -1 2 -1 31 -1 30 -1 30 -1 30 -1 30 -1 30 -1 49 -1 49 -1 49 -1 49 -1 31 -1 30 -1 30 -1 30 -1 30 -1 30 -1 41 -1 31 -1 30 -1 30 -2
45729;14 -2
45730;14 -1 41 -1 31 -1 30 -1 30 -1 31 -2
45731;14 -2
45732;41 -2
45733;31 -2
45734;14 -1 31 -1 30 -1 17 -1 30 -1 31 -1 31 -1 30 -1 14 -1 7 -1 7 -2
45735;14 -1 31 -1 30 -1 48 -1 30 -1 31 -1 30 -1 30 -2
45736;14 -1 14 -1 2 -1 2 -1 2 -1 2 -1 2 -1 31 -1 41 -1 31 -1 31 -1 2 -1 41 -1 7 -2
45737;2 -2
45738;14 -1 31 -1 30 -1 30 -2
45739;31 -1 2 -2
45740;14 -1 41 -1 2 -1 2 -1 14 -1 31 -1 30 -1 30 -2
45741;14 -1 2 -2
45742;1 -1 46 -1 2 -2
45743;14 -1 2 -1 41 -1 14 -1 14 -1 38 -2
45744;41 -1 2 -1 2 -1 38 -1 31 -1 41 -1 38 -1 2 -2
45989;14 -2
45990;14 -1 41 -1 41 -1 41 -2
45991;41 -2
45992;41 -2
45993;14 -1 41 -2
45994;41 -1 41 -1 41 -2
45995;41 -2
45996;31 -1 41 -2
45997;41 -1 31 -1 30 -2
45998;17 -1 30 -1 30 -1 14 -1 41 -1 41 -2
45999;14 -2
46000;14 -2
46116;14 -1 31 -1 30 -1 30 -1 48 -1 30 -1 30 -1 30 -1 30 -1 48 -1 30 -1 30 -1 31 -1 2 -2
46117;14 -1 48 -1 13 -1 14 -1 31 -1 30 -1 17 -1 30 -1 14 -1 2 -2
46118;14 -2
46119;31 -1 30 -2
46120;14 -2
46121;41 -2
46122;31 -1 30 -1 30 -1 48 -1 30 -1 14 -2
46123;14 -2
46124;14 -2
46125;14 -2
46126;7 -1 7 -1 6 -1 48 -1 48 -2
46127;48 -1 14 -1 31 -1 30 -2
46128;17 -1 30 -1 14 -1 2 -2
46129;48 -1 6 -2
46130;14 -2
46131;14 -1 2 -1 2 -1 14 -2
46132;14 -1 2 -1 2 -2
46133;14 -1 31 -1 30 -1 30 -1 30 -2
46134;17 -1 30 -2
46135;14 -2
46136;31 -1 30 -1 30 -1 30 -1 30 -1 30 -2
46137;14 -1 31 -1 30 -1 48 -1 48 -2
46138;14 -2
46139;14 -1 48 -1 13 -1 14 -2
46140;14 -1 7 -1 5 -1 7 -1 5 -1 14 -2
46316;14 -1 3 -1 2 -2
46317;14 -1 32 -1 3 -2
46318;14 -1 32 -1 3 -2
46319;14 -1 3 -1 39 -1 32 -1 39 -1 3 -2
46409;14 -2
46410;2 -2
46411;31 -1 30 -1 14 -1 41 -2
46412;41 -1 41 -1 14 -2
46413;38 -2
46414;14 -2
46415;31 -1 38 -1 33 -2
46416;36 -1 36 -1 36 -1 36 -1 14 -1 41 -1 41 -2
46417;14 -1 41 -2
46590;14 -1 41 -1 41 -1 2 -2
46591;14 -1 3 -1 2 -1 14 -1 2 -1 14 -2
47020;14 -2
47021;14 -2
47022;7 -1 5 -1 5 -2
47023;14 -2
47024;14 -2
47025;7 -1 5 -1 5 -1 14 -2
47026;14 -2
47027;14 -1 14 -2
47028;14 -2
47029;14 -2
47030;14 -2
47031;14 -1 14 -2
47174;14 -1 41 -1 41 -1 2 -1 2 -2
47175;14 -1 41 -2
47176;31 -1 2 -2
47177;14 -2
47178;14 -1 41 -1 2 -2
47179;14 -1 2 -2
47180;2 -1 1 -1 46 -1 14 -1 41 -2
47324;14 -1 31 -1 30 -2
47325;17 -1 30 -1 14 -1 2 -2
47326;14 -2
47327;2 -1 2 -1 2 -2
47328;14 -1 41 -1 41 -2
47329;41 -2
47330;2 -1 14 -1 2 -2
47331;14 -2
47332;41 -2
47333;14 -2
47334;41 -2
47335;2 -2
47336;14 -1 31 -1 30 -2
47337;14 -2
47338;14 -1 31 -1 30 -2
47339;14 -2
47340;14 -2
47341;14 -2
47342;31 -1 30 -1 14 -2
47343;31 -1 48 -2
47344;14 -1 2 -2
47345;14 -1 31 -1 30 -2
47346;30 -1 14 -2
47347;14 -1 2 -1 2 -1 2 -1 2 -1 2 -1 2 -1 2 -1 2 -1 2 -1 2 -1 2 -1 2 -1 2 -1 2 -1 2 -1 2 -1 2 -1 2 -1 2 -1 2 -1 2 -1 2 -2
47709;14 -1 31 -1 2 -1 2 -1 31 -1 7 -1 5 -1 5 -1 41 -1 41 -1 14 -1 41 -2
47710;14 -1 14 -1 31 -1 2 -1 41 -1 41 -2
47711;14 -1 41 -2
47712;14 -1 2 -1 31 -2
47818;14 -1 2 -1 2 -1 2 -2
47819;14 -1 31 -1 30 -1 14 -1 2 -2
48036;14 -2
48037;14 -2
48038;2 -2
48039;14 -2
48040;41 -2
48041;2 -2
48225;14 -1 7 -1 5 -1 5 -1 5 -1 5 -2
48226;5 -2
48227;14 -2
48228;31 -1 30 -2
48229;17 -1 30 -1 14 -1 41 -1 30 -1 14 -1 31 -1 30 -2
48230;14 -1 31 -1 30 -2
48231;14 -2
48232;14 -1 31 -1 30 -2
48233;14 -1 31 -1 30 -2
48234;14 -1 2 -1 14 -1 31 -2
48235;30 -2
48236;31 -1 30 -2
48237;14 -2
48238;14 -1 2 -2
48239;14 -1 31 -1 30 -2
48240;46 -1 17 -1 30 -1 14 -2
48241;14 -1 31 -1 30 -2
48242;17 -1 30 -2
48471;14 -2
48472;41 -2
48473;14 -1 41 -2
48474;14 -2
48475;14 -1 41 -2
48476;14 -1 2 -1 14 -1 2 -2
48477;14 -2
48478;2 -2
48685;14 -1 31 -1 30 -1 30 -1 30 -2
48686;14 -1 31 -1 30 -2
48687;41 -2
48688;7 -1 6 -1 6 -1 14 -1 41 -1 41 -1 6 -1 6 -2
48689;6 -2
48690;6 -1 6 -1 6 -1 2 -2
48691;6 -2
48692;6 -1 6 -1 6 -1 6 -1 6 -1 6 -2
48693;6 -1 6 -2
48694;6 -2
48695;6 -1 6 -2
48696;6 -2
48697;6 -2
48698;6 -1 6 -1 6 -1 6 -1 6 -1 6 -1 6 -1 6 -1 6 -1 6 -1 6 -1 6 -1 6 -1 6 -2
48699;6 -1 6 -1 6 -1 6 -2
48700;6 -1 6 -2
48701;6 -1 6 -1 6 -2
48702;6 -2
48703;6 -1 6 -1 6 -2
48704;6 -1 6 -2
48705;6 -2
48706;6 -2
48707;6 -2
48708;14 -1 32 -1 31 -1 30 -1 31 -1 30 -1 14 -2
48709;14 -1 41 -2
48710;31 -1 14 -1 32 -1 31 -1 30 -1 31 -1 30 -2
48711;14 -1 3 -1 2 -2
48712;14 -1 41 -1 41 -2
48713;14 -1 41 -1 14 -2
48714;14 -1 31 -1 30 -2
48715;17 -1 30 -2
48716;14 -1 41 -2
48717;41 -2
48718;32 -1 31 -1 30 -2
48719;17 -1 30 -2
48720;14 -1 32 -1 31 -1 30 -2
48721;14 -1 41 -2
48722;31 -2
48723;14 -1 41 -2
48724;14 -1 14 -1 14 -2
48725;14 -1 2 -1 14 -1 2 -2
48726;14 -1 31 -1 30 -2
48727;41 -2
48728;41 -1 41 -1 41 -2
48729;14 -1 32 -1 31 -2
48730;32 -1 31 -1 30 -2
48731;31 -1 22 -1 30 -1 30 -1 31 -1 30 -2
48732;31 -1 30 -2
48733;42 -1 32 -1 31 -1 30 -2
48734;14 -1 31 -1 30 -2
48735;14 -2
48736;30 -1 14 -2
48737;41 -2
48738;41 -2
48739;14 -1 41 -2
48740;14 -2
48741;14 -2
48742;14 -2
48743;14 -2
48744;14 -2
48991;14 -2
48992;2 -1 2 -1 41 -2
48993;2 -2
48994;14 -2
48995;14 -1 14 -2
48996;14 -2
48997;2 -2
48998;14 -2
48999;14 -2
49000;38 -1 33 -2
49001;36 -2
49002;14 -1 14 -2
49003;41 -2
49004;2 -2
49005;14 -1 14 -1 2 -2
49206;14 -1 2 -2
49207;3 -1 14 -1 2 -1 31 -1 30 -1 30 -1 48 -1 30 -1 30 -1 30 -1 30 -1 30 -1 30 -1 30 -1 30 -2
49208;30 -1 48 -1 48 -1 32 -1 31 -2
49209;14 -2
49210;14 -1 7 -1 48 -2
49211;6 -2
49212;6 -2
49213;14 -1 2 -2
49214;41 -2
49215;48 -2
49216;48 -1 48 -1 48 -1 48 -2
49217;31 -1 30 -2
49218;30 -1 30 -2
49219;31 -2
49220;14 -1 2 -1 31 -1 30 -1 30 -1 48 -1 48 -2
49221;17 -1 30 -1 31 -1 30 -2
49222;14 -1 2 -1 31 -1 30 -2
49223;17 -1 30 -1 14 -2
49224;41 -2
49225;41 -1 41 -1 41 -1 41 -1 41 -1 41 -2
49226;31 -1 30 -2
49227;14 -1 2 -1 31 -1 30 -1 30 -2
49228;17 -1 30 -1 48 -2
49229;14 -2
49230;14 -1 2 -1 31 -1 30 -1 30 -1 48 -1 30 -1 48 -1 2 -2
49231;41 -2
49232;41 -2
49233;14 -2
49234;41 -2
49235;41 -1 38 -1 41 -2
49236;38 -1 41 -2
49237;41 -2
49238;14 -1 31 -1 30 -2
49239;17 -1 30 -2
49240;14 -2
49673;14 -2
49674;41 -2
49675;41 -2
49676;41 -2
49677;14 -1 41 -2
49678;2 -1 1 -1 46 -1 2 -2
49774;14 -1 31 -1 48 -1 30 -1 17 -1 30 -2
49775;31 -1 30 -1 30 -1 14 -2
49776;2 -2
49777;7 -1 6 -2
49778;6 -1 6 -2
49779;48 -1 48 -2
49780;48 -1 48 -2
49781;48 -1 29 -2
49782;14 -2
49783;14 -1 3 -2
49784;14 -2
49785;31 -1 30 -1 30 -1 30 -1 30 -1 48 -1 29 -2
49786;2 -1 41 -2
49787;14 -1 2 -2
49788;41 -2
49992;14 -2
49993;41 -1 41 -2
49994;14 -1 41 -1 41 -1 41 -2
49995;14 -2
49996;14 -1 7 -1 41 -2
49997;14 -2
49998;14 -1 2 -1 2 -1 14 -1 7 -2
49999;41 -1 7 -2
50000;7 -2
50001;14 -1 14 -2
50002;6 -2
50003;6 -2
50004;6 -2
50005;6 -2
50006;14 -1 2 -1 31 -1 30 -1 30 -1 30 -1 30 -1 30 -1 30 -1 30 -1 30 -1 30 -1 30 -1 30 -1 30 -1 30 -1 30 -1 30 -1 30 -2
50007;14 -1 31 -2
50008;14 -1 31 -1 48 -2
50009;14 -2
50010;14 -2
50011;14 -2
50012;14 -1 31 -1 30 -1 30 -1 30 -1 30 -2
50013;48 -2
50014;14 -1 2 -1 46 -1 1 -1 2 -2
50015;2 -1 14 -1 41 -2
50016;14 -2
50017;41 -1 41 -1 41 -1 41 -1 41 -1 41 -1 38 -2
50153;14 -2
50154;41 -2
50155;14 -2
50156;14 -2
50157;2 -2
50158;14 -1 2 -1 41 -1 41 -1 31 -1 30 -1 30 -1 30 -2
50159;41 -1 41 -1 2 -1 41 -1 31 -1 30 -1 30 -1 48 -1 30 -2
50160;14 -1 2 -2
50161;1 -1 46 -1 2 -2
50238;14 -2
50239;7 -1 6 -1 6 -2
50240;14 -1 2 -2
50241;14 -1 2 -2
50242;14 -2
50243;2 -1 14 -1 41 -2
50244;41 -2
50245;2 -2
50246;14 -1 31 -1 30 -2
50247;14 -1 2 -1 14 -1 41 -1 41 -1 41 -1 41 -1 41 -1 2 -1 14 -1 2 -2
50248;14 -1 31 -1 30 -1 14 -1 31 -1 30 -1 14 -1 31 -1 16 -1 31 -1 31 -1 14 -2
50249;14 -2
50378;14 -2
50379;7 -1 14 -2
50380;14 -1 7 -2
50381;6 -2
50382;6 -1 6 -2
50383;6 -2
50384;6 -1 6 -2
50385;6 -1 6 -2
50386;6 -2
50387;14 -2
50388;31 -1 30 -2
50504;14 -1 41 -1 2 -1 14 -1 3 -1 14 -2
50505;14 -1 3 -2
50506;14 -2
50507;14 -1 41 -1 2 -1 14 -2
50508;2 -2
50509;41 -2
50510;41 -2
50511;41 -1 41 -2
50512;14 -1 2 -2
50513;1 -1 46 -1 2 -1 3 -1 2 -1 14 -1 14 -1 14 -1 41 -2
50514;2 -1 14 -1 41 -2
50611;14 -1 31 -1 30 -2
50612;14 -2
50613;7 -1 6 -2
50614;14 -2
50615;6 -1 41 -2
50616;6 -2
50617;14 -1 41 -2
50618;41 -2
50619;6 -2
50620;6 -2
50621;14 -1 31 -1 30 -2
50622;14 -2
50623;14 -1 31 -1 30 -1 30 -2
50624;30 -2
50625;30 -1 30 -1 30 -1 30 -1 30 -2
50626;14 -1 2 -2
50627;14 -1 31 -1 30 -1 30 -1 30 -1 30 -2
50628;14 -2
50629;14 -1 31 -1 30 -1 30 -2
50630;14 -2
50631;14 -1 31 -1 30 -1 30 -1 2 -1 38 -1 41 -2
50632;14 -2
50633;14 -1 41 -1 2 -1 38 -1 31 -2
50634;14 -2
50635;2 -1 1 -1 46 -1 2 -1 14 -1 31 -1 48 -1 14 -1 31 -1 30 -1 2 -1 30 -1 14 -1 38 -1 33 -1 38 -2
50636;14 -1 2 -1 41 -2
50637;14 -1 41 -2
50638;14 -1 31 -1 30 -2
50639;14 -1 31 -1 30 -2
51427;14 -2
51428;2 -2
51429;14 -2
51430;14 -1 41 -1 2 -2
51431;14 -1 2 -2
51432;14 -2
51433;2 -2
51434;14 -2
51435;14 -1 2 -1 14 -1 41 -2
51436;2 -2
51437;14 -1 41 -2
51438;38 -1 14 -1 42 -1 14 -2
52005;14 -2
52006;14 -1 14 -2
52007;14 -2
52008;14 -2
52009;14 -2
52010;14 -1 2 -2
52011;14 -1 2 -1 2 -1 41 -1 41 -1 41 -2
52012;14 -2
52013;14 -1 2 -2
52014;14 -1 2 -2
52015;14 -1 2 -1 2 -1 2 -1 41 -1 41 -1 41 -1 41 -1 41 -1 41 -1 2 -1 38 -1 41 -1 38 -2
52016;14 -1 41 -2
52103;14 -1 3 -2
52104;41 -1 2 -1 2 -1 41 -1 41 -1 42 -1 3 -1 2 -2
52105;48 -1 14 -1 41 -2
52106;14 -1 14 -1 31 -1 30 -1 48 -1 30 -2
52107;2 -1 41 -1 41 -2
52108;31 -1 30 -2
52109;30 -1 48 -1 30 -1 41 -2
52110;2 -2
52111;14 -1 2 -2
52112;14 -1 2 -2
52113;41 -2
52251;14 -1 31 -1 30 -2
52252;17 -1 30 -1 30 -1 30 -1 30 -1 2 -2
52253;14 -2
52254;14 -1 2 -2
52255;2 -2
52256;14 -1 31 -1 30 -2
52257;17 -1 30 -2
52258;14 -1 31 -1 30 -2
52259;30 -2
52260;14 -1 31 -1 30 -2
52261;41 -1 38 -1 31 -2
52262;14 -1 31 -2
52637;14 -1 41 -2
52638;2 -1 31 -1 30 -2
52639;30 -2
52640;30 -2
52641;30 -2
52642;14 -2
52643;31 -1 48 -1 30 -2
52644;41 -2
52645;2 -2
52646;41 -2
52647;2 -2
52648;2 -2
52649;2 -2
52650;31 -1 30 -2
52651;17 -1 30 -2
52652;2 -2
52653;14 -1 31 -1 30 -2
52654;14 -1 31 -1 30 -1 30 -2
52655;17 -1 30 -2
52656;14 -2
52657;14 -1 31 -1 30 -2
52658;14 -1 31 -1 30 -1 7 -2
52659;6 -2
52660;6 -2
52661;6 -2
52662;6 -2
52663;6 -2
52664;6 -1 6 -2
52665;6 -1 6 -2
52666;6 -1 6 -2
52667;6 -1 41 -2
52668;7 -1 31 -1 30 -2
52669;31 -1 31 -1 30 -1 30 -2
52670;14 -1 14 -1 31 -1 30 -2
52671;17 -1 30 -2
52672;14 -2
52673;31 -1 30 -2
52674;14 -1 31 -1 30 -2
52675;14 -1 14 -1 32 -1 14 -1 3 -2
52676;14 -1 32 -1 31 -1 30 -2
52677;39 -1 38 -1 33 -2
52678;3 -1 2 -1 2 -1 31 -1 30 -1 41 -2
52679;41 -1 3 -1 31 -1 32 -1 39 -1 42 -1 3 -1 2 -1 31 -1 30 -1 2 -2
52680;14 -1 3 -1 2 -2
52681;14 -1 32 -1 31 -1 39 -1 3 -2
52849;14 -1 2 -1 31 -1 30 -2
52850;14 -1 2 -2
52851;14 -2
52852;14 -1 2 -1 41 -2
52853;14 -1 31 -1 30 -1 17 -1 30 -1 14 -1 2 -2
52854;14 -1 41 -2
52855;42 -1 14 -2
52856;30 -2
52857;14 -2
52858;2 -1 14 -1 41 -1 31 -1 30 -2
52859;14 -1 31 -1 30 -1 14 -2
52860;14 -2
52861;14 -1 2 -2
52862;31 -1 30 -2
52863;48 -2
52864;14 -1 2 -2
52865;31 -1 30 -2
52866;17 -1 30 -1 30 -2
52867;14 -1 2 -1 31 -1 30 -2
52868;30 -1 48 -1 48 -1 2 -2
52869;14 -1 31 -1 30 -2
52870;41 -1 31 -2
53064;14 -1 14 -2
53065;14 -2
53066;14 -2
53067;14 -1 14 -1 2 -2
53068;31 -1 30 -2
53069;30 -1 30 -2
53190;14 -2
53191;41 -2
53192;14 -1 2 -1 14 -1 41 -1 2 -2
53193;14 -1 41 -2
53194;14 -2
53195;41 -1 41 -1 41 -2
53196;14 -2
53197;14 -1 14 -2
53308;14 -1 7 -1 5 -1 5 -2
53309;14 -1 14 -2
53310;2 -2
53311;41 -2
53312;14 -1 2 -1 46 -1 1 -1 2 -2
53313;14 -2
53314;41 -2
53315;41 -2
53316;41 -2
53317;41 -2
53318;2 -1 2 -2
53319;14 -2
53320;41 -1 41 -2
53321;41 -2
53322;2 -1 3 -2
53993;14 -1 41 -1 2 -2
53994;14 -1 7 -2
53995;6 -1 6 -2
53996;14 -1 2 -1 2 -2
53997;1 -1 46 -2
53998;2 -2
53999;2 -2
54439;14 -2
54440;14 -1 7 -2
54441;6 -2
54442;6 -1 6 -2
54443;14 -1 31 -1 30 -1 14 -1 31 -1 31 -2
54444;31 -1 30 -1 30 -1 30 -1 30 -1 30 -1 30 -1 48 -1 30 -1 30 -1 30 -2
54445;6 -2
54446;6 -2
54447;48 -2
54448;6 -1 14 -2
54449;14 -1 41 -2
54450;41 -1 41 -2
54451;41 -1 41 -2
54452;14 -2
54453;41 -2
54454;41 -2
54455;14 -2
54456;41 -1 41 -2
54457;14 -1 41 -2
55089;14 -2
55090;14 -1 14 -1 7 -1 7 -2
55091;7 -2
55092;30 -2
55093;31 -1 30 -1 30 -1 48 -1 30 -2
55094;14 -1 31 -1 30 -1 17 -1 17 -1 30 -1 48 -1 48 -1 30 -1 30 -1 19 -2
55095;28 -1 30 -2
55096;30 -2
55097;30 -2
55098;14 -1 14 -2
55099;30 -1 30 -1 17 -1 17 -1 30 -1 30 -1 32 -1 32 -1 31 -1 31 -1 30 -1 30 -2
55100;30 -1 30 -2
55101;30 -2
55102;14 -1 2 -1 2 -1 14 -2
55103;14 -2
55104;31 -1 30 -2
55105;48 -1 29 -1 30 -2
55106;48 -2
55107;17 -1 30 -2
55108;17 -1 46 -1 30 -2
55109;30 -2
55110;14 -1 14 -2
55253;14 -1 7 -1 5 -1 5 -2
55254;5 -1 7 -1 6 -2
55255;6 -2
55256;14 -2
55257;14 -2
55258;14 -1 32 -2
55259;14 -1 42 -1 14 -1 3 -2
55260;14 -2
55261;14 -1 2 -1 46 -1 1 -1 3 -1 2 -2
55262;14 -2
55263;14 -2
55479;14 -2
55480;2 -1 2 -1 31 -1 30 -2
55481;17 -1 30 -1 30 -1 31 -1 30 -1 30 -1 30 -1 30 -1 30 -1 30 -1 30 -1 30 -1 31 -2
55482;16 -1 31 -1 30 -1 14 -2
55483;31 -1 30 -1 30 -2
55484;14 -1 7 -1 5 -1 5 -2
55485;14 -1 31 -1 30 -1 30 -1 31 -1 30 -1 30 -1 31 -1 30 -2
55486;41 -2
55487;2 -2
55488;1 -1 46 -1 2 -1 14 -1 14 -1 41 -1 2 -1 2 -1 41 -2
55489;41 -2
55490;41 -2
55491;14 -1 2 -1 41 -2
55492;41 -2
55493;38 -1 41 -2
55494;31 -1 30 -1 17 -1 30 -1 31 -1 30 -1 30 -1 30 -1 31 -1 32 -1 30 -2
55495;17 -1 30 -1 14 -1 41 -1 41 -2
55496;41 -2
55497;41 -1 41 -2
55498;41 -1 41 -2
55999;14 -2
56000;41 -2
56001;31 -1 30 -1 30 -2
56002;17 -1 30 -1 14 -1 2 -1 14 -2
56003;41 -2
56004;14 -2
56005;14 -1 7 -1 5 -1 5 -1 5 -2
56145;14 -1 3 -1 2 -2
56146;41 -1 41 -1 41 -1 2 -1 2 -2
56147;14 -1 31 -1 30 -1 30 -1 30 -1 30 -1 30 -1 30 -1 30 -1 30 -1 30 -1 30 -1 41 -1 3 -1 2 -1 14 -2
56148;14 -1 7 -2
56281;14 -1 31 -1 30 -1 30 -1 30 -1 30 -1 30 -1 48 -1 48 -1 30 -1 30 -1 30 -1 48 -1 30 -1 30 -2
56282;30 -1 30 -1 30 -1 48 -1 30 -1 48 -2
56283;41 -2
56284;2 -1 14 -1 31 -1 30 -2
56285;30 -2
56286;14 -1 31 -1 30 -1 30 -1 30 -2
56287;30 -2
56288;2 -2
56289;41 -2
56290;41 -1 41 -1 41 -2
56291;14 -1 41 -1 2 -2
56292;14 -1 31 -1 30 -1 30 -1 30 -1 30 -1 17 -1 30 -1 48 -1 4 -2
56507;14 -1 7 -1 41 -1 2 -2
56508;41 -1 14 -1 3 -1 3 -1 39 -1 38 -1 2 -2
56509;14 -1 2 -1 2 -2
56510;14 -1 2 -2
56511;14 -1 3 -1 41 -2
56512;14 -1 41 -1 2 -1 31 -1 30 -1 30 -2
56871;14 -1 31 -1 30 -2
56872;14 -1 14 -2
56873;41 -1 41 -2
56874;14 -2
56875;14 -1 7 -1 7 -2
56876;6 -2
56877;31 -1 30 -2
56878;6 -2
56879;6 -1 6 -2
56880;30 -2
56881;30 -1 30 -2
56882;6 -2
56883;6 -1 6 -1 6 -1 6 -2
56884;6 -1 6 -2
56885;6 -2
56886;6 -2
56887;6 -2
56888;14 -1 7 -1 5 -1 5 -2
56889;14 -1 2 -2
56890;14 -1 2 -2
56891;14 -1 31 -1 30 -1 30 -1 30 -1 30 -2
56892;2 -2
56893;14 -2
56894;2 -2
56895;41 -2
56896;41 -1 41 -2
56897;41 -2
56898;14 -2
56899;14 -2
56900;14 -1 7 -1 5 -2
56901;14 -2
56902;14 -2
56903;14 -2
56904;31 -1 30 -2
56905;2 -2
56906;46 -1 1 -1 2 -1 2 -2
56907;14 -2
56908;14 -1 2 -2
56909;14 -2
56910;41 -2
56911;41 -2
56912;41 -2
56913;41 -1 41 -1 41 -1 2 -1 14 -2
57383;14 -1 2 -1 2 -2
57384;14 -2
57385;7 -1 5 -1 5 -2
57386;14 -1 2 -1 1 -1 46 -1 2 -2
58021;14 -2
58022;41 -1 2 -1 31 -1 30 -2
58023;17 -1 30 -1 30 -1 30 -1 30 -2
58024;14 -1 7 -2
58025;14 -1 7 -1 5 -1 5 -2
58026;6 -1 6 -2
58027;6 -2
58028;6 -2
58029;6 -2
58030;6 -2
58031;6 -1 6 -2
58032;41 -1 41 -1 31 -1 30 -2
58033;14 -1 2 -2
58034;14 -2
58035;14 -2
58036;14 -1 41 -1 41 -2
58037;2 -1 38 -1 41 -2
58038;14 -2
58039;48 -1 31 -2
58216;14 -1 41 -2
58217;14 -2
58218;41 -1 41 -2
58219;41 -1 41 -2
58220;7 -1 7 -2
58221;14 -1 7 -2
58222;6 -2
58223;14 -1 7 -1 48 -1 48 -1 6 -1 31 -1 48 -1 48 -1 6 -1 41 -2
58224;2 -2
58225;14 -1 31 -1 30 -1 30 -1 30 -1 48 -1 17 -1 30 -1 30 -1 14 -2
58226;31 -1 30 -1 30 -1 30 -1 30 -1 30 -1 48 -2
58227;14 -1 31 -1 30 -2
58228;17 -1 30 -1 48 -2
58229;14 -1 31 -1 30 -2
58230;30 -1 30 -2
58231;17 -1 30 -2
58232;14 -1 31 -1 30 -1 2 -2
58233;14 -1 31 -1 30 -1 30 -2
58234;17 -1 30 -2
58235;14 -1 14 -1 31 -1 30 -2
58236;38 -1 2 -2
58237;14 -2
58331;14 -2
58332;14 -1 8 -1 7 -2
58333;14 -2
58334;14 -2
58335;41 -2
58336;2 -2
58337;14 -2
58338;3 -1 2 -1 3 -1 2 -1 3 -1 14 -1 41 -1 31 -2
58339;14 -1 41 -2
58340;31 -1 30 -1 30 -2
58341;30 -1 14 -2
58342;14 -2
58343;31 -2
58344;14 -1 42 -1 14 -2
58345;2 -2
58346;14 -2
58347;14 -1 7 -1 7 -2
58348;5 -1 14 -1 8 -1 7 -1 7 -1 49 -1 49 -2
58349;14 -1 3 -1 2 -1 3 -1 14 -2
58520;14 -1 31 -1 2 -2
58521;2 -1 14 -1 48 -2
58522;14 -2
58523;14 -2
58524;41 -1 41 -1 31 -1 30 -1 30 -1 30 -1 30 -1 30 -1 30 -1 30 -1 41 -1 41 -1 2 -2
58525;41 -1 41 -2
58526;41 -1 41 -1 14 -2
58527;14 -2
58528;14 -1 41 -2
58529;14 -1 48 -1 48 -1 13 -1 29 -1 48 -2
58530;14 -2
58531;14 -2
58532;14 -2
58533;14 -2
58534;14 -2
58535;14 -1 49 -1 48 -1 49 -1 48 -1 48 -1 29 -1 48 -1 29 -2
58536;14 -2
58537;41 -2
58538;41 -2
58539;41 -2
58540;41 -1 41 -1 41 -1 41 -1 41 -1 2 -1 2 -1 41 -1 2 -2
59029;14 -2
59030;2 -2
59031;14 -1 2 -1 41 -2
59032;31 -1 30 -1 2 -1 14 -1 14 -2
59033;14 -2
59034;14 -1 31 -1 30 -2
59035;14 -1 31 -1 30 -2
59036;17 -1 30 -1 31 -2
59037;14 -1 41 -2
59038;31 -1 30 -2
59039;17 -1 30 -2
59040;32 -1 14 -1 31 -1 30 -1 48 -1 30 -2
59041;30 -2
59042;7 -2
59043;6 -2
59044;6 -2
59045;6 -1 6 -2
59046;6 -2
59047;6 -2
59048;6 -2
59049;6 -2
59050;6 -1 6 -2
59051;6 -2
59052;6 -1 6 -2
59053;6 -2
59054;6 -2
59055;14 -1 31 -1 48 -1 49 -1 49 -1 48 -2
59056;14 -1 14 -1 2 -1 31 -1 30 -1 30 -2
59057;14 -1 41 -1 41 -2
59058;31 -2
59059;30 -1 30 -1 30 -1 30 -1 30 -2
59060;31 -2
59061;14 -1 31 -1 30 -1 7 -1 5 -1 5 -2
59062;14 -1 31 -1 30 -2
59063;30 -1 30 -1 30 -2
59064;14 -2
59065;14 -1 31 -1 30 -1 30 -2
59066;17 -1 30 -2
59067;32 -1 31 -1 30 -2
59068;30 -2
59069;30 -2
59070;31 -1 30 -2
59071;14 -2
59072;31 -1 30 -1 32 -1 14 -1 2 -1 31 -1 30 -2
59073;14 -1 41 -1 41 -1 38 -1 14 -1 41 -2
59074;41 -2
59075;41 -2
59076;14 -2
59077;14 -2
59078;14 -1 31 -1 30 -1 30 -1 30 -1 30 -1 2 -1 30 -2
59079;41 -1 41 -2
59080;38 -1 14 -2
59081;2 -2
59082;14 -2
59083;14 -1 7 -2
59084;2 -2
59085;46 -1 1 -1 2 -2
59086;14 -2
59087;14 -1 41 -2
59493;14 -1 41 -1 2 -1 46 -1 1 -1 2 -1 2 -1 14 -2
59494;14 -2
59495;41 -2
59496;7 -1 14 -1 48 -1 14 -1 49 -1 49 -1 48 -1 49 -1 49 -1 48 -1 29 -1 48 -2
59497;14 -1 41 -2
59498;41 -2
59499;2 -2
59500;14 -1 49 -1 49 -1 48 -2
59501;30 -2
59502;14 -2
59503;14 -1 41 -2
59504;31 -1 30 -1 30 -1 30 -1 14 -1 2 -2
59505;14 -2
59506;14 -2
59507;14 -2
59879;14 -2
59880;14 -1 32 -1 31 -1 30 -1 32 -1 31 -1 30 -1 32 -1 32 -1 31 -1 30 -2
59881;17 -1 30 -2
59882;32 -1 31 -2
59883;16 -1 31 -2
59884;30 -1 32 -1 31 -1 30 -1 17 -1 30 -1 32 -1 14 -1 3 -1 2 -1 3 -1 14 -1 32 -1 31 -2
59885;16 -1 31 -1 31 -1 31 -2
59886;14 -2
59887;14 -2
59888;41 -2
59889;41 -2
59890;41 -1 41 -1 14 -1 41 -1 41 -1 41 -2
59891;41 -2
59892;3 -1 2 -1 32 -1 31 -1 30 -1 30 -1 30 -1 32 -1 31 -1 30 -1 14 -2
59893;2 -2
59894;14 -1 42 -1 14 -1 32 -1 31 -1 31 -1 3 -1 2 -2
59895;14 -1 32 -1 31 -1 30 -1 30 -2
59896;16 -1 31 -1 32 -1 14 -1 3 -1 2 -1 41 -2
59897;14 -2
59898;2 -2
59899;14 -2
59900;14 -1 14 -1 14 -2
59901;2 -1 31 -1 30 -1 30 -1 30 -1 30 -1 30 -1 30 -1 30 -1 30 -1 17 -1 30 -1 17 -1 31 -1 30 -1 30 -1 30 -1 14 -1 2 -1 14 -2
59902;41 -2
59903;41 -1 41 -2
59904;14 -2
59905;2 -1 2 -1 14 -1 32 -1 31 -1 31 -1 30 -1 14 -1 39 -1 31 -1 22 -2
59906;14 -1 3 -1 3 -1 3 -2
59907;2 -1 1 -1 46 -1 2 -2
59908;14 -1 3 -1 2 -1 14 -2
60082;14 -1 31 -1 30 -1 14 -1 2 -1 14 -1 41 -1 41 -2
60083;31 -1 30 -1 31 -1 30 -1 14 -2
60084;31 -1 30 -1 31 -1 30 -1 31 -1 30 -1 31 -1 30 -1 31 -2
60085;16 -1 31 -1 14 -1 2 -2
60086;41 -2
60087;7 -1 14 -2
60088;14 -1 2 -2
60089;14 -1 2 -2
60090;14 -1 41 -2
60091;2 -1 14 -1 7 -1 5 -1 5 -2
60092;14 -1 31 -1 14 -2
60093;31 -1 14 -1 31 -1 30 -2
60094;17 -1 30 -1 14 -1 41 -1 41 -1 41 -2
60095;14 -2
60096;14 -1 31 -1 30 -2
60097;17 -1 30 -1 14 -2
60098;14 -2
60099;14 -1 2 -1 14 -2
60100;38 -1 14 -1 41 -1 14 -2
60101;14 -2
60102;31 -1 30 -2
60103;14 -2
60104;31 -1 30 -1 17 -1 30 -2
60105;14 -1 31 -1 30 -2
60106;14 -1 2 -2
60107;14 -1 31 -1 30 -1 31 -2
60108;16 -1 31 -2
60210;14 -1 31 -1 41 -1 31 -1 30 -2
60211;31 -1 30 -1 31 -1 30 -1 31 -1 30 -1 31 -1 30 -1 30 -2
60212;17 -1 30 -1 14 -1 32 -1 31 -1 14 -1 41 -2
60213;41 -1 31 -1 2 -1 41 -2
60214;41 -2
60215;2 -1 2 -1 41 -1 41 -2
60216;41 -1 2 -2
60217;41 -2
60218;41 -1 7 -1 14 -2
60219;31 -1 6 -1 30 -1 6 -2
60220;14 -1 14 -2
60221;41 -1 41 -2
60222;14 -1 7 -1 6 -1 14 -2
60223;6 -1 2 -2
60224;14 -2
60225;7 -2
60226;14 -1 7 -2
60227;6 -2
60228;6 -2
60229;6 -2
60230;6 -2
60231;14 -1 31 -1 30 -2
60232;17 -1 30 -1 30 -2
60233;28 -1 30 -1 30 -1 30 -2
60234;14 -1 31 -1 30 -2
60235;17 -1 30 -1 30 -2
60236;14 -1 2 -1 3 -1 2 -1 14 -1 2 -2
60237;14 -1 3 -1 2 -2
60238;46 -1 1 -1 14 -2
60239;32 -2
60240;14 -1 32 -1 31 -1 30 -2
60241;14 -1 31 -1 30 -2
60242;14 -1 2 -2
60243;3 -1 14 -1 7 -1 5 -1 5 -1 7 -1 8 -1 14 -1 31 -2
60244;32 -1 31 -1 30 -2
60245;31 -1 30 -2
60246;46 -1 17 -1 30 -1 30 -1 14 -1 41 -1 41 -1 38 -1 41 -1 2 -2
60332;14 -1 31 -1 30 -1 30 -1 30 -1 30 -1 14 -1 2 -2
60333;14 -1 41 -1 2 -1 31 -1 30 -1 30 -1 14 -1 41 -2
60334;41 -2
60335;2 -2
60336;14 -1 41 -2
60337;7 -1 6 -1 6 -1 14 -1 41 -1 7 -2
60338;14 -1 2 -2
60339;14 -1 7 -1 5 -1 5 -2
60340;14 -1 7 -1 5 -1 5 -2
60341;14 -2
60342;14 -1 41 -1 41 -1 2 -2
60343;2 -2
60344;14 -1 2 -2
60345;14 -1 41 -1 41 -1 41 -2
60346;31 -1 30 -1 30 -2
60347;30 -2
60348;30 -2
60349;14 -1 2 -2
60771;14 -1 41 -2
60772;14 -1 2 -1 2 -1 2 -1 31 -1 30 -1 30 -1 30 -1 30 -1 30 -1 30 -1 30 -1 30 -1 30 -1 41 -1 2 -1 41 -1 41 -2
60773;41 -1 41 -1 41 -1 2 -1 2 -2
60912;14 -2
60913;14 -1 2 -2
60914;14 -1 2 -1 14 -1 31 -1 30 -2
60915;14 -2
60916;14 -1 41 -1 2 -2
60917;31 -1 30 -1 30 -1 30 -2
60918;14 -2
60919;41 -2
60920;14 -2
60921;41 -2
60922;14 -2
60923;14 -1 31 -2
60924;14 -1 41 -2
60925;41 -1 41 -1 31 -1 30 -2
60926;30 -1 30 -1 30 -1 30 -1 30 -2
60927;14 -1 41 -2
60928;41 -2
60929;41 -2
60930;2 -2
60931;14 -1 2 -2
60932;14 -1 2 -2
60933;14 -2
60934;2 -2
60935;46 -1 1 -1 2 -2
60936;14 -2
60937;7 -1 5 -1 5 -2
60938;14 -1 41 -2
60939;2 -2
60940;14 -1 41 -2
60941;7 -1 5 -1 5 -2
60942;14 -2
60943;41 -1 14 -2
60944;14 -2
60945;41 -2
61336;14 -1 41 -1 2 -1 31 -1 2 -2
61337;41 -1 31 -1 30 -1 30 -1 30 -1 30 -1 30 -1 30 -1 30 -1 48 -2
61338;2 -2
61339;31 -2
61340;14 -2
61341;14 -1 7 -2
61342;49 -1 48 -2
61343;6 -1 41 -1 2 -1 2 -2
61344;14 -1 49 -1 48 -2
61345;41 -2
61346;2 -1 14 -2
61347;2 -1 41 -1 2 -2
61348;48 -2
61349;14 -1 41 -2
61350;31 -2
61351;42 -2
61352;14 -2
61353;2 -2
61354;14 -1 2 -1 14 -1 2 -2
61355;49 -1 48 -1 2 -2
61356;14 -2
61357;49 -1 48 -2
61358;14 -2
61359;2 -2
61360;14 -1 2 -1 2 -1 49 -1 48 -2
61361;14 -1 2 -2
61362;2 -2
61363;3 -1 2 -1 2 -1 2 -1 3 -2
61364;14 -1 2 -1 3 -1 2 -2
61365;14 -1 2 -2
61366;14 -1 2 -2
61367;14 -1 14 -1 2 -1 3 -1 2 -1 14 -1 31 -1 30 -1 30 -1 30 -1 14 -1 2 -2
61368;14 -1 49 -1 49 -1 49 -1 49 -1 14 -1 31 -1 41 -1 41 -1 2 -2
61369;3 -1 2 -2
61370;14 -1 2 -2
61371;46 -1 1 -1 2 -1 14 -1 2 -1 2 -1 31 -1 2 -1 3 -1 2 -1 14 -2
61372;14 -1 41 -1 2 -1 2 -1 2 -1 2 -2
61373;41 -2
61374;14 -2
61683;14 -1 7 -1 6 -2
61684;6 -2
61685;48 -1 48 -2
61686;6 -2
61687;6 -1 6 -2
61688;14 -1 14 -1 2 -1 2 -2
61689;2 -1 6 -2
61690;6 -2
61691;6 -1 6 -1 6 -2
61692;6 -1 6 -1 6 -2
61693;6 -2
61694;6 -2
61695;6 -2
61696;6 -2
61697;6 -2
61698;14 -1 31 -1 30 -1 30 -2
61699;31 -1 30 -1 31 -1 30 -1 32 -1 14 -1 41 -2
61700;30 -1 30 -1 32 -1 14 -1 31 -1 30 -2
61701;14 -1 41 -2
61702;41 -2
61982;14 -1 7 -1 6 -2
61983;6 -2
61984;14 -2
61985;41 -2
61986;14 -1 41 -1 2 -1 41 -1 41 -2
61987;2 -2
61988;14 -1 2 -2
61989;41 -2
61990;2 -2
61991;31 -2
61992;14 -1 41 -2
61993;41 -1 41 -1 2 -1 2 -1 31 -1 41 -2
61994;14 -1 14 -2
62198;30 -1 14 -1 31 -2
62199;14 -1 2 -1 2 -1 2 -1 31 -1 30 -2
62200;14 -1 2 -2
62201;14 -2
62511;14 -1 3 -1 41 -2
62512;41 -1 2 -2
62513;14 -2
62514;14 -1 3 -1 14 -2
62515;14 -2
63111;14 -1 41 -1 41 -2
63112;41 -2
63113;7 -1 6 -2
63114;48 -1 48 -2
63115;6 -2
63116;6 -1 6 -2
63117;14 -2
63118;14 -2
63119;14 -1 31 -2
63120;14 -2
63121;14 -1 2 -1 31 -1 30 -2
63122;30 -1 30 -1 30 -1 2 -2
63123;14 -2
63124;14 -2
63125;14 -2
63126;14 -1 2 -2
63127;38 -1 41 -2
63128;41 -2
63129;41 -2
64103;14 -2
64104;14 -1 8 -1 7 -2
64105;14 -2
64106;6 -1 31 -1 2 -1 31 -1 30 -1 30 -1 30 -1 30 -1 30 -1 30 -1 30 -2
64107;30 -1 30 -1 30 -1 30 -2
64108;6 -1 6 -1 6 -1 6 -1 6 -1 6 -2
64109;6 -1 6 -2
64110;6 -1 6 -2
64111;6 -2
64112;41 -1 2 -1 41 -1 2 -1 31 -1 30 -1 30 -1 30 -1 14 -2
64113;41 -2
64114;14 -1 2 -2
64115;14 -2
64116;7 -1 5 -1 5 -2
64117;14 -1 31 -1 30 -1 30 -2
64118;17 -1 30 -2
64119;30 -1 14 -1 2 -2
64120;31 -1 30 -1 17 -1 30 -2
64121;14 -1 31 -1 30 -2
64122;14 -1 48 -1 31 -1 48 -1 14 -1 2 -1 14 -1 31 -1 48 -2
64123;14 -1 41 -2
64124;41 -2
64125;41 -1 2 -1 41 -1 2 -2
64126;14 -1 31 -1 30 -2
64127;14 -1 31 -1 30 -1 30 -1 30 -1 30 -1 30 -1 41 -2
64128;14 -1 31 -1 30 -1 41 -2
64129;14 -2
64130;14 -1 2 -1 31 -1 30 -1 30 -1 30 -1 31 -1 7 -1 5 -1 41 -1 41 -2
64131;41 -2
64132;41 -2
64359;14 -1 31 -1 30 -2
64360;14 -1 2 -1 31 -1 30 -1 30 -2
64361;14 -2
64362;2 -1 31 -1 30 -2
64363;17 -1 30 -2
64364;14 -1 31 -1 30 -2
64365;14 -2
64366;31 -1 2 -2
64367;31 -1 30 -1 30 -2
64368;14 -1 31 -1 30 -1 17 -1 30 -1 48 -2
64369;14 -2
64370;14 -1 31 -1 30 -1 30 -2
64371;14 -1 31 -1 30 -1 30 -1 30 -1 30 -1 30 -2
64372;14 -1 31 -1 30 -1 48 -2
64373;48 -2
64374;29 -2
64375;17 -1 30 -2
64376;14 -1 31 -1 30 -1 48 -1 48 -2
64377;14 -1 31 -1 30 -1 30 -2
64378;14 -1 31 -1 30 -2
64526;14 -1 31 -1 30 -2
64527;14 -2
64528;41 -1 41 -2
64979;14 -1 31 -1 30 -1 30 -1 30 -1 31 -1 32 -1 14 -1 41 -2
64980;14 -1 31 -1 30 -1 30 -1 30 -1 30 -1 30 -1 2 -1 41 -2
64981;2 -1 41 -2
64982;31 -1 30 -1 30 -1 30 -1 31 -1 30 -1 30 -1 30 -1 30 -1 30 -1 14 -1 31 -1 16 -1 31 -1 14 -1 41 -1 2 -1 2 -2
64983;14 -2
65133;14 -2
65134;14 -1 2 -1 2 -1 2 -2
65135;14 -2
65136;17 -1 30 -1 30 -2
65137;48 -2
65138;14 -1 2 -1 2 -1 2 -1 31 -1 41 -1 2 -1 14 -1 2 -2
65139;14 -2
65140;14 -1 41 -1 2 -2
65141;14 -1 2 -2
65142;14 -1 41 -2
65143;41 -2
65144;14 -1 31 -1 30 -2
65145;14 -1 41 -2
65146;8 -1 8 -1 7 -1 7 -1 7 -2
65147;14 -1 31 -1 48 -1 30 -1 30 -2
65148;17 -1 30 -1 48 -2
65149;14 -1 41 -2
65150;14 -1 38 -1 38 -1 33 -1 2 -1 41 -2
65151;41 -2
65227;14 -2
65228;41 -2
65312;14 -1 2 -2
65313;14 -1 2 -1 31 -1 30 -1 30 -1 30 -1 48 -2
65314;31 -1 30 -1 30 -2
65315;14 -2
65316;14 -2
65445;14 -2
65446;31 -1 48 -1 13 -2
65447;29 -2
65448;41 -2
65449;14 -1 7 -2
65450;14 -1 2 -1 2 -1 41 -2
65451;31 -1 30 -1 30 -2
65452;17 -1 30 -2
65453;2 -1 2 -2
65454;41 -2
65455;14 -2
65456;14 -1 2 -2
65457;31 -1 30 -2
65458;41 -2
65459;31 -1 30 -2
65460;2 -1 1 -1 46 -1 2 -2
