13036-4429;33>
13036-4429;33>
13036-4429;33>
18200-6547;33>
18200-6547;33>
18344-4912;33>
22435-4912;33>
13036-4429;34>
13036-4429;34>
13036-4429;34>
18200-6547;34>
18200-6547;34>
18344-4912;34>
22435-4912;34>
22435-4912;2>
22435-4912;2>
13036-4429;36>
13036-4429;36>
13036-4429;36>
18200-6547;36>
18200-6547;36>
18200-6547;36>
18200-6547;36>
18200-6547;36>
18344-4912;36>
22435-4912;36>
13036-4429;37>
13036-4429;37>
13036-4429;37>
18200-6547;37>
18200-6547;37>
18344-4912;37>
22435-4912;37>
13036-4429;38>
13036-4429;38>
13036-4429;38>
13036-4429;38>
13036-4429;38>
13036-4429;38>
13036-4429;38>
15183-6547;38>
18200-6547;38>
18200-6547;38>
18200-6547;38>
18200-6547;38>
18344-4912;38>
18344-4912;38>
18344-4912;38>
22435-4912;38>
22435-4912;38>
22435-4912;38>
22435-4912;38>
22435-4912;38>
13036-4429;7>
13036-4429;7>
22435-4912;7>
22435-4912;39>
22435-4912;39>
13036-4429;9>
13036-4429;9>
15183-6547;9>
18200-6547;9>
18344-4912;9>
22435-4912;9>
22435-4912;9>
13036-4429;41>
13036-4429;41>
13036-4429;41>
13036-4429;41>
13036-4429;41>
13036-4429;41>
13036-4429;41>
13036-4429;41>
13036-4429;41>
13036-4429;41>
13036-4429;41>
14884-4428;41>
14884-4428;41>
14884-4428;41>
14884-4428;41>
15183-6547;41>
15183-6547;41>
15183-6547;41>
15183-6547;41>
15183-6547;41>
18200-6547;41>
18200-6547;41>
18200-6547;41>
18344-4912;41>
18344-4912;41>
18344-4912;41>
18344-4912;41>
18344-4912;41>
18344-4912;41>
18344-4912;41>
18344-4912;41>
19173-4429;41>
19173-4429;41>
19173-4429;41>
19173-4429;41>
19173-4429;41>
19173-4429;41>
19173-4429;41>
19173-4429;41>
22435-4912;41>
22435-4912;41>
22435-4912;41>
22435-4912;41>
22435-4912;41>
22435-4912;41>
13036-4429;11>
13036-4429;11>
14884-4428;11>
15183-6547;11>
15183-6547;11>
18200-6547;11>
18200-6547;11>
18344-4912;11>
18344-4912;11>
18344-4912;11>
18344-4912;11>
22435-4912;11>
22435-4912;11>
22435-4912;11>
22435-4912;11>
22435-4912;11>
13036-4429;14>
13036-4429;14>
13036-4429;14>
13036-4429;14>
13036-4429;14>
13036-4429;14>
13036-4429;14>
13036-4429;14>
13036-4429;14>
13036-4429;14>
13036-4429;14>
13036-4429;14>
13036-4429;14>
13036-4429;14>
13036-4429;14>
14884-4428;14>
14884-4428;14>
14884-4428;14>
14884-4428;14>
15183-6547;14>
15183-6547;14>
15183-6547;14>
15183-6547;14>
15183-6547;14>
15183-6547;14>
15183-6547;14>
15183-6547;14>
15183-6547;14>
15183-6547;14>
15183-6547;14>
15183-6547;14>
15183-6547;14>
15183-6547;14>
15183-6547;14>
18200-6547;14>
18200-6547;14>
18200-6547;14>
18200-6547;14>
18200-6547;14>
18200-6547;14>
18200-6547;14>
18200-6547;14>
18200-6547;14>
18200-6547;14>
18200-6547;14>
18200-6547;14>
18200-6547;14>
18200-6547;14>
18200-6547;14>
18200-6547;14>
18200-6547;14>
18200-6547;14>
18200-6547;14>
18200-6547;14>
18344-4912;14>
18344-4912;14>
18344-4912;14>
18344-4912;14>
18344-4912;14>
18344-4912;14>
18344-4912;14>
18344-4912;14>
18344-4912;14>
18344-4912;14>
18344-4912;14>
18344-4912;14>
18344-4912;14>
18344-4912;14>
18344-4912;14>
18344-4912;14>
19173-4429;14>
19173-4429;14>
19173-4429;14>
19173-4429;14>
19173-4429;14>
19173-4429;14>
19173-4429;14>
19173-4429;14>
22435-4912;14>
22435-4912;14>
22435-4912;14>
22435-4912;14>
22435-4912;14>
22435-4912;14>
22435-4912;14>
22435-4912;14>
22435-4912;14>
22435-4912;14>
13036-4429;47>
13036-4429;47>
13036-4429;48>
13036-4429;48>
13036-4429;48>
13036-4429;48>
13036-4429;48>
13036-4429;48>
13036-4429;48>
13036-4429;48>
13036-4429;48>
13036-4429;48>
13036-4429;48>
13036-4429;48>
14884-4428;48>
15183-6547;48>
15183-6547;48>
18200-6547;48>
18200-6547;48>
18200-6547;48>
18200-6547;48>
18200-6547;48>
18200-6547;48>
18200-6547;48>
18344-4912;48>
18344-4912;48>
18344-4912;48>
18344-4912;48>
18344-4912;48>
18344-4912;48>
18344-4912;48>
19173-4429;48>
22435-4912;48>
22435-4912;48>
22435-4912;48>
22435-4912;48>
22435-4912;48>
22435-4912;48>
13036-4429;16>
15183-6547;16>
15183-6547;16>
15183-6547;16>
15183-6547;16>
18200-6547;16>
18200-6547;16>
13036-4429;49>
13036-4429;49>
13036-4429;49>
13036-4429;49>
15183-6547;49>
15183-6547;49>
18200-6547;49>
22435-4912;49>
13036-4429;17>
15183-6547;17>
18200-6547;17>
18344-4912;17>
15183-6547;29>
15183-6547;29>
19173-4429;29>
22435-4912;29>
22435-4912;29>
22435-4912;29>
22435-4912;29>
13036-4429;30>
13036-4429;30>
13036-4429;30>
13036-4429;30>
13036-4429;30>
13036-4429;30>
13036-4429;30>
13036-4429;30>
13036-4429;30>
15183-6547;30>
15183-6547;30>
15183-6547;30>
15183-6547;30>
15183-6547;30>
15183-6547;30>
15183-6547;30>
15183-6547;30>
15183-6547;30>
18200-6547;30>
18200-6547;30>
18200-6547;30>
18200-6547;30>
18200-6547;30>
18200-6547;30>
18200-6547;30>
18200-6547;30>
18200-6547;30>
18200-6547;30>
18200-6547;30>
18200-6547;30>
18344-4912;30>
18344-4912;30>
18344-4912;30>
18344-4912;30>
18344-4912;30>
18344-4912;30>
18344-4912;30>
18344-4912;30>
18344-4912;30>
18344-4912;30>
18344-4912;30>
18344-4912;30>
18344-4912;30>
19173-4429;30>
22435-4912;30>
22435-4912;30>
22435-4912;30>
22435-4912;30>
13036-4429;31>
13036-4429;31>
13036-4429;31>
13036-4429;31>
13036-4429;31>
13036-4429;31>
13036-4429;31>
13036-4429;31>
13036-4429;31>
13036-4429;31>
14884-4428;31>
14884-4428;31>
15183-6547;31>
15183-6547;31>
15183-6547;31>
15183-6547;31>
15183-6547;31>
15183-6547;31>
15183-6547;31>
15183-6547;31>
15183-6547;31>
15183-6547;31>
15183-6547;31>
18200-6547;31>
18200-6547;31>
18200-6547;31>
18200-6547;31>
18200-6547;31>
18200-6547;31>
18200-6547;31>
18200-6547;31>
18200-6547;31>
18200-6547;31>
18200-6547;31>
18200-6547;31>
18200-6547;31>
18200-6547;31>
18200-6547;31>
18200-6547;31>
18200-6547;31>
18200-6547;31>
18344-4912;31>
18344-4912;31>
18344-4912;31>
18344-4912;31>
18344-4912;31>
18344-4912;31>
18344-4912;31>
18344-4912;31>
18344-4912;31>
18344-4912;31>
18344-4912;31>
18344-4912;31>
18344-4912;31>
18344-4912;31>
18344-4912;31>
18344-4912;31>
18344-4912;31>
19173-4429;31>
19173-4429;31>
19173-4429;31>
19173-4429;31>
22435-4912;31>
22435-4912;31>
22435-4912;31>
22435-4912;31>
22435-4912;31>
13036-4429;33>36>
13036-4429;33>36>
18200-6547;33>36>
18344-4912;33>36>
13036-4429;33 34>
13036-4429;33 34>
13036-4429;33 34>36>
13036-4429;33 34>36>
18200-6547;33 36>
18344-4912;33 36>
22435-4912;33 36>
13036-4429;34>36>
13036-4429;34>36>
18200-6547;34>36>
18200-6547;34>36>
22435-4912;34>36>
13036-4429;34>36>37>
18200-6547;34>36>37>
13036-4429;36>34>
18200-6547;36>34>
18344-4912;36>34>
22435-4912;36>34>
18200-6547;36>34>36>
22435-4912;36>34>36>
13036-4429;36>36>
18200-6547;36>36>
18344-4912;36>36>
13036-4429;36>36>34>
18200-6547;36>36>34>
18344-4912;36>36>34>
13036-4429;36>37>
18200-6547;36>37>
13036-4429;37 38>
13036-4429;37 38>
18200-6547;37 38>
22435-4912;37 38>
13036-4429;38>38>
15183-6547;38>38>
13036-4429;38>11>
15183-6547;38>11>
13036-4429;38>11>9>
15183-6547;38>11>9>
13036-4429;38>11>9>11>
15183-6547;38>11>9>11>
13036-4429;38>14>
15183-6547;38>14>
18200-6547;38>14>
18344-4912;38>14>
15183-6547;38>14>38>
18200-6547;38>14>38>
13036-4429;38 41>
22435-4912;38 41>
13036-4429;9>11>
15183-6547;9>11>
18200-6547;9>11>
18344-4912;9>11>
22435-4912;9>11>
18200-6547;9>11>31>
22435-4912;9>11>31>
18200-6547;9>11>31>30>
22435-4912;9>11>31>30>
18200-6547;9>11>31>30>30>
22435-4912;9>11>31>30>30>
13036-4429;41>41>
13036-4429;41>41>
14884-4428;41>41>
15183-6547;41>41>
15183-6547;41>41>
18200-6547;41>41>
18344-4912;41>41>
18344-4912;41>41>
19173-4429;41>41>
22435-4912;41>41>
22435-4912;41>41>
13036-4429;41>41>41>
15183-6547;41>41>41>
18200-6547;41>41>41>
18344-4912;41>41>41>
13036-4429;41>41>41>41>
15183-6547;41>41>41>41>
13036-4429;41>41>41>41>41>
15183-6547;41>41>41>41>41>
18200-6547;41>41>41>14>
18344-4912;41>41>41>14>
18200-6547;41>41>14>
18344-4912;41>41>14>
15183-6547;41>41>31>
22435-4912;41>41>31>
13036-4429;41>14>
18200-6547;41>14>
18344-4912;41>14>
13036-4429;41>31>
15183-6547;41>31>
18344-4912;41>31>
18344-4912;41>31>
18344-4912;41>31>
19173-4429;41>31>
22435-4912;41>31>
13036-4429;41>31>30>
15183-6547;41>31>30>
18344-4912;41>31>30>
18344-4912;41>31>30>
18344-4912;41>31>30>31>
18344-4912;41>31>30>31>
18344-4912;41>31>30>31>30>
18344-4912;41>31>30>31>30>
14884-4428;41 48>
22435-4912;41 48>
13036-4429;11>9>
15183-6547;11>9>
18344-4912;11>9>
22435-4912;11>9>
22435-4912;11>9>
13036-4429;11>9>11>
15183-6547;11>9>11>
18344-4912;11>9>11>
22435-4912;11>9>11>
18200-6547;11>11>
22435-4912;11>11>
13036-4429;11>48>
13036-4429;11>48>
22435-4912;11>48>
22435-4912;11>48>
22435-4912;11>48>29>
22435-4912;11>48>29>
18200-6547;11>31>
22435-4912;11>31>
18200-6547;11>31>30>
22435-4912;11>31>30>
18200-6547;11>31>30>30>
22435-4912;11>31>30>30>
14884-4428;11 41>
15183-6547;11 41>
22435-4912;11 41>
14884-4428;11 14>
22435-4912;11 14>
22435-4912;11 14>
14884-4428;11 14 41>
22435-4912;11 14 41>
13036-4429;14>38>
13036-4429;14>38>
15183-6547;14>38>
18200-6547;14>38>
18200-6547;14>38>
18200-6547;14>38>
18344-4912;14>38>
22435-4912;14>38>
13036-4429;14>41>
13036-4429;14>41>
14884-4428;14>41>
15183-6547;14>41>
15183-6547;14>41>
18200-6547;14>41>
18344-4912;14>41>
18344-4912;14>41>
18344-4912;14>41>
18344-4912;14>41>
19173-4429;14>41>
13036-4429;14>41>41>
13036-4429;14>41>41>
15183-6547;14>41>41>
18200-6547;14>41>41>
18344-4912;14>41>41>
13036-4429;14>41>41>41>
15183-6547;14>41>41>41>
18200-6547;14>41>41>41>
13036-4429;14>41>41>41>41>
15183-6547;14>41>41>41>41>
13036-4429;14>41>41>41>41>41>
15183-6547;14>41>41>41>41>41>
15183-6547;14>41>31>
18344-4912;14>41>31>
18344-4912;14>41>31>
15183-6547;14>41>31>30>
18344-4912;14>41>31>30>
18344-4912;14>11>
22435-4912;14>11>
22435-4912;14>11>
18344-4912;14>11>9>
22435-4912;14>11>9>
22435-4912;14>11>48>
22435-4912;14>11>48>
22435-4912;14>11>48>29>
22435-4912;14>11>48>29>
13036-4429;14>14>
13036-4429;14>14>
13036-4429;14>14>
13036-4429;14>14>
15183-6547;14>14>
22435-4912;14>14>
13036-4429;14>14>31>
13036-4429;14>14>31>
22435-4912;14>14>31>
13036-4429;14>49>
13036-4429;14>49>
18200-6547;14>49>
13036-4429;14>31>
13036-4429;14>31>
13036-4429;14>31>
15183-6547;14>31>
15183-6547;14>31>
15183-6547;14>31>
15183-6547;14>31>
18200-6547;14>31>
18200-6547;14>31>
18200-6547;14>31>
18200-6547;14>31>
18344-4912;14>31>
18344-4912;14>31>
18344-4912;14>31>
18344-4912;14>31>
18344-4912;14>31>
19173-4429;14>31>
22435-4912;14>31>
22435-4912;14>31>
19173-4429;14>31>41>
22435-4912;14>31>41>
15183-6547;14>31>30>
18200-6547;14>31>30>
18200-6547;14>31>30>
18344-4912;14>31>30>
18344-4912;14>31>30>
18344-4912;14>31>30>
18344-4912;14>31>30>
22435-4912;14>31>30>
18200-6547;14>31>30>31>
18344-4912;14>31>30>31>
18344-4912;14>31>30>31>
22435-4912;14>31>30>31>
18200-6547;14>31>30>31>48>
18344-4912;14>31>30>31>48>
13036-4429;14>31>31>
18200-6547;14>31>31>
18344-4912;14>31>31>
13036-4429;14>31>31>30>
18344-4912;14>31>31>30>
13036-4429;14>31>31>30>31>
18344-4912;14>31>31>30>31>
13036-4429;14 38>
13036-4429;14 38>
15183-6547;14 38>
18344-4912;14 38>
22435-4912;14 38>
13036-4429;14 38>38>
15183-6547;14 38>38>
13036-4429;14 41>
14884-4428;14 41>
14884-4428;14 41>
14884-4428;14 41>
15183-6547;14 41>
15183-6547;14 41>
15183-6547;14 41>
18200-6547;14 41>
18200-6547;14 41>
18344-4912;14 41>
18344-4912;14 41>
19173-4429;14 41>
19173-4429;14 41>
19173-4429;14 41>
19173-4429;14 41>
19173-4429;14 41>
19173-4429;14 41>
19173-4429;14 41>
22435-4912;14 41>
14884-4428;14 41>41>
15183-6547;14 41>41>
19173-4429;14 41>41>
13036-4429;14 48>
13036-4429;14 48>
13036-4429;14 48>
13036-4429;14 48>
18200-6547;14 48>
18200-6547;14 48>
18344-4912;14 48>
18344-4912;14 48>
13036-4429;14 17>
18200-6547;14 17>
13036-4429;14 17 48>
18200-6547;14 17 48>
13036-4429;14 17 31>
18200-6547;14 17 31>
13036-4429;14 17 31 48>
18200-6547;14 17 31 48>
15183-6547;14 29>
22435-4912;14 29>
22435-4912;14 29>
13036-4429;14 30>
13036-4429;14 30>
15183-6547;14 30>
15183-6547;14 30>
15183-6547;14 30>
15183-6547;14 30>
18200-6547;14 30>
18200-6547;14 30>
18344-4912;14 30>
18344-4912;14 30>
22435-4912;14 30>
22435-4912;14 30>
15183-6547;14 30>31>
18344-4912;14 30>31>
13036-4429;14 30 48>
13036-4429;14 30 48>
13036-4429;14 30 31>
15183-6547;14 30 31>
18200-6547;14 30 31>
13036-4429;14 31>
14884-4428;14 31>
15183-6547;14 31>
15183-6547;14 31>
15183-6547;14 31>
18200-6547;14 31>
18200-6547;14 31>
18200-6547;14 31>
18200-6547;14 31>
18200-6547;14 31>
18200-6547;14 31>
18200-6547;14 31>
18200-6547;14 31>
18200-6547;14 31>
18200-6547;14 31>
18200-6547;14 31>
18344-4912;14 31>
18344-4912;14 31>
18344-4912;14 31>
18344-4912;14 31>
19173-4429;14 31>
22435-4912;14 31>
18200-6547;14 31>38>
18200-6547;14 31>38>
22435-4912;14 31>38>
18200-6547;14 31>31>
18200-6547;14 31>31>
18200-6547;14 31>31>
18344-4912;14 31>31>
18200-6547;14 31>31>30>
18344-4912;14 31>31>30>
14884-4428;14 31 41>
18200-6547;14 31 41>
18200-6547;14 31 41>
13036-4429;14 31 48>
18200-6547;14 31 48>
13036-4429;47 48>
13036-4429;47 48>
13036-4429;48>14>
18344-4912;48>14>
13036-4429;48>48>
13036-4429;48>48>
18200-6547;48>48>
19173-4429;48>48>
15183-6547;48>29>
19173-4429;48>29>
22435-4912;48>29>
22435-4912;48>29>
22435-4912;48>29>
22435-4912;48>29>14>
22435-4912;48>29>14>
19173-4429;48>29>48>
22435-4912;48>29>48>
19173-4429;48>29>48>29>
22435-4912;48>29>48>29>
15183-6547;48>29>49>
22435-4912;48>29>49>
13036-4429;48>30>
13036-4429;48>30>
15183-6547;48>30>
18200-6547;48>30>
18200-6547;48>30>
13036-4429;48>30>31>
18200-6547;48>30>31>
13036-4429;48>30>31>30>
18200-6547;48>30>31>30>
13036-4429;48>31>
18344-4912;48>31>
18344-4912;48>31>
18344-4912;48>31>
18344-4912;48>31>30>
18344-4912;48>31>30>
13036-4429;16>31>
15183-6547;16>31>
15183-6547;16>31>
15183-6547;16>31>
15183-6547;16>31>
18200-6547;16>31>
13036-4429;16>31>14>
18200-6547;16>31>14>
13036-4429;16>31>14>49>
18200-6547;16>31>14>49>
15183-6547;16>31>30>
15183-6547;16>31>30>
13036-4429;16 30>
18200-6547;16 30>
15183-6547;16 31>
15183-6547;16 31>
15183-6547;16 31>
15183-6547;16 31>
18200-6547;16 31>
15183-6547;16 31>31>
15183-6547;16 31>31>
15183-6547;16 31>31>
15183-6547;16 31>31>
15183-6547;16 31>31>30>
15183-6547;16 31>31>30>
15183-6547;49>48>
18200-6547;49>48>
13036-4429;49>49>
13036-4429;49>49>
13036-4429;49>49>31>
13036-4429;49>49>31>
13036-4429;49>31>
13036-4429;49>31>
13036-4429;17 48>
18200-6547;17 48>
13036-4429;17 31>
15183-6547;17 31>
18200-6547;17 31>
18344-4912;17 31>
13036-4429;17 31 48>
18200-6547;17 31 48>
22435-4912;29>14>
22435-4912;29>14>
19173-4429;29>48>
22435-4912;29>48>
22435-4912;29>48>
19173-4429;29>48>29>
22435-4912;29>48>29>
22435-4912;29>48>29>
19173-4429;29>48>29>48>
22435-4912;29>48>29>48>
19173-4429;29>48>29>48>29>
22435-4912;29>48>29>48>29>
15183-6547;29>49>
22435-4912;29>49>
13036-4429;30>14>
15183-6547;30>14>
15183-6547;30>14>
15183-6547;30>14>
18344-4912;30>14>
22435-4912;30>14>
15183-6547;30>14>31>
15183-6547;30>14>31>
15183-6547;30>14>31>
18344-4912;30>14>31>
15183-6547;30>14>31>30>
18344-4912;30>14>31>30>
13036-4429;30>48>
13036-4429;30>48>
13036-4429;30>48>
18344-4912;30>48>
18344-4912;30>48>
19173-4429;30>48>
22435-4912;30>48>
19173-4429;30>48>29>
22435-4912;30>48>29>
13036-4429;30>48>31>
18344-4912;30>48>31>
18344-4912;30>48>31>
18344-4912;30>48>31>30>
18344-4912;30>48>31>30>
13036-4429;30>30>
15183-6547;30>30>
15183-6547;30>30>
18200-6547;30>30>
18200-6547;30>30>
18200-6547;30>30>
18200-6547;30>30>
18200-6547;30>30>
18344-4912;30>30>
18344-4912;30>30>
18344-4912;30>30>
18344-4912;30>30>
19173-4429;30>30>
22435-4912;30>30>
22435-4912;30>30>
13036-4429;30>30>48>
19173-4429;30>30>48>
22435-4912;30>30>48>
19173-4429;30>30>48>29>
22435-4912;30>30>48>29>
13036-4429;30>30>30>
15183-6547;30>30>30>
18200-6547;30>30>30>
18200-6547;30>30>30>
22435-4912;30>30>30>
15183-6547;30>30>30>30>
18200-6547;30>30>30>30>
18200-6547;30>30>30>30>
22435-4912;30>30>30>30>
15183-6547;30>30>30>30>30>
18200-6547;30>30>30>30>30>
18200-6547;30>30>30>30>30>
15183-6547;30>30>30>30>30>30>
18200-6547;30>30>30>30>30>30>
15183-6547;30>30>30>30>30>30>30>
18200-6547;30>30>30>30>30>30>30>
18200-6547;30>30>31>
18200-6547;30>30>31>
18344-4912;30>30>31>
18344-4912;30>30>31>
18344-4912;30>30>31>
18200-6547;30>30>31>30>
18344-4912;30>30>31>30>
18344-4912;30>30>31>30>
18344-4912;30>30>31>30>
18344-4912;30>30>31>30>31>
18344-4912;30>30>31>30>31>
18344-4912;30>30>31>30>31>30>
18344-4912;30>30>31>30>31>30>
13036-4429;30>31>
13036-4429;30>31>
13036-4429;30>31>
15183-6547;30>31>
15183-6547;30>31>
18200-6547;30>31>
18200-6547;30>31>
18200-6547;30>31>
18200-6547;30>31>
18200-6547;30>31>
18344-4912;30>31>
18344-4912;30>31>
18344-4912;30>31>
18344-4912;30>31>
18344-4912;30>31>
18344-4912;30>31>
18344-4912;30>31>
18344-4912;30>31>
18344-4912;30>31>
22435-4912;30>31>
13036-4429;30>31>14>
18200-6547;30>31>14>
18200-6547;30>31>14>
18344-4912;30>31>14>
18344-4912;30>31>14>
18200-6547;30>31>14>41>
18344-4912;30>31>14>41>
15183-6547;30>31>48>
18200-6547;30>31>48>
18344-4912;30>31>48>
13036-4429;30>31>30>
13036-4429;30>31>30>
18200-6547;30>31>30>
18200-6547;30>31>30>
18344-4912;30>31>30>
18344-4912;30>31>30>
18344-4912;30>31>30>
18344-4912;30>31>30>
18344-4912;30>31>30>
18344-4912;30>31>30>
18344-4912;30>31>30>
13036-4429;30>31>30>14>
18344-4912;30>31>30>14>
13036-4429;30>31>30>30>
18200-6547;30>31>30>30>
18344-4912;30>31>30>30>
18200-6547;30>31>30>31>
18344-4912;30>31>30>31>
18344-4912;30>31>30>31>
18344-4912;30>31>30>31>
18344-4912;30>31>30>31>
18344-4912;30>31>30>31>
18200-6547;30>31>30>31>14>
18344-4912;30>31>30>31>14>
18200-6547;30>31>30>31>30>
18344-4912;30>31>30>31>30>
18344-4912;30>31>30>31>30>
18344-4912;30>31>30>31>30>
18344-4912;30>31>30>31>30>
18200-6547;30>31>30>31>30>31>
18344-4912;30>31>30>31>30>31>
18344-4912;30>31>30>31>30>31>
18344-4912;30>31>30>31>30>31>
18200-6547;30>31>30>31>30>31>14>
18344-4912;30>31>30>31>30>31>14>
18200-6547;30>31>30>31>30>31>30>
18344-4912;30>31>30>31>30>31>30>
18200-6547;30>31>30>31>30>31>30>31>
18344-4912;30>31>30>31>30>31>30>31>
18200-6547;30>31>30>31>30>31>30>31>14>
18344-4912;30>31>30>31>30>31>30>31>14>
13036-4429;30 41>
13036-4429;30 41>
15183-6547;30 41>
13036-4429;30 48>
13036-4429;30 48>
18200-6547;30 48>
18344-4912;30 48>
13036-4429;30 31>
15183-6547;30 31>
18200-6547;30 31>
18200-6547;30 31>
18344-4912;30 31>
18344-4912;30 31>
18344-4912;30 31>
18344-4912;30 31>
18344-4912;30 31>30>
18344-4912;30 31>30>
18344-4912;30 31>30>
18344-4912;30 31>30>31>
18344-4912;30 31>30>31>
18344-4912;30 31>30>31>
18344-4912;30 31>30>31>30>
18344-4912;30 31>30>31>30>
18344-4912;30 31>30>31>30>
18344-4912;30 31>30>31>30>31>
18344-4912;30 31>30>31>30>31>
18344-4912;30 31>30>31>30>31>30>
18344-4912;30 31>30>31>30>31>30>
18200-6547;31>38>
18200-6547;31>38>
22435-4912;31>38>
22435-4912;31>38>
18344-4912;31>41>
19173-4429;31>41>
22435-4912;31>41>
13036-4429;31>14>
15183-6547;31>14>
18200-6547;31>14>
18200-6547;31>14>
18200-6547;31>14>
18344-4912;31>14>
18344-4912;31>14>
18344-4912;31>14>
18200-6547;31>14>41>
18344-4912;31>14>41>
13036-4429;31>14>49>
18200-6547;31>14>49>
13036-4429;31>48>
15183-6547;31>48>
15183-6547;31>48>
18200-6547;31>48>
18200-6547;31>48>
18344-4912;31>48>
22435-4912;31>48>
13036-4429;31>48>30>
15183-6547;31>48>30>
18200-6547;31>48>30>
13036-4429;31>30>
13036-4429;31>30>
13036-4429;31>30>
13036-4429;31>30>
13036-4429;31>30>
13036-4429;31>30>
15183-6547;31>30>
15183-6547;31>30>
15183-6547;31>30>
15183-6547;31>30>
18200-6547;31>30>
18200-6547;31>30>
18200-6547;31>30>
18200-6547;31>30>
18200-6547;31>30>
18200-6547;31>30>
18344-4912;31>30>
18344-4912;31>30>
18344-4912;31>30>
18344-4912;31>30>
18344-4912;31>30>
18344-4912;31>30>
18344-4912;31>30>
18344-4912;31>30>
18344-4912;31>30>
18344-4912;31>30>
18344-4912;31>30>
19173-4429;31>30>
22435-4912;31>30>
22435-4912;31>30>
22435-4912;31>30>
13036-4429;31>30>14>
15183-6547;31>30>14>
15183-6547;31>30>14>
18344-4912;31>30>14>
15183-6547;31>30>14>31>
15183-6547;31>30>14>31>
18344-4912;31>30>14>31>
13036-4429;31>30>48>
13036-4429;31>30>48>
18344-4912;31>30>48>
13036-4429;31>30>30>
15183-6547;31>30>30>
18200-6547;31>30>30>
18200-6547;31>30>30>
18200-6547;31>30>30>
18344-4912;31>30>30>
18344-4912;31>30>30>
19173-4429;31>30>30>
22435-4912;31>30>30>
22435-4912;31>30>30>
19173-4429;31>30>30>48>
22435-4912;31>30>30>48>
19173-4429;31>30>30>48>29>
22435-4912;31>30>30>48>29>
13036-4429;31>30>30>30>
18200-6547;31>30>30>30>
22435-4912;31>30>30>30>
18200-6547;31>30>30>30>30>
22435-4912;31>30>30>30>30>
13036-4429;31>30>31>
18200-6547;31>30>31>
18200-6547;31>30>31>
18200-6547;31>30>31>
18344-4912;31>30>31>
18344-4912;31>30>31>
18344-4912;31>30>31>
18344-4912;31>30>31>
18344-4912;31>30>31>
18344-4912;31>30>31>
18344-4912;31>30>31>
18344-4912;31>30>31>
18344-4912;31>30>31>
22435-4912;31>30>31>
18200-6547;31>30>31>14>
18200-6547;31>30>31>14>
18344-4912;31>30>31>14>
18344-4912;31>30>31>14>
18200-6547;31>30>31>14>41>
18344-4912;31>30>31>14>41>
18200-6547;31>30>31>48>
18344-4912;31>30>31>48>
18200-6547;31>30>31>30>
18344-4912;31>30>31>30>
18344-4912;31>30>31>30>
18344-4912;31>30>31>30>
18344-4912;31>30>31>30>
18344-4912;31>30>31>30>
18344-4912;31>30>31>30>
18200-6547;31>30>31>30>31>
18344-4912;31>30>31>30>31>
18344-4912;31>30>31>30>31>
18344-4912;31>30>31>30>31>
18344-4912;31>30>31>30>31>
18200-6547;31>30>31>30>31>14>
18344-4912;31>30>31>30>31>14>
18200-6547;31>30>31>30>31>30>
18344-4912;31>30>31>30>31>30>
18344-4912;31>30>31>30>31>30>
18344-4912;31>30>31>30>31>30>
18344-4912;31>30>31>30>31>30>
18200-6547;31>30>31>30>31>30>31>
18344-4912;31>30>31>30>31>30>31>
18344-4912;31>30>31>30>31>30>31>
18344-4912;31>30>31>30>31>30>31>
18200-6547;31>30>31>30>31>30>31>14>
18344-4912;31>30>31>30>31>30>31>14>
18200-6547;31>30>31>30>31>30>31>30>
18344-4912;31>30>31>30>31>30>31>30>
18200-6547;31>30>31>30>31>30>31>30>31>
18344-4912;31>30>31>30>31>30>31>30>31>
18200-6547;31>30>31>30>31>30>31>30>31>14>
18344-4912;31>30>31>30>31>30>31>30>31>14>
13036-4429;31>31>
15183-6547;31>31>
15183-6547;31>31>
15183-6547;31>31>
15183-6547;31>31>
18200-6547;31>31>
18200-6547;31>31>
18200-6547;31>31>
18344-4912;31>31>
18344-4912;31>31>
18344-4912;31>31>
15183-6547;31>31>48>
18200-6547;31>31>48>
15183-6547;31>31>48>30>
18200-6547;31>31>48>30>
13036-4429;31>31>30>
15183-6547;31>31>30>
15183-6547;31>31>30>
18200-6547;31>31>30>
18344-4912;31>31>30>
18344-4912;31>31>30>
18344-4912;31>31>30>
15183-6547;31>31>30>30>
18200-6547;31>31>30>30>
13036-4429;31>31>30>31>
18344-4912;31>31>30>31>
18344-4912;31>31>30>31>
18344-4912;31>31>30>31>
18344-4912;31>31>30>31>30>
18344-4912;31>31>30>31>30>
15183-6547;31>31>31>
18200-6547;31>31>31>
13036-4429;31 41>
14884-4428;31 41>
14884-4428;31 41>
18200-6547;31 41>
18200-6547;31 41>
18344-4912;31 41>
18344-4912;31 41>
19173-4429;31 41>
22435-4912;31 41>
13036-4429;31 48>
14884-4428;31 48>
18200-6547;31 48>
