535;14 -2
536;14 -1 14 -1 14 -2
537;41 -2
538;41 -1 14 -1 41 -2
539;14 -2
540;41 -1 41 -2
541;41 -2
542;41 -2
543;41 -2
544;14 -2
545;41 -1 41 -2
546;41 -1 41 -1 41 -1 41 -2
547;41 -2
548;14 -2
549;41 -2
550;14 -2
551;14 -1 41 -2
552;41 -1 41 -1 41 -2
553;14 -1 41 -2
554;14 -1 14 -2
555;14 -1 14 -1 41 -1 41 -1 41 -1 41 -1 38 -1 14 -1 3 -1 14 -1 41 -2
556;14 -2
881;14 -1 7 -1 6 -1 14 -1 31 -1 41 -2
882;41 -2
883;14 -1 14 -1 41 -2
884;14 -1 41 -2
885;14 -1 14 -2
886;14 -2
887;14 -2
888;14 -1 41 -2
889;41 -1 31 -1 41 -1 41 -2
890;14 -1 31 -1 2 -1 41 -1 41 -2
891;14 -1 41 -2
892;41 -2
893;14 -1 41 -2
1351;14 -2
1352;2 -1 14 -1 41 -2
1353;14 -2
1354;14 -1 14 -2
1355;14 -1 2 -1 1 -1 46 -1 2 -1 14 -2
1756;14 -1 3 -1 2 -1 2 -1 14 -1 41 -2
1757;2 -1 41 -1 41 -2
1806;14 -1 14 -2
1807;14 -1 41 -1 41 -1 41 -1 41 -1 41 -1 41 -1 41 -2
1808;14 -1 41 -1 41 -1 41 -2
1809;41 -2
1810;41 -2
1811;41 -1 31 -1 14 -1 41 -1 31 -2
1812;16 -1 31 -2
1813;14 -2
1814;31 -2
1815;14 -1 31 -1 30 -2
1816;14 -1 14 -1 31 -1 48 -1 30 -1 17 -1 30 -1 30 -2
1946;14 -1 7 -1 5 -2
1947;31 -1 30 -1 30 -2
1948;30 -2
1949;30 -2
1950;30 -1 31 -1 14 -1 31 -1 30 -1 30 -2
1951;14 -1 43 -1 44 -1 44 -1 44 -1 44 -1 41 -2
1952;31 -2
1953;30 -1 30 -2
1954;30 -1 31 -1 30 -2
1955;14 -2
1956;41 -1 41 -2
1957;7 -1 5 -1 31 -2
1958;14 -2
1959;31 -2
1960;31 -2
1961;30 -2
1962;30 -2
1963;30 -2
1964;30 -1 30 -2
1965;30 -1 30 -1 30 -2
1966;30 -1 30 -2
1967;32 -1 31 -1 31 -1 14 -1 14 -2
1968;14 -1 41 -1 41 -1 41 -1 41 -2
1969;41 -1 41 -1 2 -2
1970;41 -2
2065;14 -2
2066;41 -1 41 -2
2067;41 -1 41 -1 31 -1 14 -1 14 -1 14 -2
2068;31 -1 41 -1 41 -2
2069;14 -1 41 -2
2070;31 -1 14 -1 41 -2
2071;2 -2
2072;41 -1 41 -1 41 -2
2073;2 -2
2500;14 -1 14 -2
2501;14 -2
2502;14 -1 41 -2
2503;41 -2
2504;41 -2
2505;14 -1 41 -2
2506;14 -2
2507;41 -2
2508;43 -1 44 -2
2509;44 -2
2510;44 -2
2511;44 -2
2512;44 -2
2513;14 -2
2514;14 -1 41 -1 41 -1 2 -2
2515;14 -2
2516;14 -1 2 -2
2517;14 -2
2518;41 -2
2519;41 -2
2520;43 -1 44 -1 44 -1 44 -2
2521;44 -1 44 -1 44 -1 14 -1 41 -2
2522;43 -1 44 -1 44 -2
2523;44 -2
2524;14 -1 41 -1 41 -2
2525;41 -1 41 -2
2526;14 -2
2527;41 -2
2528;14 -2
2529;14 -2
2530;14 -2
2531;41 -2
2532;41 -2
2533;41 -1 41 -1 41 -1 41 -1 41 -2
2534;41 -1 41 -1 41 -2
2535;14 -2
2536;41 -2
2537;43 -1 44 -2
2538;44 -2
2539;44 -2
2540;44 -1 44 -1 44 -2
2541;44 -1 44 -2
2542;44 -2
2543;44 -1 44 -1 44 -2
2544;44 -2
2545;14 -1 41 -2
2546;14 -1 41 -2
2547;31 -1 30 -1 41 -2
2548;41 -2
2549;41 -1 41 -1 41 -1 41 -2
2550;41 -2
2551;14 -2
2754;14 -1 31 -1 16 -1 31 -1 14 -1 41 -2
2755;14 -1 7 -1 5 -1 5 -2
2756;31 -1 16 -1 31 -2
2757;14 -1 2 -1 14 -1 31 -1 31 -1 31 -1 30 -2
3377;14 -1 49 -1 49 -2
3378;14 -2
3379;14 -1 41 -2
3380;41 -1 49 -1 48 -2
3381;14 -2
3382;14 -2
3383;2 -2
3384;2 -2
3385;2 -1 14 -1 31 -1 30 -2
3386;30 -2
3387;16 -1 31 -1 31 -1 14 -2
3388;41 -2
3389;14 -2
3521;14 -2
3522;41 -2
3523;14 -1 41 -2
3524;31 -1 30 -1 30 -1 30 -1 31 -1 41 -1 41 -2
3525;41 -2
3526;43 -1 44 -2
3527;44 -2
3528;44 -2
3529;44 -2
3530;44 -2
3531;45 -1 43 -1 45 -1 43 -1 45 -1 43 -1 44 -2
3532;14 -1 43 -1 44 -1 44 -1 44 -1 44 -1 45 -1 43 -1 14 -1 43 -1 44 -1 14 -2
3533;41 -1 41 -2
3534;41 -2
3535;41 -2
3536;43 -1 44 -2
3537;44 -2
3538;44 -2
3539;44 -2
3540;44 -1 44 -2
3541;44 -2
3542;14 -1 43 -1 43 -1 44 -2
3543;44 -2
3544;44 -2
3545;44 -2
3546;44 -2
3547;14 -2
3548;14 -2
3549;14 -2
3550;14 -2
3551;41 -1 31 -1 31 -1 41 -1 41 -2
3552;41 -1 31 -1 31 -2
3553;41 -2
3554;2 -1 14 -2
3555;2 -2
3556;2 -2
3557;43 -1 41 -2
3558;41 -2
3559;41 -2
3560;41 -2
3729;14 -2
4098;14 -2
4099;41 -1 41 -1 41 -1 41 -2
4100;41 -1 41 -1 41 -2
4101;41 -2
4102;41 -2
4103;14 -2
4104;43 -1 31 -1 30 -2
4105;31 -1 48 -1 30 -1 31 -1 30 -1 31 -1 30 -1 30 -2
4106;17 -1 30 -1 30 -1 30 -1 30 -2
4107;17 -1 30 -2
4108;41 -1 41 -1 31 -1 14 -1 3 -1 14 -1 14 -1 2 -1 2 -2
4109;14 -2
4110;41 -2
4111;41 -2
4112;41 -2
4113;31 -1 14 -1 31 -1 31 -1 30 -2
4114;14 -2
4115;14 -2
4116;31 -1 30 -1 31 -1 14 -1 31 -1 31 -2
4117;30 -1 30 -2
4118;30 -2
4119;41 -1 41 -1 41 -2
4120;41 -2
4121;41 -1 41 -1 41 -2
4122;41 -1 41 -1 41 -2
4123;41 -1 41 -1 41 -1 41 -2
4124;41 -1 2 -2
4504;14 -1 41 -1 41 -2
4505;41 -1 41 -1 41 -1 41 -1 2 -1 41 -1 41 -2
4506;14 -2
4507;14 -1 41 -1 2 -2
4508;14 -1 41 -2
4509;31 -1 48 -1 30 -2
4510;14 -1 2 -2
4511;14 -1 31 -1 30 -2
4512;41 -2
4513;14 -1 2 -2
4722;14 -1 41 -2
4723;14 -2
4724;14 -2
4776;14 -2
4777;14 -1 41 -2
4778;41 -2
4779;41 -1 41 -2
4780;41 -2
4781;41 -2
4782;41 -2
4783;14 -1 31 -1 30 -1 48 -1 41 -1 41 -2
4784;41 -2
4785;14 -2
5885;14 -2
5886;41 -2
5887;41 -1 7 -1 5 -1 48 -2
5888;14 -2
5889;14 -2
5890;14 -1 14 -1 31 -1 14 -2
5891;14 -1 2 -2
5892;14 -2
5893;14 -1 14 -1 49 -2
5894;14 -2
5895;14 -1 31 -1 31 -1 41 -2
5896;41 -2
6016;14 -2
6017;14 -2
6018;14 -1 41 -1 41 -1 41 -2
6019;41 -2
6020;41 -1 41 -1 41 -1 41 -1 41 -1 41 -1 41 -1 41 -1 43 -1 41 -1 41 -1 41 -1 41 -2
6021;14 -1 2 -1 14 -1 41 -2
6022;41 -1 41 -1 41 -1 41 -1 41 -1 41 -2
6023;41 -2
6024;14 -1 2 -2
6025;14 -1 41 -1 14 -1 14 -1 31 -1 30 -2
6026;17 -1 30 -1 14 -1 49 -1 49 -1 14 -1 3 -1 14 -1 14 -1 2 -1 49 -1 48 -2
6168;14 -2
6169;14 -2
6170;14 -2
6171;14 -2
6172;14 -2
6173;14 -2
6174;14 -2
6175;14 -2
6176;31 -1 48 -2
6177;14 -2
6178;41 -1 31 -1 30 -1 14 -1 30 -2
6179;31 -1 31 -1 30 -1 41 -2
6180;14 -2
6181;14 -1 41 -2
6182;41 -1 41 -1 41 -2
6183;41 -1 41 -1 41 -1 41 -1 41 -1 41 -1 2 -2
6184;14 -2
6185;38 -1 14 -1 7 -1 5 -1 5 -1 5 -1 5 -1 5 -1 5 -1 5 -1 5 -1 8 -1 7 -1 14 -1 41 -1 41 -1 41 -1 31 -1 41 -2
6186;41 -1 41 -1 41 -2
6187;14 -1 41 -2
6188;41 -2
6189;14 -2
6190;31 -1 41 -1 41 -1 41 -1 14 -1 41 -2
7293;14 -2
7294;2 -2
7295;14 -1 41 -2
7296;41 -2
7297;14 -1 2 -2
7298;43 -1 44 -1 14 -1 41 -2
7299;41 -1 41 -2
7300;43 -1 44 -1 44 -1 14 -1 41 -2
7301;14 -1 41 -1 41 -2
7302;41 -2
7303;41 -1 41 -1 41 -1 41 -1 41 -2
7304;41 -1 41 -1 41 -1 41 -1 41 -2
7305;41 -1 41 -1 41 -1 41 -1 41 -1 41 -1 41 -1 41 -2
7306;41 -1 41 -1 41 -1 41 -1 41 -1 41 -2
7307;41 -2
7308;41 -1 41 -2
7309;41 -1 41 -1 41 -1 41 -1 41 -2
7310;14 -1 41 -2
7311;2 -2
7312;14 -1 41 -1 41 -1 41 -2
7313;41 -1 41 -1 41 -1 41 -1 41 -2
7314;41 -2
7315;41 -1 41 -1 43 -1 44 -1 14 -2
7316;41 -2
7317;41 -2
7318;14 -1 2 -2
7319;41 -2
7320;41 -1 41 -1 41 -2
7321;41 -1 41 -1 41 -1 41 -2
7322;41 -2
7323;41 -2
7324;41 -2
7325;41 -2
7326;41 -2
7327;31 -1 30 -2
7328;30 -1 30 -1 30 -2
7440;14 -2
7441;14 -1 31 -1 14 -2
7442;14 -2
7443;14 -1 41 -1 41 -2
7616;14 -1 41 -2
7617;41 -2
7618;41 -2
7619;41 -2
7620;41 -2
7621;41 -2
7622;14 -2
7623;14 -1 2 -2
7624;14 -2
7625;14 -1 2 -2
7626;1 -1 46 -1 2 -2
7627;14 -2
7628;14 -1 2 -2
7629;46 -1 1 -1 2 -2
7769;14 -1 41 -2
7770;31 -1 30 -1 30 -1 30 -1 30 -2
7771;17 -1 30 -1 31 -1 30 -1 30 -1 41 -2
7772;14 -2
7773;14 -1 42 -2
7774;30 -2
7775;14 -1 41 -1 41 -1 41 -2
7776;14 -2
7777;14 -1 2 -2
7778;41 -2
7779;14 -2
7780;43 -1 44 -1 14 -1 41 -2
7781;43 -1 44 -1 14 -1 41 -1 41 -1 43 -1 44 -1 44 -1 44 -1 14 -1 41 -2
7782;41 -2
7783;41 -1 41 -2
7784;41 -2
7785;41 -1 41 -1 43 -1 44 -1 41 -1 41 -1 41 -1 41 -1 41 -1 41 -1 41 -1 41 -1 41 -1 41 -1 41 -1 41 -2
7786;41 -2
7787;41 -2
7788;41 -2
7789;41 -2
7790;41 -2
7791;48 -1 29 -1 48 -1 14 -2
7792;14 -2
7793;14 -2
7794;14 -2
7795;14 -1 41 -2
7796;14 -2
7797;2 -2
7798;14 -1 2 -2
7799;14 -1 3 -1 2 -2
7800;14 -2
7801;14 -1 3 -1 2 -2
7802;14 -1 14 -1 3 -1 2 -1 3 -1 2 -1 14 -2
7803;14 -1 32 -1 31 -2
7804;16 -1 31 -2
7805;14 -1 2 -2
8200;14 -2
8201;14 -1 41 -1 43 -2
8202;2 -1 41 -1 41 -2
8203;14 -1 31 -1 31 -1 30 -2
8204;14 -1 2 -1 14 -1 43 -1 44 -2
8205;44 -1 44 -2
8206;44 -2
8207;44 -2
8208;44 -1 44 -2
8209;44 -1 14 -1 31 -1 30 -1 41 -1 41 -2
8210;41 -2
8211;41 -1 41 -2
8212;41 -2
8213;41 -1 41 -1 41 -1 41 -2
8214;41 -2
8215;31 -2
8216;16 -1 31 -2
8217;14 -2
8218;14 -1 31 -1 30 -2
8219;41 -2
8220;41 -2
8221;14 -1 31 -2
8222;14 -2
8223;14 -1 31 -1 30 -2
8224;14 -1 31 -1 30 -1 30 -1 31 -1 30 -2
8225;30 -1 2 -2
8226;14 -1 41 -1 41 -2
8227;41 -1 41 -2
8228;41 -1 41 -1 41 -2
8229;31 -1 30 -2
8230;17 -1 30 -1 14 -2
8231;14 -1 41 -1 41 -1 41 -1 41 -1 41 -1 41 -2
8232;31 -1 30 -2
8233;17 -1 30 -1 14 -1 2 -2
8234;14 -1 14 -1 31 -2
8235;14 -1 31 -1 30 -2
8236;14 -1 31 -1 2 -2
8237;14 -1 31 -1 30 -2
8238;17 -1 30 -1 14 -1 2 -1 2 -1 2 -1 2 -1 14 -2
8239;14 -1 2 -2
8435;14 -1 41 -2
8436;41 -1 41 -2
8437;43 -1 44 -2
8438;44 -2
8439;44 -2
8440;14 -2
8441;2 -1 2 -1 2 -1 41 -1 43 -1 44 -2
8442;44 -1 44 -2
8443;44 -2
8444;44 -1 44 -2
8445;44 -2
8446;44 -2
8447;44 -2
8448;44 -1 44 -2
8449;44 -2
8450;44 -1 14 -1 2 -1 43 -1 41 -2
8451;41 -2
8452;43 -1 44 -2
8453;14 -1 41 -1 41 -1 2 -2
8454;14 -1 41 -1 41 -1 41 -1 41 -1 41 -1 41 -1 41 -1 41 -1 41 -1 41 -1 41 -1 41 -1 41 -1 41 -1 41 -2
8455;14 -2
8456;41 -1 41 -1 41 -2
8457;41 -2
8458;41 -2
8459;41 -2
8969;14 -2
8970;2 -2
8971;41 -1 7 -2
8972;41 -2
8973;7 -2
8974;30 -1 14 -2
8975;14 -1 41 -1 41 -1 41 -1 41 -1 41 -1 41 -1 41 -1 41 -1 41 -2
8976;14 -2
8977;43 -1 44 -2
8978;44 -1 44 -2
8979;44 -2
8980;14 -2
8981;14 -2
8982;43 -2
8983;44 -2
8984;44 -2
8985;44 -2
8986;14 -1 41 -1 41 -2
8987;41 -1 41 -1 41 -1 41 -2
8988;41 -2
8989;14 -2
8990;41 -2
8991;14 -1 31 -2
8992;41 -2
8993;31 -1 30 -1 31 -2
8994;16 -1 31 -2
8995;14 -2
8996;14 -1 31 -1 31 -1 30 -2
8997;14 -1 31 -1 31 -2
8998;14 -2
8999;31 -1 30 -2
9000;14 -1 31 -1 30 -2
9001;14 -1 41 -1 41 -1 41 -1 41 -1 41 -2
9002;31 -1 30 -1 31 -1 14 -1 41 -1 41 -1 41 -2
9003;41 -2
9482;14 -1 14 -2
9483;14 -1 2 -2
9484;14 -1 2 -2
9485;14 -2
9486;2 -1 1 -1 46 -1 2 -1 3 -2
9487;2 -2
9488;14 -1 2 -2
9687;14 -1 30 -1 41 -2
9688;31 -1 30 -2
9689;30 -1 43 -1 44 -1 44 -1 44 -1 44 -1 14 -1 41 -2
9690;2 -2
9691;44 -1 44 -1 44 -1 44 -1 41 -1 41 -2
9692;14 -2
9693;14 -2
9694;2 -1 7 -1 5 -1 5 -2
9695;2 -1 41 -2
9696;41 -2
9697;43 -1 44 -2
9698;44 -1 44 -2
9699;44 -2
9700;44 -1 44 -1 14 -1 41 -1 41 -1 41 -2
9701;41 -1 41 -2
9702;41 -1 31 -1 30 -1 30 -1 2 -1 7 -1 5 -1 5 -2
9703;31 -1 2 -2
9704;31 -1 30 -1 30 -1 7 -1 5 -1 5 -2
9705;31 -1 30 -1 30 -1 30 -2
9706;14 -1 41 -2
9707;2 -1 14 -2
9708;41 -2
9709;41 -1 41 -2
9710;41 -2
9711;41 -1 41 -1 41 -2
9712;30 -2
9713;43 -1 44 -1 44 -1 14 -1 31 -1 30 -2
9714;14 -1 14 -1 31 -1 30 -2
9715;30 -1 30 -1 30 -1 2 -1 31 -1 30 -2
9716;31 -1 30 -2
9717;41 -1 31 -1 30 -1 30 -2
9718;41 -2
9719;41 -2
9720;14 -1 31 -2
9721;14 -1 2 -2
9722;16 -1 14 -2
9723;7 -1 5 -1 5 -2
9724;14 -1 41 -1 7 -1 5 -1 5 -1 5 -1 5 -2
9725;41 -2
9726;31 -1 30 -1 30 -1 41 -1 41 -1 41 -1 41 -2
9866;14 -2
10042;14 -2
10043;14 -2
10044;14 -2
10045;14 -2
10046;14 -2
10047;14 -2
10048;14 -2
10049;14 -1 14 -2
10050;14 -2
10051;14 -2
10817;14 -1 31 -1 30 -1 2 -1 31 -1 16 -1 31 -1 14 -2
10818;30 -1 14 -2
10819;48 -1 14 -1 31 -1 30 -2
10820;14 -1 14 -1 2 -1 2 -1 2 -1 14 -2
10821;14 -1 49 -1 49 -1 48 -2
10822;14 -1 2 -1 2 -1 3 -1 14 -1 31 -1 48 -2
10823;14 -2
10824;31 -1 30 -1 14 -1 31 -1 30 -2
11255;14 -1 41 -2
11256;14 -1 41 -1 41 -1 41 -1 41 -1 41 -1 41 -1 41 -1 48 -1 13 -2
11257;41 -2
11258;14 -1 41 -2
11259;41 -2
11260;41 -1 31 -2
11261;14 -1 41 -1 41 -2
11262;41 -1 41 -1 41 -2
11263;41 -2
11378;14 -1 2 -2
11379;14 -2
11380;2 -2
11381;14 -2
11382;41 -2
11383;2 -1 2 -1 2 -2
11496;14 -1 41 -1 41 -2
11497;14 -1 43 -1 44 -1 44 -1 44 -2
11498;14 -1 43 -1 44 -2
11499;44 -2
11500;44 -2
11501;44 -1 44 -2
11502;44 -2
11503;44 -2
11504;44 -1 14 -1 41 -2
11505;43 -1 44 -1 44 -2
11506;14 -1 41 -2
11507;41 -1 41 -2
11508;41 -1 41 -1 41 -2
11509;41 -2
11510;43 -1 44 -1 44 -1 44 -2
11511;44 -2
11512;14 -1 41 -2
11513;43 -1 44 -1 44 -2
11514;14 -1 41 -1 41 -2
11515;43 -1 44 -2
11516;14 -2
11517;14 -1 41 -2
11518;43 -1 44 -1 44 -1 44 -1 44 -1 44 -1 14 -1 31 -1 31 -1 30 -2
11519;14 -1 41 -2
11520;31 -1 30 -1 14 -2
11521;14 -1 41 -2
11522;41 -1 41 -2
11523;41 -2
11524;41 -1 41 -1 41 -2
11525;41 -2
11526;41 -1 41 -1 31 -1 30 -1 30 -1 30 -1 49 -1 49 -1 49 -1 48 -1 14 -2
11527;2 -2
11528;31 -1 45 -1 43 -1 3 -1 41 -1 41 -1 41 -1 41 -2
11529;14 -1 41 -2
11530;41 -1 41 -1 41 -1 41 -2
11531;43 -1 44 -1 44 -1 14 -1 14 -1 14 -1 41 -1 41 -1 41 -2
11532;41 -2
11533;41 -2
11534;31 -1 43 -2
11535;41 -1 14 -1 41 -2
11536;41 -1 41 -2
11537;41 -2
11538;41 -1 41 -1 43 -1 41 -1 41 -1 41 -1 41 -1 43 -1 44 -1 41 -1 41 -1 41 -2
11539;41 -1 41 -2
11540;41 -1 41 -2
11541;41 -2
11542;41 -2
11543;31 -1 16 -1 31 -1 30 -1 14 -1 41 -1 2 -1 31 -1 30 -2
11544;48 -1 48 -1 47 -1 47 -1 48 -1 48 -1 14 -1 49 -1 48 -1 48 -1 47 -1 48 -1 14 -2
11545;2 -1 1 -1 46 -1 2 -1 3 -1 14 -1 41 -2
11546;31 -1 31 -1 30 -1 14 -2
11547;14 -1 41 -1 2 -1 31 -1 31 -1 30 -1 30 -1 41 -1 41 -1 41 -1 31 -1 30 -1 14 -2
11548;31 -1 30 -2
11549;14 -1 3 -1 14 -2
11771;14 -1 3 -1 14 -1 14 -1 2 -2
11772;14 -2
11773;14 -2
11774;41 -2
11775;41 -2
11776;41 -2
11777;41 -2
11778;41 -2
11779;41 -1 2 -2
11780;14 -2
11781;41 -2
11782;41 -1 41 -2
11783;41 -2
11784;41 -2
11785;41 -2
11786;14 -1 14 -2
11787;31 -1 31 -2
11788;31 -2
11789;14 -2
11790;14 -1 31 -1 30 -1 31 -1 30 -1 31 -1 14 -1 14 -1 14 -1 41 -2
11791;41 -2
11792;41 -2
11793;41 -2
11794;41 -1 41 -1 41 -1 41 -2
12286;14 -1 7 -1 31 -1 30 -2
12287;14 -2
12288;7 -2
12289;6 -2
12290;14 -2
12291;14 -1 31 -1 14 -1 2 -1 14 -2
12292;14 -1 14 -2
12293;41 -2
12294;38 -1 33 -2
12295;14 -2
12296;31 -1 48 -1 30 -2
12297;30 -1 30 -2
12298;30 -1 30 -2
12299;17 -1 30 -1 28 -1 30 -2
12300;14 -1 2 -1 14 -1 31 -1 30 -2
12301;14 -1 2 -2
12302;14 -1 32 -1 31 -1 16 -1 31 -1 30 -2
12303;30 -1 14 -2
12375;14 -1 41 -2
12376;14 -2
12377;14 -1 41 -2
12378;43 -1 44 -2
12379;44 -2
12380;44 -1 44 -2
12381;44 -2
12382;44 -2
12383;44 -2
12384;44 -1 44 -1 44 -1 44 -1 44 -1 14 -1 41 -1 41 -2
12385;41 -2
12386;41 -2
12387;41 -2
12388;41 -1 41 -1 41 -1 41 -1 41 -2
12389;41 -1 41 -1 41 -1 41 -1 41 -2
12390;14 -1 41 -1 41 -2
12391;41 -2
12392;41 -2
12393;41 -2
12394;41 -2
12395;41 -1 41 -2
12396;41 -2
12397;41 -2
12398;2 -2
12399;41 -2
12400;14 -1 41 -2
12401;41 -2
12402;41 -2
12403;14 -1 2 -2
12404;46 -1 1 -2
12405;2 -2
12406;46 -1 1 -2
12407;2 -2
12408;1 -1 46 -1 2 -2
12797;14 -1 8 -1 7 -1 6 -1 6 -1 6 -1 6 -1 6 -1 6 -1 14 -1 6 -1 3 -1 2 -1 6 -1 6 -1 6 -1 14 -1 6 -1 6 -2
12798;43 -1 41 -1 6 -1 6 -2
12799;6 -1 6 -2
12800;6 -1 41 -1 6 -2
12801;6 -2
12802;14 -1 14 -1 2 -1 14 -1 41 -1 41 -2
12803;14 -2
12804;3 -1 2 -2
12805;14 -1 41 -2
12806;41 -1 43 -1 44 -2
12807;44 -1 44 -2
12808;14 -1 41 -1 41 -2
12809;41 -2
12810;41 -2
12811;31 -1 30 -1 32 -1 31 -1 31 -1 30 -1 14 -1 3 -1 2 -1 14 -2
12812;31 -2
12813;14 -1 49 -2
12814;14 -1 41 -2
12815;41 -1 41 -2
12816;14 -1 41 -2
12817;41 -1 41 -1 41 -1 41 -2
12818;14 -1 2 -2
13294;14 -2
13295;14 -1 14 -1 41 -2
13296;14 -1 41 -1 43 -1 41 -1 41 -2
13297;43 -1 41 -1 41 -2
13298;41 -1 41 -1 41 -1 41 -1 41 -2
13299;41 -1 41 -2
13300;41 -2
13301;41 -2
13302;41 -1 41 -1 41 -1 41 -1 41 -1 41 -1 41 -1 41 -1 41 -2
13303;14 -2
13304;14 -1 41 -2
13305;14 -1 14 -1 2 -2
13306;14 -1 14 -1 41 -1 2 -2
13307;14 -1 14 -1 41 -2
13308;41 -2
13309;41 -1 38 -2
13310;14 -1 14 -1 2 -2
13311;2 -2
13312;2 -2
13313;1 -1 46 -2
13451;14 -1 41 -2
13452;41 -1 41 -1 43 -1 44 -1 44 -1 14 -2
13453;41 -2
13454;43 -1 44 -2
13455;14 -1 41 -2
13456;41 -2
13457;31 -2
13458;41 -2
13459;7 -2
13460;6 -1 6 -1 6 -1 14 -1 41 -2
13461;6 -1 6 -1 6 -1 6 -2
13462;6 -1 6 -1 6 -1 6 -2
13463;6 -2
13464;6 -2
13465;6 -2
13466;6 -1 41 -2
13467;6 -2
13468;41 -2
13469;41 -2
13470;2 -2
13471;14 -1 41 -1 41 -2
13472;41 -1 41 -1 41 -2
13473;41 -2
13474;41 -2
13475;41 -1 41 -1 41 -2
13817;14 -1 2 -1 14 -1 2 -1 2 -1 3 -1 14 -1 41 -1 41 -1 41 -1 41 -2
13818;14 -2
13819;14 -2
13820;14 -1 31 -1 30 -1 14 -1 2 -2
13821;14 -1 2 -2
13822;2 -1 2 -1 41 -1 41 -2
13823;41 -2
13824;14 -1 43 -1 44 -2
13825;41 -2
13826;41 -2
13827;41 -2
13828;41 -2
14362;14 -1 31 -1 30 -2
14363;31 -1 30 -2
14364;31 -1 14 -1 30 -1 30 -1 30 -1 41 -1 41 -1 41 -1 41 -1 41 -1 41 -2
14365;7 -1 5 -1 5 -2
14366;14 -1 31 -1 30 -1 30 -2
14367;14 -1 31 -1 30 -2
14368;14 -1 31 -1 30 -1 30 -1 30 -1 30 -1 30 -2
14369;30 -1 30 -1 14 -2
14370;14 -1 30 -1 41 -1 7 -1 31 -1 31 -1 30 -1 30 -1 30 -1 30 -1 30 -1 30 -1 30 -1 30 -1 30 -1 30 -1 30 -1 30 -1 30 -1 41 -1 41 -2
14371;31 -1 30 -1 31 -1 30 -1 30 -1 30 -1 30 -2
14372;30 -1 30 -2
14373;14 -1 7 -1 31 -2
14938;14 -2
14939;14 -1 2 -2
14940;14 -1 2 -1 31 -1 30 -2
14941;14 -1 31 -1 30 -2
14942;30 -1 2 -1 14 -2
14943;14 -2
14944;41 -1 2 -2
14945;14 -1 41 -2
14946;41 -1 41 -2
14947;41 -2
14948;2 -2
14949;31 -2
15097;14 -2
15098;14 -2
15316;14 -1 14 -2
15317;14 -1 49 -1 49 -1 49 -1 14 -1 41 -1 41 -2
15318;43 -1 44 -2
15319;44 -1 44 -2
15320;44 -2
15321;44 -2
15322;44 -2
15323;44 -1 14 -1 41 -1 41 -1 41 -2
15324;41 -1 41 -2
15325;41 -2
15326;41 -2
15327;41 -2
15328;14 -1 14 -1 14 -2
15329;14 -1 14 -1 41 -1 41 -2
15330;41 -1 41 -1 41 -1 2 -1 14 -1 41 -1 41 -1 41 -1 41 -1 41 -1 41 -2
15331;14 -1 2 -1 14 -1 41 -1 41 -1 41 -1 41 -1 41 -1 41 -2
15332;14 -1 7 -1 5 -1 5 -2
15333;14 -2
15334;14 -1 14 -2
15335;14 -2
15336;31 -2
15337;41 -2
15338;14 -1 14 -2
15339;14 -1 14 -2
15340;41 -2
15341;41 -2
15342;41 -2
15343;41 -2
15344;41 -2
15345;41 -2
15346;41 -2
15347;41 -1 7 -1 5 -1 5 -1 14 -2
15348;2 -1 14 -1 41 -2
15349;14 -1 14 -2
15350;14 -2
15351;14 -1 49 -1 49 -1 3 -2
15352;14 -1 31 -1 48 -1 30 -2
15353;41 -1 41 -2
15354;41 -2
15355;41 -2
15356;14 -1 14 -1 14 -2
15357;14 -1 14 -1 31 -1 30 -1 31 -1 14 -1 31 -2
15358;14 -1 14 -2
15359;14 -1 14 -1 14 -2
15360;14 -1 14 -1 14 -2
15361;14 -2
15362;14 -1 49 -1 3 -1 31 -1 31 -1 31 -1 30 -1 32 -1 31 -1 30 -1 31 -1 31 -1 30 -1 31 -1 31 -1 31 -1 30 -1 30 -1 30 -1 30 -1 31 -2
15363;41 -1 41 -2
15364;14 -1 14 -2
15365;14 -2
15366;14 -1 14 -1 41 -1 41 -1 41 -1 41 -2
15367;41 -2
15368;41 -2
15369;41 -2
15370;41 -2
15371;41 -2
15372;14 -2
15373;14 -2
15374;14 -2
15375;14 -1 14 -2
15376;14 -1 14 -2
15377;14 -2
15378;14 -1 14 -1 32 -1 31 -1 31 -1 30 -1 31 -1 31 -1 30 -1 31 -1 31 -1 30 -1 31 -1 30 -1 31 -2
15379;14 -1 2 -2
15380;14 -1 49 -1 49 -1 14 -1 3 -1 14 -1 32 -1 31 -2
15381;41 -1 41 -2
15382;41 -2
15383;41 -2
15384;41 -2
15385;14 -1 41 -2
15386;41 -2
15691;14 -2
15692;14 -1 31 -1 31 -1 30 -1 17 -1 30 -1 14 -2
15693;14 -2
15694;14 -1 31 -1 30 -1 30 -2
15695;14 -2
15696;14 -2
15697;31 -1 30 -2
15698;41 -2
15699;41 -1 41 -2
15700;41 -1 43 -1 44 -2
15701;41 -2
15702;41 -2
15703;31 -1 30 -2
15704;41 -2
15705;31 -1 30 -1 17 -1 30 -1 32 -1 14 -2
15706;41 -1 41 -2
15707;14 -1 7 -1 31 -1 31 -1 30 -1 30 -2
15708;14 -2
15709;14 -1 2 -1 14 -1 14 -1 14 -1 31 -1 30 -1 17 -1 30 -1 30 -1 30 -1 31 -1 30 -1 30 -2
15710;32 -1 14 -1 41 -2
15711;31 -1 30 -2
15712;41 -2
15713;41 -2
15714;41 -1 41 -1 41 -2
15715;41 -1 41 -1 31 -1 30 -1 41 -2
15716;41 -1 41 -1 41 -2
15717;41 -1 41 -1 41 -1 41 -2
15718;31 -1 31 -2
15719;16 -1 31 -1 30 -1 14 -2
15720;31 -1 30 -1 30 -2
15721;14 -1 41 -1 41 -2
15722;31 -1 41 -2
15723;41 -2
15724;14 -1 31 -1 30 -2
15725;14 -1 31 -1 30 -2
15726;14 -1 31 -1 30 -1 17 -1 30 -1 14 -1 31 -2
15727;16 -1 31 -1 14 -1 31 -2
15728;41 -2
15729;41 -2
15730;31 -1 31 -1 14 -1 41 -2
15731;31 -1 30 -2
15732;14 -1 41 -2
15733;41 -1 41 -2
15734;41 -2
15735;31 -1 30 -2
15736;30 -2
15955;14 -1 2 -2
15956;14 -2
15957;2 -1 14 -2
16475;14 -1 7 -1 7 -2
16476;41 -2
16477;14 -1 41 -2
16761;14 -2
16762;14 -1 2 -2
16763;14 -1 41 -2
16764;41 -2
16765;41 -1 31 -1 41 -1 41 -1 41 -2
16766;14 -1 41 -1 43 -1 44 -2
16767;44 -1 44 -1 14 -1 41 -2
16768;14 -1 41 -2
16769;41 -2
16770;2 -2
16771;14 -2
16772;14 -2
16773;14 -1 41 -1 41 -1 41 -1 2 -1 31 -1 31 -1 41 -1 31 -1 31 -1 31 -1 30 -1 30 -1 2 -1 2 -2
16774;14 -1 14 -1 49 -1 48 -2
16775;14 -1 2 -2
16776;14 -1 14 -1 41 -1 31 -1 30 -1 30 -1 30 -1 31 -1 30 -2
16777;41 -1 41 -2
16778;41 -1 41 -1 41 -1 41 -1 41 -1 41 -1 41 -1 41 -1 43 -1 44 -1 14 -2
16779;14 -1 31 -2
16780;14 -2
16781;14 -1 2 -1 2 -2
16782;41 -2
16783;14 -2
16784;14 -2
16785;14 -2
16786;14 -2
16787;14 -1 41 -1 41 -1 41 -1 2 -2
16788;14 -1 2 -2
16789;14 -1 43 -1 41 -1 41 -1 41 -1 41 -1 41 -1 41 -2
16790;31 -1 30 -1 30 -1 30 -1 30 -2
16791;2 -1 2 -2
16792;14 -1 41 -1 41 -1 41 -1 43 -1 44 -1 43 -1 41 -1 41 -1 41 -1 41 -1 41 -1 41 -1 41 -1 41 -1 31 -2
16793;14 -1 41 -2
16998;14 -1 41 -1 41 -2
16999;41 -1 41 -1 41 -2
17000;14 -1 43 -1 44 -1 44 -1 14 -1 41 -1 41 -1 41 -2
17001;14 -1 41 -2
17002;14 -1 41 -2
17003;14 -2
17004;41 -1 41 -2
17005;41 -1 41 -1 31 -1 7 -1 5 -1 5 -2
17006;14 -1 14 -1 2 -2
17007;41 -2
17180;14 -2
17181;14 -2
17182;41 -2
17183;2 -2
17184;14 -2
17185;14 -1 14 -2
17186;2 -1 14 -1 41 -2
17187;41 -2
17188;14 -2
17189;14 -1 14 -1 41 -2
17190;43 -1 44 -1 44 -2
17191;44 -2
17192;44 -2
17193;44 -2
17194;44 -2
17195;44 -2
17196;14 -1 41 -2
17197;41 -2
17198;14 -2
17199;41 -1 41 -1 41 -1 41 -1 41 -1 41 -1 2 -2
17200;14 -1 41 -2
17201;41 -2
17202;41 -1 2 -1 14 -1 41 -2
17203;41 -2
17204;14 -1 41 -2
17205;41 -2
17206;14 -1 14 -1 2 -1 41 -1 41 -1 41 -1 41 -2
17207;41 -2
17208;41 -1 41 -2
17209;41 -2
17210;41 -2
17353;14 -1 2 -1 41 -2
17354;14 -1 41 -2
17355;41 -2
17981;14 -1 14 -2
17982;14 -1 14 -2
17983;14 -1 41 -1 41 -1 14 -1 41 -1 41 -1 41 -1 41 -1 41 -1 41 -1 41 -1 41 -1 41 -1 31 -2
17984;14 -1 14 -2
17985;14 -2
17986;14 -1 14 -2
17987;31 -1 31 -1 30 -1 30 -1 30 -1 30 -2
17988;41 -1 2 -1 14 -1 31 -1 31 -1 30 -1 30 -1 30 -1 30 -2
17989;2 -2
17990;41 -2
17991;14 -1 14 -1 41 -1 41 -1 41 -1 41 -1 2 -1 14 -2
17992;41 -2
17993;14 -1 2 -2
17994;14 -2
18228;14 -1 14 -1 41 -2
18831;14 -1 31 -2
18832;41 -2
18833;14 -1 31 -2
18834;14 -2
18835;41 -2
18836;41 -2
18837;31 -1 14 -1 31 -2
18838;30 -2
18839;14 -1 41 -2
18840;14 -2
18841;2 -2
18842;1 -1 46 -1 2 -1 14 -2
18969;2 -2
18970;2 -2
18971;14 -2
18972;41 -1 41 -2
18973;41 -1 43 -1 44 -2
18974;44 -2
19185;14 -1 2 -2
19186;14 -2
19187;2 -2
19188;14 -2
19189;14 -1 31 -1 31 -2
19190;41 -1 41 -2
19191;41 -1 7 -1 5 -1 5 -2
19391;14 -2
19392;14 -1 41 -1 41 -2
19393;14 -2
19394;14 -2
19395;14 -1 2 -1 7 -1 5 -1 31 -1 30 -1 2 -2
19396;14 -2
19397;2 -2
19398;41 -1 41 -1 41 -1 41 -1 2 -1 48 -2
19399;14 -2
19400;14 -2
19401;14 -1 49 -1 49 -1 48 -2
19402;14 -2
19403;41 -1 38 -1 41 -2
19404;41 -1 41 -1 41 -1 41 -1 31 -1 30 -1 41 -2
19405;41 -1 31 -1 30 -1 30 -1 2 -1 2 -1 31 -1 30 -1 48 -2
19406;14 -2
19791;14 -2
19792;31 -1 41 -2
19793;14 -1 41 -1 31 -1 30 -1 30 -1 30 -1 30 -1 30 -1 30 -1 30 -2
19794;14 -1 41 -1 41 -1 14 -1 32 -2
19795;14 -1 41 -2
19796;31 -1 30 -1 30 -1 14 -2
19797;14 -1 14 -1 41 -2
19798;41 -1 41 -1 41 -1 41 -1 41 -1 41 -1 41 -1 41 -1 41 -1 41 -1 41 -2
19888;14 -1 41 -1 41 -2
19889;31 -1 30 -1 30 -1 31 -1 41 -1 41 -2
20148;14 -1 2 -1 14 -2
20149;41 -1 41 -1 41 -1 41 -2
20150;31 -2
20151;31 -1 41 -2
20152;41 -2
20153;41 -2
20154;14 -2
20155;31 -1 31 -2
20156;14 -2
20157;14 -2
20158;41 -2
20159;41 -1 41 -1 14 -1 41 -1 41 -1 41 -1 41 -1 7 -1 5 -1 5 -2
20160;41 -2
20161;41 -1 41 -2
20162;41 -2
20163;41 -2
20164;41 -2
20165;14 -1 31 -2
20166;14 -1 31 -1 30 -1 14 -1 31 -2
20167;31 -1 14 -1 31 -2
20168;14 -1 2 -1 14 -1 31 -2
20169;14 -2
20170;14 -2
20171;41 -1 41 -2
20172;14 -1 41 -2
20173;14 -2
20174;31 -2
20175;14 -2
20176;41 -2
20177;2 -1 3 -1 2 -2
20178;14 -2
20179;41 -1 31 -1 2 -2
20180;14 -2
20181;31 -2
20182;14 -1 41 -2
20183;31 -1 14 -1 2 -1 14 -2
20184;14 -2
20185;14 -2
20186;2 -2
20187;1 -1 46 -1 2 -2
20188;14 -1 41 -2
20189;41 -1 2 -1 14 -1 41 -2
20190;14 -1 31 -1 30 -1 30 -1 48 -1 29 -1 14 -2
20191;2 -1 3 -1 2 -1 14 -1 8 -1 14 -1 14 -1 14 -1 7 -1 14 -1 48 -1 29 -1 14 -1 49 -1 48 -2
20192;14 -1 8 -1 14 -1 49 -1 48 -1 29 -2
20193;14 -1 2 -2
20194;14 -2
20195;14 -1 41 -2
20196;2 -1 2 -1 2 -2
20197;14 -2
20198;2 -2
20199;14 -1 2 -1 41 -2
20200;2 -2
20201;14 -2
20202;41 -2
20203;14 -2
20204;41 -2
20205;2 -2
20388;14 -1 41 -2
20389;41 -2
20390;41 -1 41 -1 41 -1 41 -2
20391;41 -1 41 -2
20392;41 -1 2 -2
20393;41 -1 41 -2
20394;41 -2
20395;41 -1 43 -1 41 -1 41 -1 41 -1 41 -1 41 -1 41 -1 41 -1 41 -1 41 -1 41 -2
20396;14 -1 41 -1 41 -1 43 -1 44 -2
20397;44 -2
20398;44 -2
20399;44 -2
20400;14 -2
20401;14 -1 2 -2
20402;43 -1 44 -2
20403;14 -2
20404;41 -1 41 -1 41 -2
20405;43 -1 44 -2
20406;44 -2
20407;44 -2
20408;44 -1 14 -1 41 -1 41 -1 41 -2
20409;41 -1 41 -2
20410;14 -1 41 -1 41 -1 41 -1 41 -1 41 -1 43 -1 44 -1 44 -1 14 -1 41 -1 41 -1 41 -1 41 -2
20411;41 -1 41 -1 41 -1 41 -1 41 -1 41 -1 43 -1 44 -1 44 -2
20412;2 -2
20413;14 -1 41 -2
20750;14 -1 32 -1 31 -1 30 -2
20751;14 -2
20752;14 -1 32 -1 31 -1 31 -1 8 -1 7 -1 5 -1 5 -1 5 -1 5 -1 5 -1 5 -1 7 -1 5 -1 48 -2
20753;14 -1 41 -1 41 -2
20754;41 -1 41 -2
20755;41 -2
20756;41 -2
20757;41 -2
20758;41 -1 41 -1 41 -2
20759;41 -1 41 -2
20760;14 -1 41 -2
20761;41 -1 41 -2
20762;41 -2
20763;41 -2
20764;41 -1 41 -2
20765;41 -1 41 -2
20766;41 -2
20767;41 -2
20768;41 -1 2 -2
20769;14 -1 41 -2
20770;41 -2
20771;14 -1 3 -1 2 -2
20772;14 -1 14 -1 32 -1 31 -1 30 -1 30 -1 14 -2
20773;41 -1 41 -2
20774;41 -2
20775;41 -1 41 -2
20776;43 -1 44 -2
20777;44 -2
20778;44 -1 44 -2
20779;44 -1 44 -1 44 -1 44 -1 45 -1 43 -1 44 -2
20780;44 -2
20781;14 -1 41 -2
20782;41 -2
20783;14 -1 41 -2
20784;41 -2
20785;41 -1 41 -1 14 -1 41 -2
20786;41 -2
20787;41 -2
20788;41 -1 41 -2
20789;41 -2
20790;41 -2
20791;41 -1 43 -1 43 -1 44 -2
20792;44 -2
20793;44 -2
20794;44 -2
20795;44 -1 44 -2
20796;14 -2
20797;41 -1 41 -1 41 -2
20798;41 -2
20799;14 -1 41 -1 41 -1 41 -1 41 -1 14 -1 41 -1 14 -2
20800;41 -2
20801;2 -2
20802;43 -1 44 -1 44 -1 14 -1 43 -1 44 -1 14 -1 41 -1 14 -1 41 -2
20803;41 -2
20804;14 -1 41 -1 41 -1 41 -1 14 -1 32 -1 31 -1 30 -1 14 -1 41 -2
20805;41 -2
20806;43 -1 44 -2
20807;14 -2
20808;14 -1 32 -1 31 -1 14 -1 41 -2
20809;41 -2
20810;14 -2
20811;14 -2
20812;14 -1 32 -1 31 -1 14 -2
20813;43 -1 44 -2
20814;14 -1 41 -2
20815;14 -1 41 -2
20816;41 -2
20817;14 -1 41 -1 41 -1 41 -1 41 -1 41 -2
20818;14 -1 32 -1 31 -1 3 -1 2 -2
20819;41 -1 41 -1 41 -1 41 -1 41 -1 41 -1 41 -1 7 -1 5 -1 48 -1 5 -2
20820;8 -1 7 -1 5 -1 5 -2
20821;48 -1 48 -1 14 -2
20822;14 -2
20823;14 -2
20824;14 -2
20825;14 -1 41 -1 41 -2
20826;41 -1 41 -1 41 -2
20827;41 -2
20828;14 -2
20829;41 -1 41 -2
20830;32 -1 31 -2
20831;14 -1 41 -1 41 -2
20832;14 -1 14 -1 41 -1 41 -1 41 -1 41 -1 41 -2
20833;41 -2
20834;41 -2
20835;14 -2
20836;14 -1 2 -2
20837;14 -1 41 -2
20838;41 -2
20839;41 -2
20840;14 -1 32 -1 31 -1 14 -1 42 -2
20841;14 -1 41 -1 48 -1 14 -2
20842;14 -1 41 -2
20843;14 -1 41 -1 41 -1 41 -1 41 -2
20844;2 -2
20845;14 -2
20846;41 -2
21235;14 -1 3 -1 14 -1 7 -1 5 -1 5 -2
21236;14 -2
21237;31 -1 41 -1 43 -1 44 -1 44 -1 44 -1 44 -1 44 -1 44 -1 45 -1 43 -1 44 -1 44 -1 14 -1 41 -1 41 -2
21238;14 -1 43 -1 44 -1 14 -1 41 -1 41 -2
21239;41 -1 41 -2
21240;14 -2
21241;14 -1 41 -1 41 -1 41 -1 41 -1 41 -1 41 -1 41 -2
21242;14 -2
21243;14 -1 14 -2
21244;41 -1 43 -1 44 -1 44 -1 44 -1 44 -1 44 -1 44 -2
21245;14 -1 44 -2
21246;44 -1 44 -1 44 -1 44 -1 44 -1 44 -1 44 -1 44 -2
21247;14 -1 41 -1 43 -1 44 -1 44 -2
21248;44 -2
21249;44 -2
21250;44 -2
21251;44 -2
21252;44 -2
21253;44 -2
21254;14 -1 41 -1 41 -1 41 -1 41 -2
21255;14 -1 32 -1 31 -1 31 -1 30 -2
21256;17 -1 30 -2
21257;14 -2
21258;14 -1 32 -1 31 -1 30 -1 14 -1 14 -1 2 -2
21259;14 -1 2 -2
21260;14 -1 3 -2
21261;14 -1 2 -2
21262;14 -1 3 -1 2 -2
21263;14 -1 32 -1 31 -1 30 -1 17 -1 30 -2
21264;14 -1 3 -1 2 -2
21265;14 -2
21494;2 -1 14 -2
21495;2 -1 14 -1 41 -1 2 -1 14 -1 2 -2
21654;14 -2
21655;14 -2
21656;14 -1 41 -2
21657;14 -2
21658;14 -1 41 -2
21659;14 -2
21660;2 -2
21661;14 -2
22417;14 -2
22418;31 -1 30 -2
22419;14 -1 14 -1 2 -2
22420;3 -2
22421;14 -2
22422;41 -2
22423;14 -2
22424;14 -2
22425;14 -2
22426;2 -2
22427;14 -2
22428;31 -1 30 -2
22429;14 -1 2 -2
22430;14 -2
22431;31 -1 30 -2
22432;14 -1 2 -2
22433;14 -1 31 -1 30 -2
22434;30 -2
22768;14 -2
22769;14 -2
22770;14 -1 14 -2
22771;14 -1 14 -2
22772;41 -2
22773;41 -1 41 -2
22774;41 -2
22775;41 -2
22776;14 -1 41 -2
22777;14 -1 41 -2
22778;41 -1 41 -2
22779;41 -1 41 -1 41 -1 41 -1 41 -1 41 -1 2 -1 14 -1 41 -1 41 -1 41 -1 41 -1 41 -1 41 -2
22780;14 -2
22781;14 -2
22782;14 -2
22783;14 -1 41 -2
22784;14 -2
22785;31 -1 14 -2
22786;14 -2
22787;41 -1 41 -1 41 -2
22788;14 -1 31 -1 31 -1 30 -2
22789;14 -2
22790;14 -2
22791;14 -1 2 -2
22792;2 -1 14 -1 14 -2
22793;14 -1 14 -1 14 -1 41 -2
22794;41 -2
22795;14 -2
22796;41 -2
22797;41 -1 41 -1 41 -2
22798;41 -2
22799;30 -1 48 -2
22800;14 -2
22801;43 -1 44 -1 44 -1 14 -1 43 -1 44 -2
22802;44 -1 44 -2
22803;14 -1 43 -1 44 -1 44 -2
22804;14 -2
22805;14 -2
22806;41 -2
22807;14 -1 14 -1 2 -2
22808;14 -1 43 -1 44 -1 44 -1 44 -1 44 -1 44 -2
22809;14 -1 31 -1 31 -1 30 -2
22810;17 -1 30 -2
22811;14 -1 43 -1 43 -1 44 -2
22812;14 -1 43 -1 44 -1 14 -2
22813;14 -1 43 -1 44 -2
22814;44 -1 44 -1 44 -1 44 -1 44 -1 44 -1 44 -1 44 -2
22815;14 -2
22816;41 -1 41 -1 41 -2
22817;41 -2
22818;31 -1 30 -1 14 -1 43 -1 44 -2
22819;44 -2
22820;44 -2
22821;14 -1 41 -2
22822;14 -2
22823;14 -2
22988;14 -1 2 -2
22989;14 -1 2 -2
22990;14 -1 41 -2
22991;14 -2
22992;43 -1 41 -1 44 -2
22993;2 -1 2 -1 2 -2
22994;31 -1 30 -2
23168;2 -2
23365;14 -2
23366;14 -2
23367;14 -2
23368;14 -2
23369;14 -2
23370;14 -2
23371;41 -2
23372;38 -2
23938;14 -2
23939;2 -2
23940;14 -2
23941;2 -1 3 -1 14 -1 41 -2
23942;41 -1 41 -1 41 -2
23943;43 -1 44 -2
23944;44 -1 44 -2
23945;41 -1 14 -2
23946;43 -1 43 -1 43 -1 44 -2
23947;14 -2
23948;43 -1 44 -2
23949;44 -2
23950;44 -2
24245;14 -2
24246;14 -1 41 -1 41 -1 41 -1 41 -1 41 -1 41 -1 41 -1 41 -1 41 -2
24247;41 -1 41 -1 41 -2
24248;14 -1 41 -1 41 -2
24249;41 -1 41 -1 31 -1 30 -1 41 -2
24250;43 -1 44 -2
24251;44 -2
24252;44 -2
24253;44 -1 44 -2
24254;44 -1 14 -1 41 -1 41 -2
24255;41 -1 41 -1 41 -1 41 -1 41 -1 41 -2
24256;41 -2
24257;31 -1 30 -1 7 -1 5 -1 48 -1 5 -2
24258;14 -1 31 -2
24259;41 -2
24260;41 -2
25093;14 -2
25094;14 -1 41 -1 41 -1 2 -1 14 -1 14 -2
25672;14 -2
25673;41 -2
25674;41 -2
25675;43 -1 44 -2
25676;44 -2
25677;14 -1 2 -2
25678;41 -2
25679;14 -1 2 -2
25680;43 -1 44 -1 44 -1 41 -1 41 -2
25681;41 -2
25682;41 -2
25970;14 -2
25971;14 -1 2 -1 48 -2
25972;29 -1 14 -1 31 -1 31 -1 30 -1 32 -2
25973;14 -1 41 -2
25974;41 -2
26134;14 -2
26135;14 -1 41 -1 43 -1 44 -2
26136;41 -2
26137;14 -2
26138;14 -1 41 -2
26139;31 -1 30 -1 7 -1 31 -2
26140;14 -1 31 -1 16 -1 31 -2
26141;14 -1 41 -2
26142;41 -2
26143;41 -1 41 -2
26144;14 -1 2 -1 41 -2
26145;14 -1 2 -1 1 -1 46 -1 2 -1 41 -2
26280;14 -1 41 -1 2 -2
26281;2 -2
26282;14 -2
26283;14 -1 41 -1 41 -2
26284;2 -2
26285;2 -1 2 -1 41 -1 43 -1 41 -2
26286;41 -1 41 -2
26287;14 -2
26288;14 -1 41 -2
26289;43 -1 41 -1 41 -1 41 -1 41 -1 41 -1 41 -1 41 -1 41 -1 41 -2
26290;41 -1 41 -1 2 -1 41 -1 41 -2
26291;41 -1 41 -1 41 -1 41 -1 41 -1 41 -2
26292;41 -2
26293;14 -1 41 -2
26294;14 -2
26295;31 -1 30 -1 14 -1 2 -1 31 -1 30 -1 14 -1 31 -1 16 -1 31 -1 14 -1 3 -1 14 -1 14 -2
26296;14 -2
26297;41 -1 41 -1 41 -2
26298;2 -1 14 -2
26299;41 -2
26504;14 -1 7 -1 5 -1 5 -2
26505;14 -2
26506;14 -1 2 -2
27247;14 -2
27248;48 -1 13 -2
27249;14 -2
27250;48 -1 41 -1 13 -2
27251;14 -1 41 -2
27252;14 -1 41 -1 41 -2
27253;14 -1 48 -1 13 -2
27254;14 -1 41 -1 41 -2
27255;41 -2
27256;14 -1 31 -1 30 -1 31 -1 30 -1 31 -1 14 -2
27257;14 -2
27258;14 -1 48 -1 13 -2
27259;14 -1 41 -1 41 -1 41 -1 41 -1 41 -1 41 -2
27260;14 -2
27261;43 -1 44 -1 44 -1 44 -1 41 -1 41 -1 41 -1 41 -1 41 -2
27262;41 -2
27263;48 -1 13 -2
27264;14 -1 41 -1 41 -1 41 -1 41 -2
27265;14 -1 48 -1 13 -1 14 -1 30 -1 14 -1 2 -1 2 -2
27266;14 -1 41 -2
27267;41 -1 41 -2
27268;14 -1 41 -2
27269;14 -1 48 -1 41 -1 13 -2
27270;31 -2
27271;16 -1 31 -2
27272;14 -1 48 -1 41 -2
27273;13 -2
27274;14 -2
27458;14 -1 41 -1 43 -1 44 -1 44 -1 41 -1 43 -1 44 -1 44 -1 44 -1 44 -1 44 -1 14 -1 41 -1 41 -2
27617;14 -1 2 -1 14 -2
27618;14 -2
27619;31 -1 30 -2
27620;16 -1 31 -1 14 -1 41 -2
27621;41 -2
27622;43 -1 44 -1 14 -1 43 -1 44 -1 44 -1 14 -1 43 -1 44 -1 44 -2
27623;44 -1 44 -2
27624;44 -1 44 -2
27625;44 -1 44 -2
27626;14 -1 41 -1 41 -2
27627;41 -1 41 -2
27628;14 -1 41 -1 41 -1 41 -1 41 -1 41 -1 41 -1 41 -1 41 -1 41 -1 41 -1 41 -1 41 -1 41 -1 41 -1 2 -1 14 -1 41 -1 41 -1 41 -1 41 -1 41 -1 41 -1 41 -2
27629;41 -1 41 -1 41 -1 41 -2
27630;14 -1 14 -1 41 -2
27631;2 -2
27632;14 -1 2 -2
27633;14 -1 41 -1 41 -1 41 -2
27634;31 -1 30 -1 30 -1 41 -2
27635;43 -1 44 -1 14 -1 43 -1 44 -1 14 -1 44 -1 44 -1 44 -1 44 -1 44 -2
27636;14 -1 31 -1 30 -1 30 -2
27637;17 -1 30 -1 14 -2
27638;41 -1 43 -1 44 -1 44 -2
27639;14 -1 31 -1 30 -1 14 -2
27640;31 -1 30 -2
27641;17 -1 30 -2
27832;14 -2
27833;14 -2
27834;41 -1 41 -1 38 -2
27835;14 -1 2 -1 46 -1 1 -1 2 -2
27836;14 -2
27946;14 -1 14 -2
27947;41 -2
27948;14 -1 14 -1 41 -2
27949;41 -2
27950;41 -1 41 -2
27951;41 -1 41 -2
27952;41 -2
27953;14 -1 41 -2
27954;41 -2
27955;41 -2
27956;14 -1 14 -2
27957;41 -2
27958;14 -1 41 -2
27959;41 -2
27960;41 -2
27961;41 -2
27962;14 -2
28174;14 -1 3 -2
28175;14 -1 3 -1 2 -1 14 -1 2 -1 41 -1 41 -2
28176;46 -1 1 -1 2 -2
28443;14 -1 2 -2
28444;2 -2
28445;14 -1 2 -2
28446;41 -1 41 -2
28447;41 -2
28448;31 -2
28449;30 -2
28450;41 -2
28654;14 -1 3 -1 2 -2
28655;14 -1 31 -1 31 -1 30 -1 14 -2
28656;14 -1 2 -2
28657;14 -1 31 -1 30 -1 14 -1 32 -1 31 -1 30 -1 14 -1 31 -1 30 -2
28658;16 -1 31 -1 30 -1 30 -1 32 -2
28659;14 -2
28660;43 -1 44 -2
28661;44 -2
28662;14 -2
28663;32 -1 31 -1 30 -1 31 -1 30 -1 31 -1 30 -1 30 -1 14 -1 3 -1 14 -1 14 -2
28664;14 -2
28665;14 -1 3 -2
28666;14 -2
28667;14 -2
28668;14 -1 3 -1 14 -2
28669;31 -1 30 -1 31 -1 30 -1 31 -1 31 -1 31 -1 30 -1 30 -1 30 -1 30 -1 14 -1 3 -1 2 -2
28670;14 -2
28671;14 -1 3 -2
28672;14 -1 3 -1 2 -1 14 -1 41 -2
28673;14 -1 3 -1 2 -2
28674;14 -1 32 -1 31 -1 14 -2
28675;2 -2
28676;14 -1 3 -2
28677;14 -2
28678;14 -1 3 -1 14 -1 31 -1 30 -1 31 -1 30 -1 31 -1 31 -1 31 -1 31 -1 31 -1 30 -1 30 -1 30 -2
28679;14 -1 32 -1 31 -2
28680;14 -1 3 -2
28845;14 -1 41 -1 41 -2
28846;14 -1 41 -2
28847;41 -2
28848;41 -2
28849;41 -2
28850;41 -2
28851;14 -1 31 -1 14 -2
28852;2 -2
28853;14 -2
28957;14 -2
28958;14 -1 8 -1 7 -1 6 -1 6 -2
28959;6 -1 6 -1 6 -2
28960;6 -1 6 -1 6 -1 6 -1 48 -1 14 -1 2 -1 6 -1 14 -1 2 -2
28961;41 -2
28962;2 -2
28963;14 -2
28964;14 -1 3 -1 2 -2
28965;14 -1 3 -1 3 -2
28966;31 -2
28967;41 -2
28968;14 -1 41 -1 2 -2
28969;14 -1 2 -1 2 -2
29381;14 -2
30130;14 -2
30131;14 -1 14 -1 41 -2
30132;41 -2
30133;43 -1 44 -2
30308;14 -2
30309;14 -1 30 -1 41 -1 31 -1 30 -1 14 -1 41 -1 41 -2
30310;14 -1 31 -1 30 -1 30 -1 30 -1 31 -1 30 -1 30 -2
30311;14 -1 31 -1 30 -1 30 -2
30312;14 -2
30313;14 -1 2 -2
30314;41 -1 41 -2
30315;14 -1 2 -1 2 -2
30316;1 -1 46 -1 2 -2
30317;2 -1 2 -1 14 -1 2 -2
30318;14 -2
30319;14 -2
30662;14 -2
30663;14 -1 3 -1 14 -1 31 -1 30 -1 31 -1 14 -1 31 -1 30 -2
30664;30 -1 14 -1 31 -1 41 -1 41 -2
30665;14 -1 41 -2
30666;41 -2
30667;41 -2
30668;41 -2
30669;41 -2
30670;41 -2
30671;41 -2
30672;43 -1 44 -2
30673;14 -1 41 -1 43 -1 44 -1 44 -1 14 -1 41 -2
30674;2 -2
30675;14 -1 41 -1 43 -1 44 -1 44 -2
30676;14 -1 43 -1 44 -2
30677;44 -1 44 -2
30678;44 -1 14 -1 41 -2
30679;14 -2
30680;41 -2
30681;14 -1 2 -2
30850;14 -2
30851;14 -1 41 -2
30852;41 -2
30853;14 -2
30854;41 -2
30855;41 -2
30856;41 -2
30857;41 -1 41 -2
30858;41 -2
30859;41 -2
30860;41 -2
30861;43 -1 44 -1 44 -1 44 -2
30862;14 -1 41 -2
30962;14 -1 3 -1 48 -1 14 -2
30963;14 -1 41 -2
30964;43 -1 44 -1 44 -1 44 -1 14 -1 41 -1 41 -1 41 -2
30965;41 -1 41 -1 41 -1 41 -1 41 -2
30966;14 -1 43 -1 44 -1 44 -1 44 -2
30967;44 -1 44 -2
30968;44 -2
30969;44 -1 44 -2
30970;41 -2
30971;41 -2
30972;41 -1 41 -2
30973;41 -2
30974;41 -1 41 -2
30975;14 -1 31 -1 30 -1 14 -2
30976;14 -2
30977;14 -1 48 -2
30978;47 -1 48 -1 14 -1 48 -2
30979;48 -1 47 -1 47 -1 48 -2
30980;14 -1 41 -2
30981;41 -1 48 -1 43 -1 44 -2
30982;44 -1 44 -2
30983;14 -1 41 -1 41 -1 41 -2
30984;48 -2
30985;14 -1 41 -2
30986;41 -2
30987;41 -1 41 -2
30988;31 -1 30 -2
31106;14 -2
31107;41 -1 41 -2
31108;14 -2
31109;14 -1 41 -2
31110;41 -2
31111;41 -2
31112;31 -1 48 -1 43 -1 44 -2
31113;31 -1 14 -1 41 -2
31114;2 -2
31115;14 -2
31116;14 -2
31367;14 -1 14 -2
31368;14 -2
31369;41 -1 41 -2
31370;41 -1 31 -1 14 -1 41 -2
31371;14 -2
32659;14 -1 2 -1 3 -1 2 -2
32660;14 -2
32661;41 -1 30 -2
32662;14 -2
32663;2 -2
32664;14 -1 2 -1 3 -1 14 -1 2 -1 14 -1 41 -2
32665;14 -2
32666;14 -1 2 -1 14 -2
32667;41 -1 41 -1 41 -1 41 -1 41 -1 41 -1 41 -1 41 -1 41 -2
32668;14 -1 2 -2
32669;14 -2
32670;14 -1 2 -2
32671;14 -1 31 -1 30 -1 30 -1 30 -1 30 -1 14 -1 41 -1 41 -1 41 -1 43 -1 44 -1 44 -1 44 -1 44 -1 14 -2
32672;41 -1 2 -1 41 -1 31 -1 30 -1 30 -1 30 -1 41 -2
32673;41 -1 41 -1 41 -1 41 -1 41 -1 41 -2
32920;14 -2
32921;2 -1 2 -1 2 -1 14 -1 49 -1 49 -1 48 -2
32922;14 -1 14 -1 3 -1 14 -2
32923;14 -2
32924;41 -2
33122;14 -2
33123;14 -1 41 -2
33124;43 -1 44 -1 44 -2
33125;14 -1 14 -1 43 -1 44 -1 44 -2
33126;44 -2
33127;44 -2
33128;44 -1 44 -1 44 -1 44 -2
33129;44 -1 44 -2
33130;14 -1 41 -2
33131;41 -2
33132;41 -2
33133;31 -2
33134;30 -1 30 -1 30 -1 30 -1 31 -1 30 -1 30 -1 32 -1 14 -1 8 -1 7 -1 5 -1 5 -2
33135;8 -1 7 -1 5 -1 5 -1 5 -1 5 -2
33136;5 -1 14 -2
33137;41 -2
33138;41 -2
33139;14 -1 2 -1 14 -1 41 -1 41 -2
33140;41 -2
33141;41 -2
33142;14 -1 41 -2
33143;41 -2
33144;41 -2
33145;2 -2
33146;14 -1 41 -2
33147;41 -2
33148;41 -2
33149;41 -2
33150;41 -2
33151;41 -2
33152;41 -1 41 -2
33153;41 -2
33154;41 -2
33155;41 -1 41 -1 41 -1 41 -2
33156;41 -2
33157;41 -2
33158;41 -2
33159;14 -1 41 -2
33160;31 -1 14 -1 41 -2
33161;14 -1 41 -2
33162;14 -1 41 -2
33163;14 -2
33164;41 -2
33165;41 -2
33166;41 -2
33167;31 -1 30 -1 30 -1 32 -1 31 -1 30 -2
33168;14 -1 41 -2
33169;41 -2
33170;14 -2
33171;41 -2
33172;31 -1 30 -1 30 -1 32 -2
33173;30 -1 30 -1 32 -1 31 -1 14 -1 41 -2
33174;41 -2
33175;30 -1 30 -1 32 -1 31 -1 30 -1 32 -1 31 -1 14 -1 30 -1 30 -2
33176;14 -1 41 -1 41 -2
33177;41 -2
33178;41 -2
33179;2 -2
33391;14 -1 31 -2
33392;16 -1 31 -1 14 -1 14 -2
33393;14 -2
33394;48 -2
33395;14 -1 14 -2
33396;14 -2
33397;14 -1 43 -1 44 -2
33398;44 -2
33399;44 -2
33400;44 -2
33401;44 -2
33402;44 -1 14 -1 31 -1 30 -1 48 -2
33403;41 -2
33404;41 -2
33405;41 -2
33406;41 -2
33407;41 -2
33408;41 -2
33409;41 -1 41 -2
33410;31 -1 30 -1 14 -2
33411;31 -2
33412;16 -1 31 -1 14 -2
33413;31 -1 30 -1 18 -1 31 -2
33414;31 -1 41 -2
33415;41 -2
33416;41 -2
33417;41 -2
33418;14 -1 2 -2
33419;14 -2
33420;2 -2
33421;14 -2
34161;14 -2
34162;14 -2
34163;14 -2
34164;14 -1 41 -2
34165;14 -2
34166;14 -1 41 -2
34167;14 -2
34168;14 -1 14 -2
34169;14 -2
34170;14 -1 14 -2
34171;14 -2
34172;14 -1 14 -2
34173;14 -1 41 -2
34174;14 -1 41 -2
34175;14 -1 14 -1 41 -2
34176;41 -2
34177;14 -2
34178;14 -1 14 -2
34179;14 -2
34180;14 -1 14 -2
34181;14 -1 14 -2
34182;14 -1 14 -2
34183;14 -2
34184;14 -2
34185;14 -2
34186;14 -1 41 -2
34187;41 -1 41 -2
34188;14 -2
34189;31 -1 14 -1 41 -2
34190;14 -2
34191;14 -1 14 -2
34192;14 -1 14 -2
34193;14 -2
34194;14 -1 14 -2
34195;14 -2
34292;14 -2
34293;2 -2
34455;14 -1 2 -2
34456;14 -1 2 -1 1 -1 46 -1 2 -2
34457;14 -2
34458;14 -1 14 -1 31 -2
34459;16 -1 31 -2
34460;14 -2
34461;14 -2
34462;2 -2
34463;14 -2
34464;14 -2
35192;14 -2
35193;14 -1 41 -1 41 -1 2 -1 2 -1 41 -1 41 -1 41 -1 41 -1 41 -1 41 -1 41 -1 41 -1 41 -1 2 -1 41 -1 41 -1 41 -2
35194;43 -1 44 -2
35195;44 -1 44 -2
35196;44 -2
35197;44 -1 44 -2
35198;14 -1 41 -2
35199;41 -1 41 -1 41 -2
35200;41 -1 41 -1 41 -1 41 -2
35394;14 -1 3 -1 45 -1 42 -1 32 -2
35395;14 -2
35396;3 -1 32 -1 14 -2
35397;2 -2
35398;14 -1 41 -2
35399;41 -1 3 -1 39 -2
35400;14 -1 3 -1 2 -2
35603;14 -1 41 -2
35604;14 -2
35605;41 -1 14 -2
35606;41 -1 14 -2
35607;14 -1 41 -2
35608;41 -1 14 -2
35609;14 -1 7 -1 5 -1 5 -2
35610;14 -1 41 -2
35611;41 -1 41 -1 41 -2
35612;48 -1 14 -1 41 -2
35613;49 -1 48 -2
35614;14 -1 2 -1 14 -2
35615;14 -1 41 -2
35616;49 -1 49 -1 49 -1 48 -1 29 -1 48 -2
35617;14 -1 41 -2
35618;30 -1 17 -1 30 -1 32 -1 24 -1 32 -1 31 -1 30 -1 30 -1 32 -1 31 -1 31 -1 30 -1 31 -1 31 -1 31 -1 30 -1 31 -1 30 -1 30 -1 30 -1 30 -1 30 -1 30 -1 30 -1 30 -1 32 -1 31 -1 30 -2
35619;14 -1 49 -1 48 -2
35620;14 -1 48 -2
35621;48 -1 14 -1 41 -2
35622;41 -2
35623;14 -1 49 -1 48 -2
35624;14 -1 49 -1 48 -2
35625;14 -1 14 -1 41 -2
35626;2 -2
35627;41 -1 41 -2
35628;7 -1 31 -1 41 -1 41 -1 41 -2
35629;32 -1 24 -1 32 -1 14 -2
35630;41 -2
35631;41 -2
35632;14 -1 41 -2
35633;41 -2
35634;14 -1 2 -1 1 -1 46 -1 2 -1 14 -1 14 -1 3 -1 14 -1 48 -2
35907;14 -2
35908;41 -2
35909;41 -2
35910;41 -2
35911;41 -1 41 -2
35912;41 -2
35913;41 -1 41 -2
38090;14 -2
38091;14 -1 41 -2
38092;14 -1 41 -1 41 -1 41 -1 31 -2
38093;41 -1 41 -2
39317;14 -1 3 -1 14 -1 41 -1 41 -2
39318;14 -2
39319;41 -2
39320;41 -2
39321;14 -2
39322;8 -1 14 -1 49 -1 48 -2
39323;49 -1 48 -2
39324;14 -2
39325;41 -1 41 -1 41 -2
39326;41 -2
39327;41 -1 41 -1 31 -1 30 -2
39328;14 -1 41 -2
39329;41 -1 41 -2
39330;41 -2
39331;41 -2
39332;41 -2
39333;41 -2
39334;41 -1 41 -1 41 -1 41 -1 41 -2
39335;14 -2
39336;41 -1 14 -2
39337;41 -1 41 -2
39338;41 -2
39339;41 -2
39340;41 -1 31 -1 14 -1 41 -2
39341;41 -2
39342;14 -2
39343;41 -2
39344;41 -2
39556;14 -2
39557;31 -1 30 -2
39558;14 -1 43 -1 44 -2
39559;44 -1 44 -1 44 -1 44 -1 44 -1 14 -1 41 -1 41 -1 41 -1 41 -1 41 -1 41 -1 41 -1 41 -1 41 -1 14 -2
39560;2 -2
39561;14 -2
39562;7 -2
39563;14 -1 41 -1 41 -2
39564;38 -1 14 -2
39565;14 -2
39566;41 -2
40734;14 -2
40735;14 -2
40736;14 -2
40737;14 -1 14 -1 41 -2
40738;31 -1 30 -1 30 -1 14 -2
40739;14 -2
40740;41 -2
40741;41 -2
40742;41 -2
40743;41 -2
40744;31 -1 30 -1 17 -1 30 -2
40745;14 -2
40746;41 -2
41998;14 -1 3 -2
41999;14 -1 3 -2
42000;14 -2
42001;14 -2
42557;14 -2
42558;43 -1 44 -2
42559;44 -1 44 -2
42560;14 -1 31 -1 30 -2
42561;16 -1 31 -1 48 -2
42562;14 -1 41 -1 41 -2
42563;43 -1 44 -2
42564;41 -1 41 -2
42565;41 -2
42566;41 -1 41 -2
42567;31 -1 7 -1 5 -1 5 -2
42568;31 -1 48 -2
42569;14 -2
42570;14 -2
42571;31 -1 30 -1 30 -2
42572;14 -1 31 -1 31 -2
42573;7 -2
42574;7 -1 6 -2
42575;6 -1 6 -2
42576;6 -2
42577;6 -1 6 -2
42578;6 -2
42579;6 -1 6 -1 6 -2
42580;6 -1 6 -2
42581;6 -1 6 -2
42582;6 -1 6 -1 6 -1 6 -1 6 -1 6 -2
42583;6 -2
42584;6 -2
42585;6 -2
42586;6 -2
42587;6 -1 6 -1 6 -2
42588;6 -2
42589;6 -2
42590;6 -1 6 -1 6 -1 6 -2
42591;14 -2
42592;48 -1 13 -1 31 -1 31 -1 31 -1 31 -1 31 -1 31 -1 31 -1 30 -1 30 -2
42593;31 -2
42594;16 -1 31 -2
42595;14 -2
42596;31 -1 30 -2
42597;2 -2
42598;14 -1 31 -1 30 -1 30 -2
42599;14 -1 14 -2
42600;14 -1 31 -2
42601;14 -1 31 -1 30 -2
42602;30 -2
42603;31 -1 30 -2
44080;14 -1 3 -1 14 -1 31 -1 30 -1 41 -2
44081;41 -2
44082;41 -2
44083;41 -2
44084;41 -2
44085;41 -1 41 -1 41 -1 41 -1 41 -2
44086;41 -2
44087;41 -1 41 -1 41 -2
44088;41 -2
44089;41 -1 41 -1 41 -2
44090;14 -1 7 -1 14 -2
44091;14 -1 7 -1 6 -1 6 -1 6 -1 6 -1 6 -1 6 -1 6 -1 6 -1 6 -2
44092;6 -2
44093;6 -2
44094;6 -1 6 -2
44095;6 -2
44096;6 -2
44097;6 -1 6 -1 6 -2
44098;14 -2
44099;14 -1 41 -2
44100;14 -1 2 -2
44101;14 -2
44102;41 -2
44103;14 -2
44104;31 -1 41 -2
44105;14 -1 48 -1 13 -2
44106;30 -2
44107;14 -2
44108;14 -2
44109;41 -2
44110;41 -2
44582;14 -1 14 -2
44583;14 -1 2 -2
44584;14 -1 3 -2
44585;14 -1 14 -1 3 -1 14 -1 7 -1 5 -1 7 -1 5 -1 8 -1 7 -1 5 -1 5 -1 5 -1 7 -1 14 -2
44586;14 -2
44773;14 -1 41 -1 41 -2
44774;41 -1 43 -1 14 -1 41 -1 41 -1 41 -1 41 -2
44775;41 -2
44776;41 -2
44777;41 -1 41 -2
44778;41 -1 41 -2
44779;41 -1 41 -1 41 -1 41 -1 41 -2
44780;14 -2
44781;14 -2
44782;14 -1 3 -1 14 -1 39 -1 38 -1 33 -2
45753;14 -2
45754;14 -1 14 -2
45755;14 -2
45756;14 -1 38 -2
45757;14 -1 14 -2
45758;14 -1 14 -1 41 -1 41 -2
45759;41 -1 41 -1 41 -1 43 -1 41 -1 41 -1 41 -1 41 -1 41 -2
45760;41 -2
45761;41 -1 41 -1 41 -1 41 -1 41 -1 41 -2
45762;31 -1 31 -1 30 -1 43 -1 44 -1 44 -1 44 -1 44 -1 44 -1 44 -1 44 -1 41 -1 41 -1 41 -2
45763;43 -1 44 -1 44 -1 44 -1 44 -2
45764;41 -1 41 -1 41 -1 41 -2
45765;41 -2
45766;43 -1 44 -2
45767;41 -1 41 -2
45768;31 -2
45769;31 -2
45770;14 -1 41 -2
45771;14 -1 41 -1 38 -1 33 -2
45772;14 -1 41 -2
45849;14 -2
45850;14 -2
45851;14 -1 2 -1 41 -1 49 -1 49 -1 48 -2
45852;3 -1 2 -1 2 -2
45853;41 -2
45854;14 -1 41 -1 41 -1 41 -1 41 -1 41 -2
45855;43 -1 44 -2
45856;14 -1 2 -1 2 -1 31 -1 30 -1 30 -1 30 -1 30 -2
45857;30 -1 30 -1 14 -1 14 -1 41 -1 41 -2
45858;41 -2
45859;41 -2
45860;41 -1 2 -1 3 -2
45861;30 -1 30 -1 30 -2
45862;30 -1 30 -2
45863;30 -1 30 -1 30 -1 30 -2
45864;14 -1 41 -1 41 -1 2 -2
45865;14 -2
46442;14 -2
46443;2 -2
46444;14 -2
46445;14 -1 2 -1 2 -1 2 -1 2 -1 14 -2
46446;14 -2
46447;14 -1 2 -2
46448;14 -1 2 -2
46449;2 -1 2 -1 2 -2
46450;2 -2
46451;14 -2
46452;14 -2
46453;14 -1 2 -1 41 -2
46454;14 -2
46455;14 -1 14 -2
46456;14 -2
46457;14 -1 2 -1 2 -2
46458;14 -2
46459;14 -2
46460;14 -2
46461;14 -2
46462;14 -2
46463;14 -1 2 -2
47522;14 -1 41 -1 43 -1 44 -2
47523;14 -1 41 -2
47524;2 -2
47525;7 -1 5 -1 5 -2
47526;31 -1 30 -1 30 -2
47527;30 -2
47528;14 -1 3 -2
47529;14 -2
47727;14 -1 2 -2
47728;14 -1 2 -2
47889;14 -2
47890;14 -2
47891;14 -2
47892;41 -1 2 -2
47893;2 -1 14 -2
47894;14 -1 41 -1 41 -1 41 -1 43 -1 44 -1 41 -1 41 -2
47895;43 -1 44 -2
47896;14 -2
47897;14 -1 41 -1 41 -2
47898;43 -1 44 -2
47899;44 -1 44 -2
47900;44 -2
47901;14 -1 41 -1 43 -1 44 -1 44 -1 44 -1 14 -1 41 -1 41 -1 43 -1 44 -1 44 -2
47902;44 -1 44 -2
47903;14 -1 41 -1 41 -1 41 -1 41 -2
47904;41 -1 41 -2
47905;43 -1 44 -1 44 -1 44 -2
47906;44 -1 44 -1 44 -1 44 -1 44 -1 14 -1 31 -1 30 -1 30 -2
47907;17 -1 30 -1 14 -1 43 -1 44 -1 44 -1 44 -1 14 -1 43 -1 44 -2
47908;44 -1 14 -1 41 -1 41 -1 41 -1 41 -1 41 -2
47909;43 -1 44 -1 44 -1 44 -1 44 -2
47910;44 -2
47911;44 -2
47912;44 -1 44 -1 44 -1 44 -1 44 -1 44 -2
47913;14 -2
47914;14 -2
47915;14 -1 41 -2
47916;14 -2
47917;14 -2
47918;31 -1 30 -1 31 -1 30 -1 14 -1 31 -1 30 -2
47919;31 -1 30 -1 30 -1 14 -1 43 -1 44 -2
47920;44 -2
47921;44 -1 44 -2
47922;44 -1 44 -2
47923;44 -1 44 -1 44 -2
47924;30 -2
47925;45 -1 14 -1 41 -1 14 -1 41 -1 41 -1 41 -1 41 -1 41 -1 41 -1 41 -1 41 -2
47926;41 -2
47927;41 -1 41 -1 41 -1 41 -1 41 -2
47928;38 -1 41 -1 41 -1 41 -2
47929;41 -2
47930;41 -1 41 -2
48197;14 -2
48198;41 -2
48199;41 -2
48200;41 -1 41 -2
48201;14 -2
48202;2 -1 14 -2
48203;2 -2
48204;14 -2
48205;14 -1 14 -2
48206;14 -1 41 -2
48207;41 -1 41 -2
48208;41 -2
48209;31 -1 30 -1 31 -1 30 -1 31 -1 30 -1 31 -1 14 -2
48210;14 -2
48211;14 -1 14 -2
48212;2 -2
48213;14 -1 2 -1 14 -1 14 -2
48214;2 -1 14 -2
48215;41 -1 43 -1 44 -1 44 -1 14 -1 43 -1 44 -1 44 -1 44 -1 44 -1 44 -1 44 -1 44 -1 44 -1 44 -1 14 -1 43 -1 44 -1 44 -1 44 -1 14 -1 43 -1 44 -1 44 -1 44 -1 44 -1 44 -1 44 -1 44 -1 45 -1 43 -1 14 -1 41 -1 41 -1 41 -1 43 -1 44 -1 14 -1 41 -1 43 -1 44 -1 44 -2
48216;44 -2
48217;44 -2
48218;44 -1 44 -2
48219;44 -2
48220;44 -1 44 -2
48221;14 -1 41 -2
48222;41 -1 41 -1 41 -1 41 -1 41 -1 31 -2
48223;14 -1 14 -1 41 -1 43 -1 44 -1 43 -1 44 -2
48224;44 -2
48225;14 -1 14 -1 14 -1 2 -2
48226;14 -1 31 -1 30 -1 31 -1 30 -2
48227;31 -1 30 -1 31 -1 30 -2
48228;48 -2
48229;14 -2
48230;14 -1 14 -2
48231;38 -1 41 -2
48232;31 -1 30 -1 31 -1 31 -1 30 -2
48233;14 -1 48 -1 14 -2
48234;31 -1 31 -1 30 -2
48235;31 -1 30 -1 31 -1 30 -1 31 -1 30 -1 31 -2
48236;14 -1 2 -2
48237;14 -2
48238;31 -1 30 -1 31 -1 30 -2
48239;14 -1 30 -1 48 -2
48240;14 -1 14 -2
48241;38 -1 30 -1 48 -2
48242;14 -1 41 -1 41 -1 41 -1 41 -2
48243;41 -1 41 -2
48244;30 -1 48 -2
48245;14 -1 2 -2
48246;14 -2
48247;48 -1 14 -1 30 -1 48 -2
48248;14 -2
48249;14 -2
49725;14 -1 31 -1 14 -1 31 -1 30 -2
49726;31 -2
49727;30 -2
49728;31 -1 30 -2
49729;17 -1 30 -1 14 -2
49730;14 -2
49731;14 -1 14 -1 31 -2
49732;14 -1 14 -1 14 -1 31 -1 14 -1 41 -1 41 -1 41 -2
49733;41 -1 41 -1 41 -2
49734;41 -2
49735;14 -1 31 -1 14 -2
49736;14 -1 31 -1 14 -2
49737;14 -1 14 -2
49738;49 -2
49739;14 -2
49740;14 -2
49741;2 -2
49742;14 -2
49743;14 -2
49744;31 -1 30 -2
49745;31 -1 30 -2
49746;31 -1 31 -1 30 -1 31 -1 30 -1 31 -1 30 -1 31 -1 14 -1 2 -2
49747;14 -2
49748;14 -2
49749;14 -2
49750;14 -1 31 -1 30 -1 14 -2
49751;14 -1 31 -1 14 -2
49752;14 -1 31 -1 14 -1 31 -2
49753;14 -1 14 -2
49754;14 -2
49755;14 -1 14 -1 31 -1 32 -1 31 -1 14 -2
49756;14 -1 14 -2
49757;14 -1 14 -2
49758;14 -1 14 -2
49759;14 -2
49760;14 -1 31 -1 30 -1 31 -1 14 -1 31 -1 30 -1 31 -1 30 -1 17 -1 30 -1 31 -1 30 -1 31 -1 14 -1 14 -1 31 -1 30 -1 14 -2
49761;14 -2
49762;14 -1 31 -2
49763;16 -1 31 -2
49764;14 -2
49765;14 -1 31 -1 30 -2
49766;17 -1 30 -1 31 -2
49767;14 -2
49768;14 -2
49769;14 -1 41 -1 14 -1 41 -1 41 -1 41 -1 41 -2
49770;14 -1 14 -2
49771;14 -2
49772;14 -2
49773;14 -2
49774;14 -1 31 -1 30 -1 14 -2
49775;14 -1 14 -2
49776;14 -1 14 -2
49777;14 -1 14 -1 31 -1 30 -1 48 -1 14 -2
49778;14 -1 14 -2
49779;14 -1 14 -1 31 -1 14 -2
49780;14 -2
49781;41 -1 41 -2
49782;41 -2
49783;41 -2
49784;41 -2
49785;41 -2
49786;41 -2
49787;14 -1 14 -1 41 -2
49788;41 -2
49789;41 -2
49790;41 -2
49791;14 -1 31 -1 30 -1 31 -1 14 -2
49792;14 -1 31 -1 30 -1 14 -1 31 -1 30 -1 17 -1 30 -1 31 -1 30 -1 31 -1 30 -1 31 -1 30 -1 31 -1 30 -1 31 -1 14 -1 14 -2
49793;14 -1 2 -1 46 -1 1 -1 2 -1 14 -2
49794;14 -1 14 -2
49795;14 -1 14 -2
49796;14 -1 14 -2
49797;14 -2
49798;14 -1 14 -2
49799;14 -2
49800;14 -2
49801;14 -1 31 -1 30 -1 14 -2
49802;14 -2
49803;14 -1 14 -2
49804;14 -1 2 -2
49805;14 -1 14 -1 2 -2
50182;14 -1 41 -2
50183;41 -1 41 -1 41 -1 41 -2
50184;14 -1 41 -2
50185;2 -1 31 -1 30 -1 30 -2
50186;30 -2
50187;30 -2
50188;30 -1 41 -1 41 -2
50189;41 -2
50190;31 -1 31 -1 30 -2
50191;41 -2
50192;31 -1 30 -1 48 -2
50193;14 -1 31 -2
50194;14 -2
50195;14 -2
50196;14 -1 31 -1 31 -1 30 -1 31 -1 30 -1 30 -1 30 -2
50197;14 -1 31 -1 30 -1 30 -1 48 -2
50198;14 -2
50199;14 -1 7 -1 31 -1 30 -2
50200;2 -2
50201;14 -1 41 -1 41 -1 41 -1 41 -1 41 -1 41 -1 43 -2
50202;14 -1 41 -1 41 -1 41 -1 41 -1 41 -1 41 -1 41 -2
50203;2 -2
50204;41 -2
50205;41 -1 41 -1 41 -1 41 -1 41 -1 41 -1 41 -1 41 -1 14 -1 31 -1 30 -1 48 -1 30 -1 48 -2
50206;2 -1 46 -1 1 -1 2 -2
50207;14 -1 41 -1 41 -1 41 -1 41 -1 41 -1 41 -1 41 -2
50208;14 -1 31 -1 30 -1 48 -2
50209;31 -1 48 -2
50210;48 -1 47 -1 47 -1 48 -1 14 -1 48 -1 31 -1 31 -1 30 -1 48 -1 47 -1 48 -2
50211;14 -1 31 -1 30 -2
50212;41 -1 41 -2
50213;14 -2
50214;41 -1 41 -1 41 -1 41 -1 41 -2
50215;41 -2
50216;41 -1 2 -2
50217;31 -1 30 -2
50218;41 -2
50219;14 -1 14 -2
50220;14 -2
50221;14 -2
50222;41 -1 41 -1 41 -1 41 -1 41 -1 41 -1 41 -2
50223;14 -2
50224;14 -1 2 -1 2 -2
50225;14 -1 31 -1 31 -1 31 -2
50226;14 -2
50227;14 -2
50228;14 -2
50229;14 -1 31 -1 2 -2
50792;14 -1 3 -2
51156;14 -1 41 -2
51157;14 -1 41 -1 41 -2
51158;14 -1 41 -1 41 -1 41 -2
51159;14 -1 41 -2
51160;14 -2
51161;14 -2
51162;14 -1 41 -2
51163;14 -2
51164;14 -1 41 -2
51165;41 -1 41 -2
51166;14 -2
51167;14 -1 41 -2
51168;14 -2
51169;14 -1 31 -2
51170;14 -2
51171;14 -1 41 -2
51172;14 -2
51173;41 -2
51174;14 -1 2 -1 1 -1 46 -1 2 -1 14 -1 2 -2
51175;14 -2
51176;14 -2
51177;14 -2
51178;14 -2
51179;14 -2
51180;14 -2
51181;14 -2
51182;14 -2
51183;14 -2
51184;14 -2
51185;14 -1 14 -1 41 -1 41 -2
51186;14 -1 41 -2
51187;41 -2
51188;14 -2
51189;14 -1 41 -1 41 -1 41 -1 41 -2
51190;41 -2
51191;14 -1 41 -2
51192;14 -1 41 -1 41 -1 41 -1 41 -2
51193;41 -2
51194;14 -1 38 -2
51195;14 -2
51196;14 -2
51799;2 -2
51800;14 -2
51801;7 -2
51802;2 -2
51803;14 -1 2 -1 31 -1 30 -1 30 -1 30 -1 14 -2
51804;41 -2
51931;14 -2
51932;14 -2
51933;14 -2
51934;14 -2
51935;14 -2
51936;41 -2
51937;14 -2
51938;14 -1 41 -1 41 -2
51939;14 -2
51940;14 -2
51941;14 -2
52434;14 -2
52435;14 -2
52436;41 -1 41 -1 2 -2
52437;14 -2
52438;14 -2
52439;14 -2
52440;14 -2
52441;31 -1 31 -1 41 -2
52442;14 -2
52443;14 -2
52444;14 -2
52445;14 -2
52446;14 -2
52447;14 -2
52448;14 -2
52449;14 -2
52450;14 -2
52451;14 -2
52452;14 -2
52453;14 -2
52454;14 -2
52455;14 -1 14 -2
52456;14 -2
52457;14 -2
52458;14 -2
52459;14 -2
52669;14 -1 41 -2
52670;14 -1 41 -1 41 -1 14 -1 14 -1 41 -1 41 -2
52671;14 -1 41 -2
52672;14 -2
52673;41 -2
52674;7 -2
52675;14 -2
52676;14 -1 7 -1 48 -2
52677;14 -1 41 -1 41 -1 41 -2
52678;14 -2
52679;14 -2
52680;14 -2
52681;14 -2
52682;14 -2
52683;14 -2
52684;48 -2
52685;14 -2
52686;14 -2
53060;14 -1 31 -1 30 -1 30 -2
53061;14 -1 41 -2
53062;41 -2
53063;41 -2
53064;41 -2
53065;14 -2
53066;31 -1 30 -1 14 -2
53067;14 -1 2 -2
53068;2 -2
53069;31 -1 30 -2
53070;30 -2
53071;30 -2
53072;14 -1 31 -1 31 -1 30 -2
53073;14 -1 31 -1 30 -2
53074;31 -2
53075;14 -1 31 -2
53076;14 -1 31 -1 30 -1 32 -1 31 -1 30 -1 30 -2
53077;14 -1 2 -2
53078;30 -2
53079;14 -1 14 -1 31 -1 30 -1 31 -1 30 -2
53080;31 -1 30 -2
53081;14 -1 2 -2
53082;14 -1 41 -1 41 -2
53083;41 -2
53084;41 -1 41 -1 41 -2
53085;41 -2
53086;30 -2
53087;14 -1 31 -1 31 -2
53088;30 -2
53089;14 -1 41 -1 41 -2
53090;41 -1 41 -1 41 -1 41 -1 41 -1 41 -1 41 -2
53091;41 -1 41 -2
53092;41 -1 41 -2
53093;30 -1 31 -1 30 -2
53094;14 -2
53095;14 -1 41 -1 41 -1 41 -1 41 -1 41 -2
53096;41 -2
53097;14 -1 31 -2
53098;16 -1 31 -2
53099;30 -1 28 -1 30 -1 32 -2
53100;14 -1 41 -1 41 -2
53101;41 -2
53102;31 -1 30 -2
53103;14 -2
53104;41 -2
53105;41 -1 2 -2
53106;14 -2
53107;14 -2
53108;31 -1 30 -1 41 -1 41 -1 41 -2
53109;41 -2
53533;14 -1 14 -1 41 -2
53534;41 -2
53535;41 -1 41 -2
53536;43 -1 44 -1 41 -2
53537;41 -1 41 -1 41 -1 41 -1 41 -1 41 -1 41 -1 41 -1 41 -1 41 -1 41 -2
53538;43 -1 44 -2
53539;44 -2
53540;14 -2
53541;14 -1 43 -1 44 -1 44 -2
53542;44 -2
53543;44 -1 44 -2
53544;44 -1 44 -1 14 -1 41 -1 41 -1 41 -2
53545;14 -1 2 -1 41 -2
53546;14 -1 14 -2
53547;14 -1 2 -1 41 -2
53548;41 -1 41 -1 41 -1 41 -2
53549;31 -1 30 -1 41 -2
53550;14 -1 14 -2
53551;14 -2
53552;3 -2
53553;14 -1 41 -2
53554;41 -1 41 -1 41 -1 41 -2
53974;14 -1 2 -1 14 -2
53975;14 -2
53976;41 -2
53977;41 -2
53978;43 -1 44 -2
53979;44 -2
53980;44 -2
53981;44 -2
53982;41 -2
53983;14 -1 43 -1 44 -2
53984;44 -2
53985;44 -2
53986;14 -1 14 -1 41 -2
53987;41 -1 41 -2
53988;41 -2
53989;41 -2
53990;41 -1 31 -1 30 -2
53991;14 -1 2 -2
53992;14 -1 41 -2
53993;2 -2
53994;14 -2
53995;2 -2
53996;14 -2
53997;14 -1 2 -2
53998;14 -1 2 -2
53999;14 -2
54000;14 -1 41 -1 41 -1 41 -2
54001;41 -1 43 -1 44 -1 44 -1 44 -1 44 -1 14 -1 41 -2
54002;31 -1 48 -1 48 -1 48 -2
54003;14 -2
54004;31 -1 30 -1 48 -2
54005;14 -1 2 -2
54006;14 -1 31 -1 48 -2
54007;14 -2
54008;14 -2
54009;41 -2
54276;14 -1 41 -1 2 -2
54277;41 -1 31 -1 30 -2
54278;31 -1 41 -2
54279;14 -2
54280;14 -2
54281;2 -2
54282;14 -2
54283;14 -1 41 -1 41 -1 41 -1 31 -2
54622;14 -1 41 -1 41 -1 2 -1 31 -1 41 -2
54623;41 -1 41 -1 7 -1 5 -1 5 -2
54624;31 -1 31 -1 7 -1 5 -1 5 -2
54625;41 -2
54626;41 -1 41 -2
54627;41 -1 41 -2
54628;41 -2
54629;41 -1 41 -2
54630;41 -2
54631;41 -2
54632;31 -2
54633;41 -1 41 -1 41 -1 41 -2
54634;14 -2
54635;14 -2
54636;2 -2
54637;14 -1 41 -1 41 -1 41 -1 41 -1 41 -2
54831;14 -1 43 -1 44 -2
54832;44 -2
54833;44 -2
54834;44 -2
54835;44 -2
54836;44 -2
54837;14 -1 41 -1 31 -2
54838;30 -1 2 -2
54839;2 -1 14 -2
54840;14 -1 2 -2
54841;14 -1 31 -1 30 -2
55694;14 -2
55695;7 -1 6 -2
55696;6 -1 6 -1 6 -1 6 -2
55697;6 -1 6 -2
55698;6 -1 6 -1 6 -2
55699;6 -2
55700;6 -2
55701;6 -2
55702;14 -1 41 -2
55703;41 -1 41 -1 41 -2
55704;6 -2
55705;6 -2
55706;6 -2
55707;6 -2
55708;6 -1 6 -2
55709;6 -1 6 -2
55710;6 -2
55711;6 -1 6 -1 2 -2
55712;14 -1 2 -1 14 -1 14 -2
55713;14 -2
55714;14 -1 41 -2
55715;41 -2
55716;41 -1 41 -1 41 -2
55717;31 -1 30 -1 30 -1 41 -2
55718;41 -2
55719;14 -1 2 -1 14 -2
55720;14 -2
55882;14 -1 45 -1 43 -2
55883;14 -1 22 -2
55884;14 -2
55885;14 -1 41 -1 41 -2
55886;14 -2
55887;14 -1 49 -1 49 -1 49 -1 49 -2
55888;14 -2
55889;14 -2
55890;14 -2
55891;41 -1 41 -2
55892;41 -2
55893;14 -2
55894;14 -1 41 -1 41 -1 38 -1 41 -2
56458;14 -2
56459;14 -2
56460;41 -2
56461;41 -2
56462;43 -1 44 -2
56463;14 -2
56464;14 -1 41 -2
56465;41 -2
56466;41 -2
56467;31 -1 14 -2
56468;14 -1 14 -2
56469;14 -1 2 -2
56470;41 -2
56471;41 -1 43 -1 44 -2
56472;31 -1 30 -1 30 -1 2 -2
56473;31 -2
56474;16 -1 31 -1 30 -2
56475;30 -1 30 -1 30 -2
56476;32 -1 31 -1 30 -1 32 -1 32 -1 14 -1 41 -1 41 -2
56477;31 -1 30 -1 41 -2
56478;41 -1 41 -2
56479;14 -1 41 -1 41 -1 41 -2
56480;31 -1 30 -1 31 -1 2 -1 7 -1 5 -2
57085;14 -1 14 -1 3 -1 43 -1 44 -2
57086;44 -2
57087;44 -1 45 -1 14 -1 43 -1 41 -1 41 -1 41 -1 41 -1 41 -1 31 -1 30 -1 41 -1 41 -2
57088;14 -1 41 -1 41 -1 41 -2
57089;41 -1 41 -1 41 -1 41 -1 41 -1 41 -1 41 -1 41 -1 41 -2
57090;14 -1 41 -1 41 -1 41 -1 31 -1 31 -1 41 -1 41 -1 41 -2
57091;41 -1 41 -1 41 -2
57092;41 -2
57093;14 -1 41 -1 41 -1 41 -2
57094;41 -1 41 -2
57095;41 -1 41 -2
57096;31 -1 41 -1 41 -1 41 -2
57097;14 -1 43 -1 44 -1 44 -1 44 -2
57098;44 -2
57099;44 -2
57100;44 -1 14 -1 41 -1 41 -2
57101;14 -1 14 -2
57102;14 -1 3 -1 2 -1 14 -1 41 -2
57103;31 -1 41 -2
57104;3 -1 2 -1 14 -2
57184;14 -2
57185;14 -2
57186;14 -2
57187;41 -2
57327;14 -1 2 -1 2 -1 14 -1 41 -1 31 -1 30 -1 31 -1 14 -1 14 -1 31 -1 16 -1 31 -1 14 -1 14 -1 41 -1 41 -1 41 -2
57328;14 -2
57329;14 -2
57465;14 -2
57466;41 -2
57467;41 -1 41 -1 41 -1 41 -1 41 -2
57468;41 -1 41 -1 41 -1 41 -2
57469;41 -2
57470;14 -2
57471;41 -1 31 -1 31 -2
57472;2 -1 41 -2
58005;14 -2
58006;14 -2
58007;41 -2
58008;41 -2
58009;43 -1 44 -2
58010;44 -2
58011;44 -2
58012;44 -2
58013;14 -1 43 -1 44 -1 44 -2
58014;44 -1 14 -2
58015;44 -2
58016;14 -1 43 -1 44 -1 44 -1 14 -1 43 -1 41 -2
58017;41 -1 41 -1 41 -2
58018;41 -1 41 -1 41 -2
58019;41 -2
58020;41 -2
58021;41 -1 41 -2
58022;41 -2
58023;41 -1 41 -2
58024;41 -2
58025;31 -1 30 -1 30 -2
58026;14 -1 31 -2
58027;14 -1 41 -1 41 -1 41 -1 41 -2
58028;14 -2
58498;14 -1 14 -1 31 -1 30 -1 48 -2
58499;14 -2
58500;14 -2
58501;14 -1 31 -1 31 -2
58502;14 -1 31 -1 30 -1 48 -2
58503;16 -1 31 -1 14 -2
58504;14 -2
58505;14 -2
58506;31 -1 16 -1 31 -1 32 -1 31 -1 26 -1 31 -1 24 -1 31 -2
58507;14 -1 14 -1 14 -1 2 -1 31 -1 30 -1 48 -2
58508;14 -1 31 -1 30 -2
58509;16 -1 31 -2
58510;14 -1 31 -1 30 -1 48 -2
58511;14 -2
58512;14 -1 31 -1 30 -2
58513;30 -1 30 -2
58514;30 -1 48 -2
58515;16 -1 31 -2
58516;14 -1 41 -1 41 -1 41 -1 41 -1 41 -1 41 -1 41 -1 31 -1 2 -2
58517;31 -1 31 -2
58518;30 -2
58519;14 -2
58520;41 -2
58521;2 -2
58522;2 -2
58523;31 -2
58524;30 -1 30 -2
58525;30 -1 14 -2
58526;31 -1 30 -1 30 -1 31 -1 30 -2
58527;30 -1 48 -2
58528;14 -2
58529;31 -1 30 -1 30 -1 30 -1 31 -2
58530;14 -1 31 -1 30 -2
58531;16 -1 31 -1 31 -2
58532;14 -2
58533;14 -2
58534;30 -2
58535;14 -2
58665;14 -1 14 -1 2 -2
58666;14 -2
58667;14 -2
58668;41 -2
58669;41 -2
58670;41 -2
58671;14 -2
58672;14 -1 2 -1 2 -1 2 -1 2 -1 2 -2
58673;14 -1 41 -2
58674;14 -2
58675;14 -2
58676;14 -2
58677;14 -2
58678;14 -2
58679;14 -2
58879;14 -2
58880;14 -1 48 -1 13 -2
58881;14 -1 48 -1 13 -1 2 -1 14 -1 2 -2
59246;14 -2
59247;41 -2
59248;41 -2
59249;41 -2
59250;14 -2
59251;49 -1 41 -2
59252;43 -1 44 -2
59253;44 -2
59254;43 -1 44 -2
59255;41 -1 41 -2
59256;14 -2
59257;41 -1 41 -2
59258;41 -2
59259;41 -2
59260;14 -1 41 -2
59261;41 -1 41 -1 41 -1 41 -2
59262;14 -2
59263;14 -1 41 -2
59264;41 -2
59265;41 -2
59266;41 -2
59267;41 -2
59268;41 -2
59269;41 -2
59270;41 -1 41 -1 41 -2
59271;41 -1 41 -2
59272;41 -2
59273;41 -2
59274;41 -2
59275;41 -2
59276;41 -2
59277;31 -1 41 -2
59278;14 -1 41 -2
59279;14 -2
59280;14 -1 41 -1 41 -2
59281;41 -1 41 -2
59282;41 -1 41 -1 41 -1 41 -2
59444;14 -1 14 -1 2 -1 14 -2
59445;7 -1 5 -2
59446;31 -1 41 -1 41 -2
59447;14 -2
59448;41 -2
59449;14 -2
60016;14 -2
60017;14 -1 3 -1 14 -2
60018;14 -2
60098;14 -1 41 -2
60099;41 -1 41 -1 41 -1 41 -1 41 -1 41 -1 41 -1 41 -2
60100;41 -1 43 -2
60101;44 -2
60102;44 -2
60103;44 -2
60104;44 -2
60261;14 -2
60262;14 -2
60263;14 -2
60264;14 -2
60265;14 -1 38 -1 41 -1 2 -1 2 -1 14 -1 2 -2
60266;14 -1 41 -2
60267;41 -2
60268;41 -2
60269;41 -2
60270;41 -2
60271;41 -2
60272;41 -2
60346;14 -1 31 -1 14 -1 41 -1 41 -2
60347;2 -2
60348;14 -1 41 -1 2 -1 3 -1 14 -1 2 -2
60349;14 -1 43 -1 44 -2
60350;44 -1 44 -2
60351;44 -2
60352;44 -2
60353;14 -1 41 -1 41 -1 41 -2
60354;14 -1 43 -1 44 -1 44 -1 44 -2
60355;44 -1 44 -1 44 -1 44 -1 44 -2
60356;44 -2
60357;45 -1 43 -1 44 -1 44 -1 45 -1 43 -1 44 -1 14 -1 41 -1 41 -1 41 -1 41 -2
60358;41 -1 41 -2
60359;41 -1 41 -1 41 -1 41 -1 41 -1 41 -1 41 -1 41 -1 41 -1 31 -1 30 -1 30 -1 41 -2
60360;31 -2
60361;16 -1 31 -2
60362;14 -1 41 -1 41 -1 41 -2
60363;14 -1 31 -1 30 -2
60364;14 -1 41 -1 41 -2
60365;41 -2
60366;41 -2
60367;41 -1 41 -1 41 -1 41 -1 43 -1 44 -2
60368;14 -1 14 -2
60369;41 -1 41 -1 41 -1 41 -1 41 -1 41 -1 43 -1 44 -2
60370;44 -1 14 -1 41 -1 41 -1 41 -1 41 -2
60371;41 -1 41 -2
60372;41 -2
60373;41 -2
60374;41 -1 41 -2
60375;41 -2
60376;41 -1 41 -1 41 -2
60377;41 -2
60378;41 -2
60379;41 -2
60380;41 -1 41 -1 41 -1 41 -2
60455;14 -1 41 -2
60456;41 -1 41 -2
60457;14 -2
60746;14 -2
60747;14 -1 14 -2
61172;14 -2
61173;14 -2
61174;41 -2
61175;14 -2
61176;14 -2
61177;14 -2
61178;14 -2
61179;14 -1 14 -2
61180;14 -2
61181;14 -1 41 -1 41 -2
61182;14 -2
61183;14 -2
61184;14 -2
61185;41 -2
61186;14 -1 41 -2
61187;41 -1 41 -2
61188;14 -2
61189;31 -1 41 -2
61190;41 -1 41 -1 41 -1 41 -1 41 -1 41 -1 41 -2
61191;14 -2
61192;14 -1 41 -1 31 -1 30 -1 14 -1 41 -1 41 -1 41 -1 41 -1 41 -1 41 -2
61193;41 -1 41 -1 41 -1 41 -1 41 -1 41 -1 41 -2
61194;41 -2
61195;14 -1 41 -2
61196;14 -2
61197;14 -1 41 -1 41 -1 31 -1 31 -1 14 -1 31 -1 30 -1 31 -1 30 -2
61198;14 -2
61199;31 -1 31 -2
61200;14 -1 31 -1 31 -2
61201;14 -1 31 -1 41 -1 41 -2
61202;14 -2
61203;14 -1 41 -2
61204;14 -1 30 -1 48 -2
61205;14 -2
61206;14 -1 41 -2
61207;14 -2
61208;41 -2
61209;14 -1 41 -1 41 -1 41 -2
61210;14 -1 14 -2
61211;14 -2
61212;14 -1 41 -2
61213;14 -1 41 -1 41 -1 41 -1 41 -1 41 -1 41 -2
61214;14 -2
61215;14 -1 14 -2
61601;14 -2
61602;14 -2
61603;14 -2
61604;14 -1 41 -1 31 -2
61605;41 -2
61606;41 -1 41 -1 31 -1 41 -1 41 -1 41 -1 41 -1 41 -1 31 -2
61607;41 -1 41 -2
61608;41 -2
61609;41 -1 43 -1 44 -2
61610;44 -2
61611;44 -2
61612;14 -1 41 -2
61613;41 -2
61614;31 -1 30 -1 14 -1 7 -1 5 -1 5 -2
61615;14 -1 31 -1 41 -2
61616;41 -2
61617;43 -1 43 -1 41 -1 41 -1 44 -2
61618;44 -2
61619;44 -2
61620;44 -1 14 -1 44 -2
61621;44 -1 44 -2
61622;41 -2
61623;41 -2
61624;41 -2
61625;41 -2
61626;31 -2
61627;14 -1 14 -1 41 -2
61628;2 -2
61629;14 -2
61630;14 -2
61631;14 -2
61632;14 -1 41 -2
61633;14 -1 41 -1 41 -1 41 -2
61634;2 -1 2 -2
61635;14 -2
61636;14 -2
61637;14 -2
61638;14 -1 41 -1 2 -2
61639;41 -1 2 -1 2 -2
61640;41 -2
61641;41 -1 41 -1 41 -2
61642;14 -1 41 -2
61643;31 -1 2 -1 41 -1 31 -1 30 -1 41 -1 41 -1 41 -1 41 -2
61644;14 -2
61645;14 -2
61646;14 -1 41 -2
61647;14 -2
61648;14 -2
61649;14 -2
61650;14 -2
61651;14 -1 41 -1 41 -2
61652;14 -2
61653;14 -2
61654;14 -2
61655;31 -1 30 -1 30 -1 30 -1 30 -2
61656;30 -1 30 -1 14 -2
61657;41 -2
61658;41 -2
61659;14 -2
61660;14 -2
61661;14 -1 31 -1 30 -1 14 -1 41 -1 41 -2
61662;31 -2
61663;41 -1 38 -1 33 -2
61664;41 -2
61665;41 -2
61666;41 -1 41 -2
61667;43 -1 41 -1 41 -1 44 -2
61668;44 -2
61669;44 -2
61670;44 -2
61671;41 -1 41 -2
61672;41 -2
61673;14 -1 41 -1 41 -2
61674;41 -1 41 -2
61675;14 -2
61982;14 -2
61983;31 -1 7 -1 14 -2
61984;7 -1 14 -1 41 -2
61985;14 -1 31 -1 41 -2
61986;14 -1 41 -2
61987;14 -1 2 -1 31 -1 30 -2
61988;14 -1 31 -1 30 -1 41 -1 31 -2
61989;31 -1 30 -1 14 -1 41 -1 41 -2
61990;2 -1 3 -1 2 -1 3 -1 2 -1 14 -1 41 -1 2 -2
61991;3 -1 2 -1 14 -1 41 -2
61992;2 -1 14 -1 31 -1 31 -1 30 -1 14 -1 32 -1 14 -1 31 -1 31 -1 30 -1 41 -2
61993;3 -1 2 -1 31 -1 30 -1 31 -1 30 -1 30 -1 48 -2
61994;43 -1 44 -2
61995;14 -1 14 -2
61996;14 -1 2 -1 31 -1 2 -1 7 -1 43 -1 44 -2
61997;44 -1 44 -1 44 -1 44 -1 44 -1 44 -2
61998;44 -2
61999;44 -2
62000;44 -1 44 -1 44 -1 14 -1 43 -1 41 -2
62001;14 -1 41 -2
62002;41 -1 41 -2
62003;41 -1 41 -2
62004;41 -2
62005;14 -1 41 -2
62006;31 -1 30 -2
62007;30 -1 30 -1 30 -2
62008;14 -1 3 -2
62009;41 -2
62010;14 -1 2 -1 2 -1 31 -2
62011;2 -2
62012;41 -2
62013;41 -1 41 -1 41 -1 41 -1 41 -1 41 -1 43 -1 44 -1 44 -1 44 -2
62014;44 -1 44 -1 44 -1 14 -1 41 -1 41 -1 41 -1 41 -2
62015;43 -1 41 -1 41 -1 43 -1 41 -1 41 -1 41 -1 41 -2
62016;41 -2
62017;41 -1 41 -1 41 -2
62018;14 -2
62019;43 -1 44 -2
62020;44 -1 44 -1 44 -2
62021;44 -1 44 -1 44 -2
62022;14 -1 41 -1 14 -1 41 -1 41 -1 41 -1 41 -1 41 -1 41 -2
62023;41 -2
62024;41 -1 31 -1 30 -1 30 -1 30 -2
62025;41 -1 43 -1 44 -2
62026;44 -1 44 -1 14 -1 41 -2
62027;41 -1 41 -1 41 -1 41 -1 41 -2
62028;31 -1 30 -1 30 -1 30 -2
62029;14 -1 41 -2
62030;31 -1 30 -1 41 -1 41 -2
62031;41 -2
62032;31 -1 30 -1 30 -2
62033;30 -1 30 -1 30 -2
62034;30 -1 30 -1 2 -2
62035;14 -1 31 -1 30 -1 30 -2
62036;41 -2
62037;2 -2
62038;14 -2
62039;31 -1 30 -1 30 -1 30 -1 30 -1 30 -1 30 -1 30 -1 30 -1 30 -1 30 -1 30 -1 30 -1 30 -1 30 -2
62040;31 -2
62041;16 -1 31 -1 31 -1 14 -1 31 -1 30 -2
62042;30 -2
62043;16 -1 31 -1 30 -1 30 -1 31 -1 14 -1 31 -1 30 -1 18 -1 31 -1 14 -1 31 -1 30 -2
62448;14 -1 41 -2
62449;14 -2
62450;14 -2
62451;14 -1 41 -2
62452;14 -2
62453;14 -1 2 -1 2 -1 46 -1 1 -1 2 -2
62454;14 -2
62455;14 -2
62456;14 -2
62457;41 -2
62458;41 -2
62645;14 -2
62646;14 -1 41 -1 41 -2
62647;41 -1 41 -1 41 -2
62648;14 -1 41 -1 41 -1 41 -1 31 -2
62649;14 -2
62650;14 -1 41 -2
62651;14 -2
62652;14 -1 31 -1 30 -1 30 -1 30 -1 2 -1 31 -1 30 -2
62653;14 -1 2 -1 1 -1 46 -1 2 -1 2 -1 3 -2
62654;14 -1 48 -1 14 -2
62655;14 -2
62656;14 -2
62657;14 -2
62658;14 -2
63194;14 -2
63195;14 -1 14 -1 30 -2
63196;14 -2
63197;14 -2
63198;14 -2
63199;14 -1 14 -2
63200;14 -2
63201;14 -2
63202;14 -2
63203;14 -1 14 -2
63204;41 -2
63205;31 -1 30 -1 31 -1 30 -1 31 -2
63206;14 -1 14 -1 41 -2
63207;41 -2
63208;41 -2
63209;41 -1 41 -2
63210;14 -1 41 -1 41 -1 41 -2
63211;41 -2
63212;14 -1 14 -2
63213;14 -1 14 -2
63214;14 -1 14 -2
63215;14 -2
63216;14 -2
63385;14 -1 43 -1 44 -2
63386;44 -2
63387;44 -1 44 -1 44 -1 44 -1 44 -2
63388;44 -1 44 -1 44 -1 44 -1 44 -1 44 -1 44 -1 44 -1 44 -1 44 -1 14 -1 41 -1 41 -1 41 -1 41 -2
63389;41 -2
63390;14 -1 7 -2
63391;14 -2
63392;41 -2
63393;41 -2
63394;14 -2
63904;14 -2
63905;14 -2
63906;14 -1 2 -1 2 -1 41 -1 41 -2
63907;14 -1 31 -1 30 -1 31 -1 16 -1 31 -1 14 -1 43 -1 41 -1 41 -1 41 -2
63908;14 -1 14 -1 2 -1 14 -1 41 -1 41 -1 41 -2
63909;14 -1 41 -2
63910;14 -1 41 -1 31 -1 2 -1 14 -1 41 -1 41 -2
63911;43 -1 44 -1 14 -1 2 -2
63912;14 -2
63913;31 -1 2 -1 14 -1 2 -2
63914;14 -1 14 -2
63915;41 -1 2 -2
63916;14 -1 41 -1 41 -2
63917;41 -1 41 -1 41 -1 31 -1 30 -1 14 -1 41 -1 41 -1 31 -1 31 -1 48 -1 30 -1 14 -1 31 -1 30 -1 30 -1 14 -1 31 -2
63918;16 -1 31 -2
64678;14 -2
64679;14 -2
64680;41 -1 41 -1 31 -1 41 -2
64681;14 -2
64682;41 -1 41 -1 41 -1 41 -1 41 -1 41 -1 41 -1 2 -1 41 -1 41 -1 41 -2
64683;43 -1 44 -1 44 -1 44 -1 44 -1 44 -1 44 -2
64684;14 -1 41 -2
64685;41 -1 41 -2
64686;14 -1 41 -1 41 -1 41 -2
64904;14 -2
64905;2 -2
64906;2 -1 32 -1 2 -2
64907;14 -2
64908;14 -2
64909;14 -2
64910;14 -2
64911;14 -2
64912;41 -1 41 -2
64913;41 -1 41 -1 43 -1 44 -2
64914;44 -1 44 -1 14 -1 41 -1 41 -1 41 -1 43 -2
64915;44 -2
64916;44 -1 7 -1 31 -1 30 -1 30 -2
64917;44 -1 44 -1 14 -1 41 -1 41 -1 44 -2
64918;41 -1 43 -1 44 -2
64919;41 -1 41 -1 44 -2
64920;43 -1 44 -2
64921;44 -2
64922;7 -1 5 -1 5 -2
64923;31 -1 31 -1 30 -1 30 -2
64924;44 -2
64925;41 -2
64926;41 -1 41 -1 14 -2
64927;41 -2
64928;41 -2
64929;14 -1 41 -1 41 -1 2 -1 2 -1 41 -1 41 -1 41 -1 43 -1 44 -1 44 -2
64930;44 -2
64931;31 -2
64932;16 -1 31 -2
64933;44 -1 14 -2
64934;41 -2
64935;43 -1 44 -2
64936;31 -2
64937;2 -2
64938;14 -1 43 -1 44 -1 14 -1 43 -1 44 -1 14 -1 43 -1 44 -2
64939;14 -1 31 -1 30 -1 30 -1 30 -1 31 -2
64940;14 -1 31 -1 41 -2
65052;14 -1 41 -1 2 -2
65053;14 -2
65054;41 -2
65055;14 -1 41 -1 43 -1 44 -1 44 -2
65056;14 -1 41 -2
65057;41 -1 41 -1 41 -2
65058;41 -2
65059;41 -1 2 -1 2 -2
65060;14 -1 41 -1 41 -1 41 -1 41 -1 41 -1 41 -1 41 -1 41 -2
65061;41 -1 41 -1 41 -1 41 -1 31 -1 31 -1 30 -1 30 -1 41 -1 41 -1 41 -2
65062;41 -2
