47;14 -2
48;41 -2
64;14 -2
644;14 -1 14 -2
645;14 -1 14 -2
664;14 -2
665;41 -2
666;41 -2
1057;14 -1 3 -2
1155;14 -1 49 -1 49 -1 48 -2
1156;14 -1 43 -1 43 -1 44 -1 44 -1 44 -2
1157;14 -1 2 -1 14 -1 41 -1 41 -1 41 -2
1158;43 -1 43 -1 44 -2
1159;14 -1 31 -1 30 -1 30 -1 14 -2
1160;14 -1 2 -2
1161;14 -1 43 -1 44 -1 14 -2
1162;41 -2
1163;31 -1 30 -2
1236;14 -2
1237;49 -1 48 -2
1238;14 -1 41 -2
1288;14 -2
1289;14 -1 14 -1 31 -2
1290;14 -1 14 -1 41 -2
1291;14 -2
1619;14 -1 8 -1 7 -1 6 -1 6 -1 6 -1 6 -1 6 -1 6 -1 6 -1 14 -1 6 -2
1620;14 -2
1621;6 -1 41 -1 6 -1 6 -1 6 -1 6 -1 41 -2
1622;43 -1 44 -2
1623;44 -2
1624;6 -2
1625;14 -2
1626;41 -2
1627;41 -1 41 -2
1628;41 -2
1629;43 -2
1630;44 -2
1631;45 -1 14 -1 41 -2
1632;14 -1 41 -2
1633;43 -1 44 -2
1634;14 -1 41 -1 41 -2
1635;41 -1 32 -1 31 -2
2290;14 -2
2291;2 -1 41 -2
2292;14 -1 41 -1 41 -1 2 -1 2 -1 41 -2
2293;14 -1 41 -2
2294;41 -1 41 -2
2295;43 -1 44 -2
2373;14 -2
2374;14 -2
2375;14 -1 2 -2
2376;14 -2
2377;14 -2
2378;14 -2
2894;14 -2
2895;14 -2
2971;14 -1 3 -2
2972;2 -1 3 -1 2 -1 2 -2
2973;14 -1 3 -1 2 -1 1 -1 46 -1 2 -2
2974;1 -1 46 -1 2 -1 3 -1 14 -2
2975;14 -1 3 -1 14 -1 14 -1 32 -1 31 -1 14 -2
2976;14 -1 3 -1 14 -1 41 -1 43 -1 44 -1 14 -1 41 -2
2977;14 -1 32 -1 14 -1 42 -2
2978;14 -1 41 -1 31 -1 14 -1 3 -1 14 -1 45 -1 43 -1 44 -1 44 -2
2979;14 -1 3 -1 2 -1 41 -2
3126;14 -1 2 -1 14 -1 41 -2
3127;14 -2
3128;2 -2
3129;14 -2
3174;14 -2
3201;14 -2
3202;2 -1 14 -1 3 -1 14 -1 41 -2
3203;14 -2
3204;41 -2
3205;14 -1 3 -1 2 -1 41 -2
3687;14 -1 41 -1 41 -1 41 -2
3688;14 -2
3689;41 -1 2 -2
3842;14 -1 31 -1 30 -1 14 -2
3843;14 -2
3844;31 -1 30 -1 14 -1 14 -1 14 -1 41 -2
3872;14 -1 14 -1 41 -1 2 -1 14 -2
4304;14 -1 41 -1 41 -1 41 -1 41 -1 41 -1 41 -1 41 -1 41 -1 41 -1 41 -2
4305;14 -1 31 -1 30 -1 30 -1 30 -1 30 -1 30 -1 30 -2
4306;14 -1 14 -1 31 -1 30 -1 30 -1 31 -2
4307;14 -1 14 -1 31 -1 31 -1 16 -1 31 -2
4308;30 -2
4309;14 -2
4310;14 -2
4311;14 -1 31 -2
4312;14 -1 31 -1 30 -1 30 -2
4313;14 -2
4314;41 -1 41 -1 41 -1 41 -2
4315;41 -1 31 -1 30 -1 14 -1 2 -1 14 -2
4316;14 -1 41 -1 41 -1 41 -2
4400;14 -1 14 -2
4401;14 -1 41 -1 41 -1 2 -1 1 -1 46 -1 14 -1 2 -2
4402;14 -1 41 -2
4403;41 -1 41 -1 41 -2
4404;31 -1 14 -1 41 -2
4430;14 -2
4651;14 -2
4652;8 -1 7 -2
4653;6 -1 6 -2
4654;6 -2
4655;6 -1 6 -2
4656;6 -1 6 -2
4657;6 -2
4658;14 -1 31 -1 30 -1 30 -1 41 -1 41 -1 41 -1 41 -1 41 -1 41 -1 41 -1 41 -1 2 -1 41 -1 41 -1 41 -1 41 -1 41 -1 41 -1 41 -1 41 -1 41 -1 41 -1 41 -1 41 -1 41 -1 41 -1 41 -2
4659;14 -1 41 -2
4660;3 -2
4661;14 -1 41 -1 41 -1 41 -1 41 -2
4662;14 -2
4937;14 -2
4938;14 -1 2 -2
4939;14 -1 41 -2
4940;2 -2
5002;14 -1 41 -2
5003;41 -2
5004;14 -2
5005;2 -2
5006;14 -1 41 -2
5007;14 -1 41 -2
5008;41 -1 41 -1 41 -1 41 -2
5009;41 -2
5010;14 -1 41 -1 41 -2
5056;14 -1 41 -2
5057;14 -1 41 -2
5058;41 -2
5059;14 -1 2 -2
5060;49 -1 49 -1 49 -1 49 -1 49 -1 14 -1 2 -1 46 -1 1 -1 2 -2
5061;14 -1 41 -1 14 -1 41 -1 41 -2
5062;14 -1 41 -2
5063;14 -2
5149;14 -1 32 -1 31 -1 30 -1 14 -1 32 -1 31 -1 30 -2
5150;14 -1 8 -1 32 -1 31 -1 30 -1 30 -2
5151;14 -1 32 -1 31 -1 30 -2
5152;17 -1 30 -1 48 -1 17 -2
5153;14 -1 3 -2
5154;14 -1 32 -1 31 -1 30 -2
5155;14 -2
5156;14 -1 32 -1 31 -1 30 -1 14 -1 14 -1 14 -1 32 -1 31 -1 30 -1 30 -1 14 -1 3 -2
5157;14 -1 3 -1 2 -2
5158;41 -2
5159;41 -1 41 -1 43 -1 41 -2
5160;41 -2
5161;41 -1 41 -2
5162;41 -1 41 -2
5163;14 -1 43 -1 44 -1 44 -1 44 -1 44 -1 14 -1 41 -2
5164;41 -1 41 -1 41 -1 41 -1 41 -1 41 -2
5283;14 -2
5542;14 -1 14 -1 7 -1 5 -1 5 -1 14 -1 31 -1 30 -1 14 -1 31 -1 30 -1 14 -1 31 -1 30 -1 14 -1 41 -2
5543;41 -2
5544;14 -1 14 -2
5545;30 -1 14 -2
5546;31 -1 30 -1 31 -1 30 -1 31 -1 14 -2
5547;14 -1 48 -1 14 -1 14 -2
5548;41 -1 41 -1 41 -2
5549;14 -2
5550;14 -1 14 -2
5551;14 -1 49 -1 14 -2
5552;14 -1 32 -1 22 -1 22 -1 14 -2
5553;14 -1 31 -1 32 -1 31 -1 32 -1 14 -1 14 -2
5554;14 -1 14 -2
5555;14 -1 14 -2
6515;14 -1 7 -1 6 -1 6 -2
6516;6 -2
6517;6 -1 6 -2
6518;6 -2
6519;6 -2
6520;6 -1 6 -1 6 -1 6 -2
6521;6 -1 6 -2
6522;6 -1 6 -2
6523;6 -2
6524;6 -2
6525;6 -1 6 -1 6 -1 6 -2
6526;6 -2
6527;6 -2
6528;6 -2
6529;6 -2
6530;14 -1 14 -1 41 -2
6531;7 -1 5 -1 48 -2
6532;14 -1 14 -1 7 -1 5 -1 48 -2
6533;14 -1 41 -1 41 -1 41 -1 41 -2
6534;14 -1 31 -1 30 -1 30 -1 30 -2
6535;41 -2
6536;14 -1 41 -1 41 -1 41 -1 41 -2
6537;41 -2
6538;7 -1 5 -1 48 -1 49 -1 14 -2
6539;14 -2
6540;14 -1 2 -2
6541;14 -1 2 -2
6542;14 -2
6698;14 -1 2 -1 14 -1 3 -1 2 -1 14 -2
6699;14 -1 3 -1 2 -1 3 -1 2 -1 14 -1 41 -1 2 -1 3 -1 2 -1 14 -1 3 -1 14 -2
6700;14 -1 14 -1 3 -1 2 -2
6701;14 -2
6702;41 -1 41 -2
6703;41 -2
6704;41 -2
6705;14 -1 2 -1 3 -1 2 -2
6706;14 -1 2 -1 14 -1 43 -1 44 -2
6707;44 -1 44 -2
6708;44 -1 44 -1 44 -1 14 -1 41 -1 41 -2
6709;41 -1 41 -1 41 -1 41 -1 41 -1 41 -1 41 -2
6710;2 -2
6711;14 -2
6712;2 -1 3 -1 2 -1 14 -2
6713;14 -1 14 -2
6714;14 -2
6715;14 -1 3 -1 2 -2
6716;14 -2
6717;41 -2
6718;41 -2
6719;14 -2
6720;14 -2
6721;14 -1 14 -2
6722;41 -2
6723;14 -1 31 -1 14 -1 41 -1 31 -1 30 -1 31 -1 30 -1 31 -2
6724;14 -1 2 -2
6725;14 -1 8 -1 7 -1 5 -1 5 -1 8 -1 7 -1 5 -1 5 -2
6726;14 -1 41 -2
6727;41 -1 41 -2
6728;41 -2
6729;41 -2
6730;41 -2
6731;41 -1 41 -2
6866;14 -2
6867;14 -1 14 -1 2 -1 14 -2
6868;2 -1 3 -1 2 -1 14 -1 41 -2
6869;14 -1 14 -2
6870;14 -1 2 -2
6871;14 -2
6872;14 -2
6894;14 -1 30 -2
6987;17 -1 30 -1 30 -2
6988;14 -2
6989;14 -1 31 -1 14 -2
6990;14 -1 14 -2
7091;14 -1 41 -2
7092;41 -1 41 -1 41 -1 41 -1 31 -1 30 -1 31 -1 31 -1 30 -1 41 -1 41 -1 31 -1 30 -1 30 -2
7093;14 -2
7094;2 -1 31 -1 30 -1 30 -2
7095;14 -2
7096;41 -1 41 -1 41 -1 2 -2
7097;2 -2
7098;14 -1 2 -2
7099;14 -1 2 -2
7100;14 -1 2 -2
7161;14 -1 2 -1 14 -2
7162;14 -2
7163;14 -2
7164;14 -2
7165;14 -2
7198;14 -2
7199;14 -1 41 -2
7200;14 -2
7201;14 -1 2 -1 46 -1 1 -1 2 -1 14 -1 14 -1 41 -2
7978;14 -2
8658;14 -2
8659;14 -2
8660;14 -1 14 -2
8661;31 -1 30 -2
8662;14 -1 2 -2
8663;14 -2
8664;14 -1 41 -2
8665;2 -1 14 -1 14 -2
8666;14 -2
8667;14 -2
8668;14 -1 14 -2
8669;41 -2
8670;41 -1 43 -1 44 -2
8671;44 -1 44 -2
8672;44 -1 44 -2
8673;44 -1 44 -1 44 -1 14 -2
8674;2 -2
8675;14 -1 2 -2
8676;14 -2
8677;41 -2
8678;31 -1 32 -1 14 -2
8679;41 -2
8680;41 -1 41 -1 2 -2
8681;14 -2
8682;41 -1 41 -2
8683;41 -2
8684;41 -2
8685;41 -1 41 -2
8686;41 -2
8687;14 -2
8688;41 -2
8689;41 -1 41 -2
8690;41 -1 41 -2
8691;2 -2
8692;14 -1 41 -2
8693;41 -1 41 -1 41 -2
8729;14 -2
8730;41 -1 43 -1 41 -1 41 -1 41 -1 41 -1 41 -1 41 -1 41 -1 41 -1 41 -1 41 -2
8731;41 -2
8732;41 -1 41 -1 41 -1 41 -1 41 -1 41 -2
8733;41 -1 41 -2
8769;14 -2
8770;41 -1 41 -2
8771;3 -1 2 -2
8772;14 -1 3 -1 14 -1 14 -1 2 -1 14 -2
8773;14 -1 41 -1 2 -2
8774;14 -1 2 -1 2 -1 14 -1 2 -1 2 -2
8775;41 -1 38 -1 41 -2
8776;3 -2
9098;14 -2
9099;14 -2
9100;2 -1 2 -1 2 -1 14 -1 41 -2
9201;14 -2
9202;14 -2
9203;2 -2
9204;41 -2
9205;41 -1 41 -2
9206;14 -1 41 -1 41 -2
9207;41 -2
9208;41 -1 41 -2
9209;41 -1 31 -1 43 -1 44 -1 44 -1 44 -1 44 -1 44 -2
9292;2 -1 2 -2
9293;14 -2
9294;14 -2
9295;14 -1 41 -1 43 -2
9296;44 -2
9297;14 -2
9298;14 -1 41 -2
9299;14 -1 41 -2
9300;41 -1 41 -2
9301;41 -2
9302;41 -2
9351;14 -1 14 -2
9352;14 -2
9353;2 -2
9354;14 -1 41 -2
9355;2 -2
9356;48 -1 29 -1 29 -1 48 -2
9357;14 -2
9358;14 -2
9359;14 -1 2 -2
9360;2 -2
9361;14 -1 14 -1 2 -2
9837;14 -2
9838;14 -2
9839;30 -2
9945;14 -1 2 -1 14 -1 2 -1 14 -1 2 -1 31 -1 48 -1 14 -1 31 -1 31 -1 41 -1 49 -1 14 -1 3 -1 2 -1 14 -1 42 -1 31 -1 30 -1 48 -2
9946;14 -2
9947;14 -2
9948;41 -2
9949;14 -1 2 -2
9950;14 -1 2 -2
10221;14 -1 2 -1 2 -1 14 -1 41 -1 41 -1 31 -1 14 -1 2 -1 14 -1 2 -1 14 -1 2 -2
10245;14 -1 14 -1 2 -2
10246;2 -2
10247;14 -2
10248;2 -2
10249;41 -1 41 -1 2 -1 41 -1 41 -2
10250;41 -2
10251;38 -1 33 -1 41 -2
10252;41 -1 41 -2
10291;14 -1 41 -2
10292;14 -1 2 -2
10293;31 -1 30 -1 41 -2
10326;14 -2
10327;14 -1 14 -2
10328;14 -1 14 -2
10373;14 -2
10374;14 -2
10375;41 -2
10376;41 -1 41 -1 41 -1 2 -2
10377;14 -2
10378;14 -1 41 -1 43 -1 44 -2
10379;44 -2
10380;44 -2
10381;44 -1 44 -1 44 -1 44 -2
10382;14 -2
10383;41 -1 14 -1 41 -1 14 -1 41 -2
10384;41 -2
10385;41 -2
10386;41 -2
10387;41 -2
10388;41 -2
10389;41 -2
10390;41 -2
10391;41 -2
10392;2 -2
10393;14 -1 14 -1 2 -2
10472;14 -1 31 -2
10473;14 -1 31 -2
10474;14 -1 31 -1 31 -1 30 -2
10475;14 -2
10665;14 -1 31 -1 30 -2
10666;14 -1 31 -2
10667;14 -1 41 -2
10668;31 -2
10669;41 -1 41 -2
10946;14 -2
10947;14 -2
10948;14 -1 2 -2
10949;14 -2
11037;14 -1 7 -1 5 -1 5 -1 5 -2
11038;5 -1 14 -2
11039;14 -2
11040;41 -1 43 -1 44 -1 44 -1 44 -1 14 -1 43 -1 45 -1 43 -1 43 -1 44 -1 44 -1 43 -1 41 -1 41 -2
11041;41 -2
11042;14 -1 2 -1 41 -2
11043;41 -1 42 -1 14 -1 14 -1 14 -1 14 -1 14 -1 14 -2
11044;22 -1 14 -1 14 -2
11045;14 -1 42 -2
11046;14 -1 45 -1 43 -1 14 -1 3 -1 14 -1 48 -1 13 -1 29 -1 13 -1 14 -2
11047;43 -1 44 -1 14 -1 41 -2
11048;41 -2
11049;41 -1 41 -2
11050;41 -1 41 -1 41 -2
11051;30 -1 14 -1 30 -1 14 -1 41 -2
11052;41 -1 43 -1 41 -1 41 -2
11053;41 -1 41 -2
11054;41 -1 41 -1 41 -1 41 -1 41 -1 41 -1 43 -1 44 -1 44 -1 44 -1 44 -1 44 -1 45 -1 43 -1 44 -1 44 -1 44 -1 44 -2
11148;14 -1 14 -2
11149;14 -2
11333;2 -2
11339;14 -1 41 -2
12060;14 -1 2 -2
12061;41 -1 41 -2
12062;41 -1 41 -2
12063;41 -1 41 -1 41 -1 31 -1 41 -2
12064;14 -1 8 -1 7 -2
12065;6 -1 6 -2
12066;6 -2
12067;6 -1 6 -1 6 -1 6 -2
12068;6 -1 6 -1 6 -1 6 -1 6 -1 6 -2
12069;6 -1 6 -1 6 -2
12070;14 -2
12148;14 -2
12149;41 -1 14 -2
12150;2 -1 14 -2
12470;14 -2
12525;14 -2
12526;14 -1 41 -1 41 -2
12527;41 -1 41 -1 14 -1 14 -1 14 -1 41 -2
13208;14 -1 14 -1 41 -2
13209;14 -2
13210;41 -2
13211;41 -2
13212;41 -2
13213;41 -2
13214;14 -2
13215;14 -2
13216;14 -2
13217;14 -2
13218;41 -2
13219;14 -1 41 -2
13220;41 -1 41 -2
15892;14 -2
15893;31 -1 2 -2
15894;14 -2
15895;41 -1 2 -2
16015;48 -1 14 -1 41 -2
16016;41 -2
16017;41 -2
16018;41 -2
16019;43 -1 44 -2
16020;44 -2
16021;44 -2
16022;44 -2
16023;44 -2
16070;14 -1 14 -2
16071;14 -1 2 -1 14 -1 2 -1 14 -2
16177;14 -2
16178;41 -2
16179;41 -2
16180;41 -1 41 -1 31 -2
16181;41 -1 41 -1 41 -2
16182;41 -2
16183;7 -1 2 -2
16184;41 -2
16185;41 -2
16186;14 -2
16250;14 -1 48 -2
16251;14 -1 31 -2
16252;14 -2
16253;41 -2
16254;2 -2
16255;41 -2
16256;41 -1 41 -2
16257;41 -2
16258;14 -2
16259;14 -2
16260;14 -1 41 -2
16261;43 -1 44 -1 44 -1 44 -1 44 -2
16338;14 -2
16339;14 -1 41 -1 41 -2
16340;41 -2
16341;41 -1 41 -1 41 -1 14 -1 41 -2
16342;41 -2
16343;14 -1 31 -1 30 -2
16344;31 -2
16345;16 -1 31 -1 30 -1 31 -2
16346;14 -2
16347;41 -2
16348;31 -1 30 -2
16349;31 -1 30 -2
16350;31 -1 30 -1 14 -2
16351;14 -1 31 -2
17485;14 -1 2 -2
17486;14 -2
17487;2 -2
17488;14 -1 14 -1 41 -1 41 -1 2 -2
17489;14 -2
17490;14 -2
17491;14 -1 43 -1 41 -1 2 -2
17492;43 -1 44 -2
17493;44 -1 44 -2
17494;44 -2
17495;44 -2
17496;44 -1 44 -2
17497;14 -1 41 -2
17498;41 -2
17499;41 -1 41 -2
18484;14 -1 2 -2
18485;14 -2
18486;14 -1 2 -1 3 -1 41 -2
18487;41 -2
18488;41 -1 41 -2
18489;41 -2
18490;41 -2
18491;14 -1 3 -1 14 -2
18492;14 -1 41 -2
18493;42 -1 41 -2
18611;14 -2
18612;14 -2
18613;14 -2
18614;2 -2
21045;14 -2
21046;2 -1 41 -2
21047;41 -1 41 -1 41 -1 41 -1 41 -1 41 -2
21048;41 -2
21049;14 -1 41 -1 2 -1 14 -1 2 -2
21419;14 -1 2 -1 41 -1 2 -2
21420;14 -1 2 -2
21421;43 -1 44 -1 44 -2
21422;14 -1 2 -1 14 -1 2 -2
21423;14 -1 2 -1 14 -1 41 -1 41 -1 41 -1 41 -1 41 -1 41 -1 41 -1 41 -1 41 -1 41 -1 41 -1 43 -2
21424;14 -1 41 -1 31 -2
21425;14 -1 41 -1 41 -1 41 -1 2 -1 14 -1 2 -2
21426;41 -2
21427;14 -2
21765;14 -2
21766;14 -2
21767;14 -2
21768;41 -1 41 -1 41 -1 14 -2
21769;41 -2
21770;14 -2
21771;14 -1 41 -2
21836;14 -2
21837;14 -2
21838;14 -2
21839;14 -1 2 -1 1 -1 46 -1 2 -2
21900;14 -2
21987;14 -1 3 -1 2 -2
21988;14 -1 41 -1 41 -2
21989;41 -2
21990;7 -1 5 -1 5 -1 5 -1 5 -2
21991;14 -1 43 -1 44 -2
21992;2 -2
22216;14 -1 2 -1 2 -1 2 -2
22217;14 -2
22218;14 -2
22219;14 -1 2 -1 46 -1 1 -2
22220;2 -2
22221;14 -2
23094;14 -2
23095;31 -1 14 -1 41 -2
23513;14 -1 2 -2
23514;14 -2
23515;14 -2
23516;14 -1 14 -1 2 -2
23517;14 -1 14 -1 31 -1 30 -1 30 -1 31 -1 31 -1 30 -1 30 -1 30 -1 41 -2
23518;31 -1 14 -1 41 -2
23519;41 -1 41 -1 41 -1 41 -1 41 -1 41 -2
23520;41 -1 41 -1 41 -2
23521;41 -2
23522;41 -1 41 -2
23523;41 -1 41 -1 41 -1 41 -1 41 -2
23524;14 -2
23525;43 -1 44 -1 44 -1 14 -1 41 -1 41 -2
23526;41 -2
23527;41 -1 7 -1 5 -1 5 -2
23528;14 -1 2 -2
23529;14 -1 14 -1 49 -1 49 -1 48 -1 48 -1 29 -1 29 -1 29 -1 29 -1 48 -1 48 -2
23530;29 -2
23531;14 -1 41 -2
23532;43 -1 44 -2
23533;44 -1 44 -1 14 -1 41 -1 41 -1 41 -1 41 -1 41 -1 41 -2
23534;14 -1 14 -2
23535;41 -1 41 -1 43 -1 44 -1 44 -2
23536;14 -1 44 -1 14 -1 31 -1 31 -1 30 -1 30 -1 30 -2
23537;48 -1 48 -2
23538;14 -2
23539;2 -2
23540;14 -2
23700;14 -2
24050;14 -2
24408;14 -2
24409;14 -1 45 -1 3 -1 14 -2
24410;14 -2
24411;14 -1 2 -2
24558;14 -2
24559;41 -2
24560;41 -2
24561;41 -1 7 -1 5 -1 5 -1 5 -1 14 -2
24562;31 -1 14 -2
24563;14 -2
24564;41 -1 43 -1 44 -1 43 -1 14 -1 41 -2
24565;41 -2
24566;41 -1 41 -2
24567;41 -2
24568;41 -2
24569;14 -2
24570;41 -1 41 -2
24571;43 -1 14 -1 41 -1 41 -1 41 -1 41 -2
24572;41 -1 14 -1 41 -1 41 -1 41 -1 41 -1 41 -1 41 -1 41 -1 14 -1 41 -1 41 -1 41 -1 41 -1 41 -1 41 -1 14 -1 41 -1 41 -1 41 -1 41 -2
24573;41 -1 41 -2
24574;14 -1 7 -1 6 -1 6 -2
24575;6 -2
24576;6 -1 14 -2
24667;14 -1 41 -2
24668;31 -1 41 -1 41 -1 41 -1 41 -2
24669;41 -2
24670;41 -1 31 -1 7 -1 5 -1 5 -2
24671;14 -1 32 -1 31 -1 30 -1 30 -1 30 -1 30 -2
24672;14 -2
24673;41 -1 43 -1 44 -2
24674;44 -2
24675;44 -2
24676;44 -2
24677;44 -2
24678;44 -2
24679;14 -1 41 -2
24680;43 -1 44 -2
24681;14 -1 41 -2
24682;41 -1 41 -2
24683;41 -2
24684;41 -2
24685;14 -1 41 -1 41 -2
24686;41 -2
24687;41 -1 41 -2
24688;41 -1 41 -2
24689;14 -1 41 -2
24690;14 -1 41 -2
24691;41 -1 41 -1 41 -1 41 -1 41 -1 41 -2
24930;14 -2
24931;41 -2
24970;14 -1 41 -1 41 -2
24971;14 -2
24972;14 -1 14 -2
24973;14 -1 2 -1 2 -1 2 -1 2 -2
24974;2 -2
24975;2 -1 38 -1 39 -1 14 -1 41 -2
24976;14 -2
24977;41 -1 41 -2
24978;43 -1 44 -2
24979;44 -2
24980;44 -2
24981;44 -2
24982;44 -2
24983;44 -2
24984;41 -2
24985;41 -2
24986;41 -2
25216;14 -2
25217;14 -1 49 -1 49 -1 49 -1 14 -1 14 -2
25218;14 -2
25270;14 -2
25271;41 -1 41 -1 41 -1 14 -2
25272;14 -2
25273;14 -2
25274;31 -1 14 -1 31 -1 31 -1 30 -1 30 -1 30 -1 31 -1 30 -2
25497;14 -2
25498;14 -2
25499;14 -2
25500;14 -2
25501;2 -2
25502;14 -2
25503;14 -2
25504;14 -2
25505;14 -1 31 -1 2 -1 31 -2
25506;14 -1 2 -1 14 -1 31 -1 41 -2
25507;31 -1 30 -1 14 -1 2 -2
25508;14 -2
25509;14 -2
26654;14 -2
26655;14 -2
26656;2 -2
26657;3 -1 14 -2
26658;2 -2
26659;14 -1 2 -2
26660;14 -2
26661;41 -1 41 -2
26662;41 -2
26663;41 -2
26664;41 -2
26665;41 -2
26788;14 -1 41 -2
27040;14 -2
27564;14 -1 14 -2
28101;14 -1 31 -1 30 -1 14 -1 3 -2
28102;14 -2
28103;2 -2
28104;2 -2
28105;14 -1 3 -1 2 -2
28106;14 -1 41 -1 41 -2
28107;41 -2
28108;41 -1 41 -2
28109;41 -2
28110;14 -1 3 -1 2 -1 2 -2
28111;14 -1 41 -1 41 -1 41 -1 41 -1 41 -1 41 -1 41 -2
28112;31 -1 30 -2
28113;14 -1 41 -1 2 -2
28114;14 -1 41 -1 41 -2
28115;14 -1 3 -1 2 -2
28116;14 -1 41 -1 41 -1 41 -1 43 -1 41 -1 41 -1 41 -1 44 -2
28117;31 -1 30 -2
28118;14 -1 32 -1 31 -1 30 -1 31 -2
28119;16 -1 31 -1 30 -2
28120;28 -1 30 -1 31 -2
28121;30 -1 28 -1 30 -2
28122;30 -2
28123;14 -1 32 -1 14 -1 31 -1 30 -2
28230;14 -2
28307;14 -2
28308;14 -1 14 -2
28309;14 -1 14 -2
28310;14 -2
28311;14 -1 41 -2
28312;41 -2
28313;41 -2
28314;14 -2
28315;41 -1 41 -2
28316;14 -2
28317;41 -2
28318;41 -2
28319;41 -2
28320;41 -2
28321;41 -1 41 -2
28322;41 -2
28323;41 -2
28324;41 -2
28325;41 -2
28326;41 -2
28327;7 -1 14 -1 41 -2
28328;41 -2
28329;2 -2
28516;14 -2
28517;14 -1 31 -2
28518;14 -2
28519;14 -1 14 -2
29180;14 -1 41 -1 41 -1 41 -1 41 -2
29181;41 -1 41 -1 41 -1 41 -2
29182;14 -2
29183;14 -1 14 -2
29184;14 -2
29185;14 -2
29186;14 -1 14 -2
29187;14 -1 14 -1 41 -2
29188;14 -1 41 -2
29189;14 -2
29190;14 -2
29191;38 -2
29192;41 -2
29302;14 -1 2 -2
29303;14 -2
29304;41 -2
29305;41 -2
29306;41 -1 41 -2
29307;41 -2
29308;41 -1 41 -2
29309;41 -2
29310;41 -2
29311;41 -1 41 -1 41 -2
29312;2 -2
29313;14 -2
29314;41 -1 41 -2
29315;3 -2
29488;14 -1 3 -1 14 -1 8 -1 7 -1 5 -1 5 -1 14 -1 14 -2
29489;14 -1 3 -2
29490;14 -1 3 -1 14 -2
29491;14 -1 14 -1 2 -1 41 -1 43 -1 44 -1 14 -1 31 -2
29492;41 -1 41 -2
29493;41 -1 41 -2
29494;41 -1 41 -2
29495;41 -1 41 -1 41 -1 41 -2
29496;41 -1 41 -2
29497;41 -1 41 -1 41 -2
29791;14 -1 3 -1 2 -1 2 -2
29827;14 -1 3 -2
30495;14 -2
31303;14 -2
31449;14 -1 2 -2
31450;14 -2
31451;31 -1 14 -2
31452;14 -2
31453;14 -1 14 -2
31454;2 -2
31653;14 -2
31654;41 -1 43 -1 44 -2
31655;44 -2
31656;44 -2
31657;44 -2
31658;14 -1 7 -2
31659;6 -1 6 -1 6 -2
31660;6 -1 6 -1 6 -2
31661;6 -1 6 -1 6 -1 6 -2
31662;6 -1 6 -1 6 -1 6 -2
31663;6 -2
31664;6 -1 6 -2
31665;6 -1 6 -1 6 -1 6 -2
31666;6 -1 6 -1 6 -1 6 -2
31667;6 -2
31668;6 -1 6 -2
31669;6 -1 6 -2
31670;6 -2
31671;6 -2
31672;6 -1 6 -1 6 -2
31673;6 -2
31674;6 -1 6 -2
31675;6 -2
31676;6 -2
31677;6 -2
31678;6 -1 6 -1 6 -1 14 -2
31679;7 -1 14 -2
31680;31 -1 30 -2
31681;16 -1 31 -2
31682;14 -1 31 -1 30 -2
31683;14 -2
31684;14 -2
31685;14 -2
31686;31 -1 30 -1 14 -1 31 -1 30 -1 30 -2
31687;17 -1 30 -2
31688;14 -2
31689;31 -1 30 -2
31690;14 -1 2 -2
31691;14 -2
31692;14 -2
31693;31 -1 30 -1 14 -1 31 -1 30 -2
31694;14 -1 41 -1 41 -2
31695;41 -1 41 -1 41 -1 41 -1 41 -2
31696;41 -2
31697;41 -1 41 -1 41 -1 41 -2
31698;41 -2
31699;14 -1 14 -1 2 -2
31700;14 -1 14 -2
31701;2 -1 14 -1 14 -2
31702;31 -1 30 -2
31703;17 -1 30 -1 31 -2
31704;16 -1 31 -1 30 -1 14 -2
31705;14 -1 30 -1 48 -2
31706;14 -2
31707;14 -2
31708;31 -2
31709;16 -1 31 -2
31710;30 -1 14 -2
31711;14 -2
31712;26 -1 31 -1 31 -1 30 -2
31713;30 -1 30 -1 14 -2
31714;14 -1 2 -1 14 -1 31 -1 30 -2
31715;14 -2
31716;14 -1 14 -2
31717;41 -2
31718;14 -1 30 -1 31 -1 30 -1 30 -1 14 -2
31848;14 -1 41 -2
31849;14 -1 14 -1 2 -1 14 -1 14 -1 14 -2
31850;14 -1 41 -2
31851;2 -1 14 -2
31852;41 -2
31853;41 -1 41 -2
31854;41 -2
31855;41 -2
31856;31 -1 30 -1 31 -1 30 -1 30 -1 41 -2
31857;41 -1 41 -2
31858;41 -1 43 -1 44 -2
31859;14 -2
31860;41 -1 41 -2
31861;41 -2
31862;41 -1 41 -2
31863;41 -1 41 -2
31864;41 -2
31865;41 -1 41 -2
31866;31 -1 30 -2
31867;14 -1 41 -1 41 -2
31868;14 -1 41 -2
31977;14 -2
31978;41 -1 2 -1 14 -2
31979;43 -1 44 -1 44 -1 44 -1 14 -2
31980;14 -1 41 -2
31981;43 -1 44 -1 44 -1 14 -1 43 -1 44 -2
31982;14 -2
31983;41 -1 41 -1 41 -2
31984;14 -2
31985;41 -1 41 -1 41 -1 41 -1 41 -1 41 -1 41 -2
31986;41 -1 41 -1 41 -2
31987;41 -1 41 -2
31988;41 -2
31989;41 -1 41 -1 41 -1 41 -1 31 -2
31990;14 -2
31991;14 -1 41 -2
31992;2 -1 14 -2
32109;14 -1 41 -2
32110;41 -1 41 -2
32111;41 -1 41 -2
32112;41 -2
32113;41 -1 41 -2
32114;41 -1 41 -2
32115;41 -1 43 -1 44 -2
32116;14 -2
32117;14 -1 41 -2
32191;14 -1 14 -2
32192;14 -1 2 -1 2 -2
32193;14 -2
32194;14 -1 14 -1 3 -2
32195;14 -1 3 -1 2 -2
32196;46 -1 1 -1 2 -2
32197;14 -2
32272;14 -1 14 -2
32273;14 -1 2 -1 14 -1 3 -1 14 -1 42 -2
32274;14 -1 14 -1 42 -1 41 -1 41 -2
32275;14 -1 38 -1 33 -2
32276;14 -2
32277;14 -2
32278;14 -1 14 -2
32279;3 -1 2 -1 1 -1 46 -1 2 -1 14 -2
32280;14 -2
32324;14 -2
32325;14 -1 3 -1 2 -2
32326;14 -1 41 -2
32327;14 -2
32512;14 -2
32513;14 -1 49 -1 48 -2
32514;14 -2
32515;14 -1 43 -1 44 -1 14 -1 43 -1 44 -1 44 -1 44 -1 44 -1 44 -1 44 -1 14 -1 41 -2
32516;14 -2
32517;14 -1 14 -1 2 -2
32518;14 -1 41 -1 41 -2
32519;41 -1 41 -1 43 -1 44 -1 44 -1 14 -2
33715;14 -1 31 -2
33716;41 -2
33717;41 -2
33718;41 -2
33921;14 -1 31 -1 30 -1 14 -2
33922;14 -2
33923;7 -1 14 -2
33924;14 -1 7 -1 6 -1 6 -2
33925;6 -2
33926;6 -1 6 -2
33927;6 -2
33928;6 -2
33929;6 -2
33930;6 -2
33931;6 -2
33932;6 -2
33933;6 -2
33934;6 -2
33935;6 -2
33936;14 -2
33937;31 -1 30 -1 14 -2
33938;14 -1 31 -1 30 -1 31 -1 30 -2
33939;14 -1 31 -1 30 -1 32 -1 14 -1 31 -1 30 -1 14 -2
33940;14 -1 14 -2
33941;14 -2
33942;14 -2
33943;14 -1 41 -2
33944;41 -1 41 -2
33945;31 -2
33946;16 -1 31 -1 14 -2
33947;41 -1 41 -2
33948;41 -1 14 -2
33949;41 -1 41 -2
33950;14 -1 41 -1 41 -2
33951;41 -1 38 -1 14 -1 41 -1 41 -2
33952;41 -1 41 -1 41 -2
33953;31 -1 30 -1 32 -1 14 -1 31 -1 30 -2
33954;14 -1 14 -1 41 -1 41 -2
33955;41 -1 31 -1 14 -1 41 -2
33956;41 -1 41 -2
33957;31 -2
33958;16 -1 31 -2
34388;14 -1 2 -2
34389;3 -2
34561;14 -2
34562;14 -2
34600;14 -1 41 -2
34601;43 -1 44 -2
34602;44 -2
34603;44 -1 44 -2
34604;44 -1 44 -2
34605;44 -1 45 -1 14 -2
34606;7 -1 7 -2
34607;14 -1 41 -2
34608;14 -2
34609;41 -1 31 -1 14 -2
34610;41 -1 41 -1 31 -1 14 -1 41 -1 41 -2
34611;14 -1 43 -1 44 -1 44 -1 41 -1 41 -1 14 -1 41 -1 41 -2
34612;2 -2
34613;14 -1 41 -1 41 -2
34614;41 -2
34615;41 -2
34616;41 -1 41 -1 41 -1 41 -2
34617;14 -1 41 -1 41 -2
34618;41 -1 14 -1 41 -2
34619;41 -2
34702;14 -1 49 -1 49 -1 14 -2
34703;31 -1 30 -1 48 -2
34704;14 -1 31 -1 14 -1 31 -1 30 -1 14 -2
34705;14 -1 49 -2
34821;14 -2
34822;14 -2
34940;14 -1 14 -2
34941;41 -1 41 -2
34942;41 -2
34943;41 -2
34944;41 -2
34945;41 -1 41 -2
34946;14 -1 14 -2
34947;14 -2
34948;14 -1 14 -2
34949;14 -1 41 -1 41 -2
34950;48 -2
34951;41 -1 14 -2
34952;41 -2
34953;14 -2
34954;32 -1 31 -1 31 -2
34955;16 -1 31 -2
34956;14 -1 32 -1 31 -1 31 -1 32 -1 31 -1 14 -1 32 -1 31 -1 31 -1 30 -2
34957;14 -1 41 -2
34958;41 -2
34959;41 -2
34960;43 -1 44 -1 44 -1 44 -2
34961;44 -1 14 -1 41 -2
34962;41 -2
34963;41 -2
34964;41 -1 43 -1 44 -1 44 -1 41 -1 41 -1 41 -2
34965;41 -2
34966;41 -2
34967;41 -2
34968;41 -2
34969;41 -2
34970;2 -2
34971;14 -1 2 -2
34972;1 -1 46 -1 2 -1 14 -2
35299;14 -1 3 -1 2 -1 3 -1 2 -2
35300;3 -1 2 -1 14 -2
35301;41 -1 41 -2
35302;41 -2
35303;2 -1 14 -1 41 -2
35747;14 -2
35748;49 -1 14 -1 49 -1 49 -1 48 -2
35749;14 -2
35750;14 -2
35751;7 -1 6 -1 6 -2
35752;14 -2
35753;48 -2
35754;14 -2
35755;14 -2
35756;14 -2
35757;2 -2
35758;14 -2
35759;14 -2
35760;2 -1 14 -2
35761;41 -2
35762;43 -1 44 -2
35763;44 -2
35764;44 -1 44 -1 44 -1 44 -1 44 -1 14 -1 41 -1 41 -1 41 -1 41 -1 41 -1 41 -1 41 -1 41 -2
35765;41 -1 41 -2
35766;41 -1 41 -1 41 -1 41 -1 41 -1 41 -1 41 -1 41 -1 41 -1 41 -1 41 -1 41 -2
35767;14 -2
35768;41 -2
35769;41 -2
35770;14 -2
35771;14 -2
35772;41 -2
35773;14 -1 41 -1 41 -2
35774;41 -2
35775;41 -2
35776;41 -2
35777;41 -2
35778;14 -2
36032;14 -2
36033;14 -1 41 -2
36034;14 -2
36035;14 -2
36271;14 -1 14 -2
36272;41 -2
36273;41 -2
36908;2 -2
36947;14 -2
37159;14 -1 31 -1 30 -1 31 -2
37160;14 -2
37161;14 -2
37162;14 -1 41 -1 38 -2
37535;14 -1 41 -1 41 -2
37536;43 -1 43 -1 44 -1 44 -1 44 -1 44 -1 14 -2
37537;14 -1 43 -1 43 -1 44 -1 44 -1 44 -1 14 -2
37538;41 -2
37539;41 -2
37540;41 -1 41 -2
37541;14 -1 31 -1 41 -2
37542;41 -2
37543;14 -1 41 -2
37657;14 -1 48 -1 13 -1 48 -1 29 -1 48 -2
37658;14 -2
37659;14 -1 41 -2
37660;41 -2
38805;14 -1 41 -2
38806;41 -2
38807;14 -1 3 -1 2 -1 3 -1 14 -1 3 -1 14 -1 41 -2
38808;41 -2
38809;41 -2
38810;41 -2
38811;41 -1 41 -2
38812;41 -2
38813;41 -2
38814;14 -1 41 -1 41 -2
38815;41 -2
38816;14 -2
38817;41 -2
38818;31 -2
39119;14 -2
39120;41 -1 41 -2
39121;31 -1 14 -2
39122;41 -2
39123;7 -2
39124;30 -1 31 -1 30 -1 14 -2
39125;14 -2
39126;14 -2
39127;41 -2
39128;31 -2
39129;14 -1 49 -1 48 -2
39130;49 -1 48 -1 49 -1 48 -1 49 -1 14 -2
39131;41 -2
39132;41 -1 41 -1 41 -1 41 -2
39133;14 -1 41 -2
39134;41 -2
39135;41 -2
39136;41 -2
39137;14 -1 41 -1 41 -2
39207;14 -1 41 -2
39208;14 -2
39209;14 -2
39210;14 -1 41 -1 38 -1 41 -2
39211;41 -1 41 -2
39212;41 -1 41 -1 41 -1 31 -2
39213;41 -1 41 -2
39436;14 -2
39437;14 -2
39438;14 -2
39439;41 -2
39648;14 -1 14 -1 41 -1 31 -1 30 -1 31 -1 30 -1 31 -1 30 -1 31 -1 14 -2
39649;14 -1 14 -1 41 -2
39705;14 -2
39706;14 -2
39707;41 -1 41 -2
39708;41 -1 41 -1 41 -1 41 -1 41 -2
39709;41 -1 41 -1 41 -2
39710;31 -1 30 -1 30 -1 14 -2
39711;41 -1 41 -1 41 -2
39712;41 -1 41 -1 41 -2
39713;2 -2
39714;14 -2
39715;43 -1 41 -2
39716;38 -1 14 -1 14 -1 49 -1 49 -1 49 -1 14 -2
40676;14 -2
40677;2 -2
40678;14 -1 2 -1 46 -1 1 -1 2 -2
41151;14 -1 41 -2
41152;14 -2
41153;2 -1 14 -1 41 -2
41154;41 -2
41155;41 -2
41156;14 -1 2 -1 14 -2
41157;41 -2
41158;41 -2
41159;41 -1 41 -1 41 -2
41160;41 -1 41 -2
41161;41 -1 41 -1 41 -2
41162;41 -1 41 -2
41163;41 -1 41 -2
41164;41 -1 41 -1 41 -1 41 -1 41 -2
41165;14 -1 2 -1 14 -1 41 -2
41166;41 -2
41167;41 -2
41168;14 -1 2 -2
41246;14 -2
41247;14 -1 2 -2
41248;14 -2
41249;14 -2
41441;14 -1 14 -2
41442;14 -1 14 -1 31 -1 30 -1 32 -1 31 -1 16 -1 31 -2
41443;14 -2
41444;14 -1 2 -1 14 -2
41445;14 -2
41446;2 -1 3 -1 2 -1 3 -1 2 -1 3 -1 2 -1 14 -2
41447;14 -2
41448;14 -1 14 -2
41449;31 -1 14 -2
41450;14 -1 2 -2
41451;14 -2
41452;14 -1 31 -1 30 -1 30 -1 31 -1 32 -1 31 -2
41453;14 -2
41454;14 -2
41642;14 -2
41643;30 -1 14 -1 2 -1 14 -2
41644;14 -1 2 -1 14 -1 14 -2
41645;41 -1 41 -2
41646;41 -2
41647;41 -1 41 -2
41648;41 -2
41649;41 -2
41650;41 -1 41 -1 41 -1 41 -1 41 -2
41651;14 -2
41652;14 -1 41 -1 41 -2
41653;41 -1 41 -2
41654;14 -1 41 -2
41655;41 -2
41656;41 -1 41 -2
41657;41 -1 41 -1 41 -1 41 -2
41658;41 -2
41659;41 -1 41 -2
41660;41 -2
41661;31 -1 30 -1 31 -1 30 -1 31 -1 30 -1 14 -1 41 -1 41 -1 41 -1 41 -1 41 -1 41 -2
41662;41 -2
41663;41 -2
41664;41 -2
41665;41 -2
41666;41 -1 41 -2
41667;41 -2
41668;41 -1 41 -2
41669;41 -1 41 -1 41 -1 41 -1 41 -2
41670;41 -2
41671;41 -1 41 -1 41 -1 41 -1 41 -1 41 -1 41 -1 41 -1 41 -2
41672;14 -1 41 -1 41 -2
41673;41 -2
41674;41 -2
41675;41 -1 41 -2
41676;41 -1 41 -1 41 -1 41 -1 41 -2
41677;41 -1 41 -1 41 -1 41 -2
41678;41 -2
41679;41 -2
41680;41 -1 41 -2
41681;41 -1 41 -1 41 -2
41682;41 -2
41683;41 -2
41684;41 -2
41685;41 -2
41686;14 -2
41687;14 -1 32 -1 31 -1 30 -1 14 -1 41 -1 41 -2
41688;41 -2
41689;32 -1 31 -1 30 -1 14 -2
41690;14 -1 41 -1 41 -1 41 -2
41691;31 -1 30 -1 48 -1 49 -1 14 -1 30 -2
41692;14 -2
41693;14 -1 41 -1 41 -2
41694;41 -1 41 -1 41 -1 41 -2
41695;14 -1 41 -1 41 -2
41696;41 -2
41697;41 -2
41698;41 -1 41 -2
41699;14 -2
41700;32 -1 31 -1 31 -1 30 -2
41891;14 -2
41892;2 -1 2 -1 14 -2
41893;14 -1 2 -2
41894;14 -1 41 -2
41895;14 -1 3 -1 14 -1 38 -1 14 -1 14 -2
42201;14 -1 14 -1 41 -1 41 -1 31 -1 30 -1 31 -1 30 -1 14 -1 41 -1 41 -1 41 -1 41 -1 41 -2
42202;41 -2
42203;41 -1 41 -1 41 -1 41 -2
42204;41 -1 41 -2
42205;31 -1 41 -1 41 -1 41 -1 41 -1 41 -1 41 -1 41 -1 41 -1 41 -2
42206;14 -1 3 -2
42207;14 -1 14 -1 2 -2
42208;14 -1 2 -1 2 -1 38 -1 2 -2
42209;38 -1 14 -1 41 -2
42210;14 -1 41 -1 41 -1 41 -1 2 -1 41 -1 2 -2
42332;14 -1 2 -1 31 -1 30 -1 30 -2
42333;7 -1 5 -1 41 -2
42334;14 -2
42335;31 -2
42336;30 -2
42337;30 -2
42338;31 -2
42339;30 -2
42687;14 -2
43309;30 -1 14 -2
43310;41 -2
43311;14 -2
43434;14 -2
43435;14 -1 14 -2
43436;2 -1 3 -1 2 -2
43437;14 -2
43716;14 -2
43717;14 -1 41 -1 41 -1 41 -1 41 -1 41 -1 41 -1 41 -1 41 -1 41 -1 41 -1 41 -1 41 -1 41 -2
43718;41 -1 41 -2
43719;14 -2
43720;14 -2
43721;14 -2
43722;14 -2
43723;41 -2
43724;14 -2
43725;14 -2
43726;14 -1 41 -1 2 -1 1 -1 46 -1 2 -2
43777;14 -1 3 -2
43778;41 -2
43779;2 -2
43780;41 -2
43781;14 -2
43782;14 -2
44230;14 -1 14 -2
44301;14 -1 41 -1 41 -2
44302;14 -2
44303;41 -2
44304;41 -2
44305;41 -2
44306;14 -2
44307;14 -2
44460;14 -2
44461;14 -1 3 -1 14 -2
44462;14 -1 41 -1 41 -2
44463;14 -2
44464;14 -1 32 -1 31 -1 30 -1 30 -1 30 -1 30 -1 32 -1 31 -1 30 -1 32 -2
44465;14 -1 14 -2
44466;14 -2
44467;14 -2
44468;41 -2
44469;14 -1 41 -1 41 -2
44470;41 -1 41 -2
44471;41 -2
44472;41 -1 41 -2
44473;41 -2
44474;31 -1 30 -1 32 -1 31 -1 30 -1 31 -1 30 -1 31 -1 14 -1 41 -1 41 -1 41 -1 41 -1 41 -2
44690;14 -1 41 -1 41 -1 41 -1 41 -2
44691;41 -1 41 -1 41 -2
44692;14 -1 2 -1 1 -1 46 -1 2 -2
44693;46 -1 1 -1 2 -2
44694;14 -2
45143;14 -1 41 -1 43 -1 41 -2
45294;14 -1 2 -1 2 -2
45295;14 -1 2 -2
45296;14 -1 48 -2
45309;14 -1 41 -2
45310;41 -1 41 -1 41 -1 41 -1 31 -1 48 -1 48 -1 48 -1 14 -1 31 -1 48 -1 48 -1 31 -1 41 -1 41 -2
45311;43 -1 44 -1 44 -2
45312;14 -2
45708;41 -2
46546;14 -2
46658;14 -1 48 -1 48 -1 47 -2
47006;14 -2
47007;14 -1 2 -1 14 -1 2 -1 2 -1 3 -1 2 -1 3 -1 2 -1 14 -1 2 -1 14 -2
47008;14 -2
47169;2 -2
47238;14 -1 14 -1 2 -2
47239;14 -2
47240;41 -1 41 -1 41 -1 41 -1 31 -1 30 -1 31 -1 30 -1 14 -2
47241;14 -1 41 -2
47242;41 -1 41 -1 41 -1 41 -2
47243;41 -2
47244;14 -2
47245;14 -2
47246;2 -1 14 -1 2 -2
47247;14 -2
47248;14 -1 2 -2
47410;14 -2
47411;14 -1 14 -1 14 -1 14 -2
47412;14 -1 41 -2
47413;14 -1 41 -1 41 -1 41 -2
47414;41 -2
47415;31 -1 31 -1 30 -2
47416;14 -2
47417;41 -1 41 -2
47418;41 -1 2 -2
47419;41 -2
47602;14 -1 14 -1 41 -2
47603;14 -1 48 -2
47604;14 -1 3 -1 2 -1 41 -2
47688;14 -1 3 -2
48459;3 -1 14 -1 14 -1 41 -2
48460;14 -1 3 -1 32 -1 42 -2
48461;14 -2
48462;14 -2
48660;14 -1 3 -1 41 -2
48661;14 -1 31 -2
48662;31 -1 30 -1 30 -1 30 -1 31 -1 30 -1 30 -2
48663;14 -1 14 -2
48664;14 -1 41 -2
48665;14 -1 41 -1 43 -2
48837;14 -1 14 -1 32 -1 31 -1 30 -1 14 -1 41 -1 41 -2
48838;14 -2
48839;14 -1 8 -1 7 -1 14 -1 14 -1 6 -1 32 -1 31 -1 30 -2
48840;30 -2
48841;6 -2
48842;14 -1 32 -1 31 -1 30 -2
48843;30 -2
48844;17 -1 30 -1 32 -1 31 -1 30 -1 31 -1 30 -2
48845;6 -2
48846;14 -2
48847;32 -1 31 -1 14 -2
48848;14 -1 32 -1 31 -1 30 -1 31 -1 30 -1 31 -1 32 -1 31 -1 30 -1 31 -1 30 -1 32 -1 31 -1 30 -1 14 -1 3 -1 14 -2
48849;14 -1 49 -2
48850;48 -2
48851;29 -2
48852;14 -1 3 -1 14 -1 32 -1 31 -1 30 -1 14 -2
48853;14 -2
48854;32 -1 31 -1 30 -2
48855;17 -1 30 -1 31 -1 30 -1 17 -1 30 -1 32 -1 14 -1 14 -2
48856;14 -1 2 -1 3 -1 14 -2
48857;14 -1 32 -1 31 -1 30 -2
48858;30 -1 14 -1 8 -1 7 -1 5 -1 5 -2
48859;14 -1 3 -2
48860;14 -1 32 -1 31 -1 30 -1 14 -2
48861;14 -1 3 -1 2 -1 46 -1 1 -1 2 -1 3 -1 14 -2
48862;14 -1 3 -1 2 -1 2 -1 14 -2
48863;14 -1 32 -1 31 -1 14 -1 31 -1 32 -1 14 -1 49 -1 48 -1 13 -1 14 -2
48864;14 -1 3 -1 14 -2
48865;14 -2
48866;14 -1 3 -1 14 -1 14 -1 49 -1 48 -2
48867;14 -2
48868;14 -2
48869;14 -2
48870;14 -1 41 -1 38 -1 33 -2
48871;36 -1 36 -1 37 -1 34 -1 38 -1 14 -1 41 -1 41 -1 14 -2
48872;14 -1 14 -2
48873;14 -1 3 -1 14 -1 41 -2
50492;14 -1 14 -2
50493;31 -1 41 -2
50494;14 -1 14 -2
50495;14 -2
50496;14 -1 3 -1 14 -1 49 -1 49 -1 48 -1 14 -1 31 -1 30 -1 7 -1 5 -1 5 -1 5 -1 5 -1 5 -2
50497;14 -2
50498;14 -1 14 -1 42 -1 41 -1 31 -1 14 -2
50499;14 -1 14 -2
50500;14 -1 41 -1 43 -1 44 -2
50501;44 -2
50502;44 -2
50503;44 -2
50504;14 -2
50505;41 -1 41 -1 41 -2
50506;41 -1 41 -1 41 -2
50507;41 -2
50508;41 -2
50509;31 -1 14 -2
50510;31 -1 31 -1 30 -2
50511;41 -2
50512;41 -2
50513;31 -1 30 -2
50514;41 -1 41 -1 41 -1 41 -2
50515;41 -2
50516;41 -2
50517;31 -2
50518;30 -2
50519;30 -2
50520;30 -2
50521;14 -2
50522;41 -2
50523;31 -2
50524;14 -2
50525;41 -2
50526;41 -2
50527;41 -2
50528;41 -2
50529;41 -2
50530;41 -1 41 -1 41 -1 41 -1 31 -2
50531;30 -2
50532;30 -2
50533;41 -2
50534;41 -1 31 -1 41 -2
50535;41 -2
50536;14 -2
50537;31 -2
50538;41 -2
50539;41 -1 41 -2
50540;14 -1 41 -2
50541;41 -2
50542;41 -2
50543;41 -2
50544;41 -2
50545;41 -1 41 -1 30 -1 30 -1 7 -1 30 -1 30 -1 41 -1 41 -1 41 -1 14 -1 41 -1 2 -1 31 -1 30 -1 2 -2
50546;14 -2
50547;14 -2
50548;2 -1 46 -1 1 -1 2 -1 14 -1 3 -1 2 -1 14 -1 14 -1 3 -1 2 -2
50549;14 -1 3 -1 14 -1 41 -1 41 -2
50550;41 -1 31 -2
50551;14 -1 3 -1 2 -1 14 -1 41 -2
50552;41 -1 41 -2
50553;14 -2
50554;41 -2
51377;14 -2
51477;14 -2
51478;14 -1 2 -1 14 -1 41 -2
51615;14 -1 14 -1 2 -2
51616;14 -2
51617;41 -2
51618;14 -2
51619;2 -2
51620;14 -2
51621;14 -2
51622;41 -2
51623;41 -2
51624;31 -1 30 -2
51625;41 -2
51626;14 -2
51627;41 -2
51628;2 -2
51629;14 -2
51630;31 -2
51631;30 -2
51632;30 -1 30 -2
51633;2 -2
52131;14 -1 41 -2
52132;41 -1 31 -1 7 -2
52133;41 -2
52134;31 -1 30 -2
52135;41 -2
52136;2 -2
52137;14 -1 41 -1 43 -1 44 -1 44 -1 44 -2
52138;44 -1 44 -1 14 -1 7 -1 31 -1 30 -1 48 -1 30 -1 30 -1 30 -2
52139;2 -1 31 -1 30 -1 2 -2
52140;14 -1 31 -1 30 -2
52141;41 -2
52142;41 -2
52143;31 -1 30 -1 31 -1 30 -1 41 -2
52144;31 -1 30 -1 41 -2
52145;14 -2
52146;14 -1 41 -1 41 -1 41 -2
52147;14 -2
52148;14 -1 2 -2
52149;14 -1 41 -2
52150;41 -1 31 -1 30 -1 30 -1 30 -1 30 -1 30 -1 30 -1 2 -2
52151;14 -2
52152;14 -2
53334;14 -1 14 -1 14 -1 14 -1 14 -2
53335;14 -2
53336;14 -1 41 -2
53337;41 -1 41 -1 31 -2
53338;14 -2
53339;38 -2
53428;2 -2
53429;14 -1 14 -2
53632;14 -2
53752;14 -1 14 -1 31 -1 30 -1 31 -1 30 -1 14 -1 2 -1 2 -1 14 -2
53753;14 -1 14 -1 14 -1 14 -1 31 -1 30 -1 48 -2
53754;14 -1 2 -1 14 -2
53755;14 -1 41 -2
53756;41 -2
53757;41 -1 41 -2
53758;41 -2
53759;41 -2
53760;41 -2
53761;14 -2
53762;2 -2
53763;14 -1 14 -2
53803;14 -1 2 -2
53804;14 -2
53805;2 -2
53806;14 -1 41 -2
53807;41 -2
53808;38 -1 33 -2
53809;36 -1 34 -1 37 -1 38 -1 14 -1 38 -1 39 -1 14 -2
53810;14 -1 7 -1 14 -1 31 -1 16 -1 31 -1 14 -1 41 -2
54511;14 -1 7 -2
54512;14 -1 2 -1 7 -1 5 -1 5 -1 5 -1 5 -1 5 -1 7 -1 14 -2
54513;14 -2
54514;14 -2
54515;14 -2
54516;2 -2
54517;14 -2
54518;14 -1 31 -1 31 -1 30 -2
54519;41 -1 43 -1 44 -2
54520;44 -2
54521;44 -1 14 -1 41 -2
54522;41 -2
54523;41 -2
54524;41 -1 41 -2
54525;41 -1 41 -1 31 -1 30 -1 30 -2
54526;41 -1 41 -1 41 -2
54527;41 -1 41 -2
54528;41 -2
54529;41 -2
54530;41 -1 41 -2
54531;14 -1 41 -1 2 -2
54532;14 -1 41 -1 41 -1 41 -2
54533;14 -2
55023;14 -1 31 -1 30 -1 31 -1 30 -1 31 -1 14 -2
55024;14 -2
55025;14 -1 41 -1 3 -2
55026;14 -2
55027;14 -1 41 -2
55028;14 -1 43 -1 44 -1 41 -1 41 -1 41 -2
55029;41 -1 41 -1 31 -1 30 -1 41 -2
55030;14 -1 41 -2
55031;14 -1 41 -1 43 -1 44 -2
55032;44 -1 44 -2
55033;44 -1 41 -1 41 -1 41 -2
55034;31 -1 30 -1 30 -1 31 -1 30 -1 31 -1 41 -2
55035;38 -2
55036;14 -1 41 -1 41 -1 41 -1 41 -2
55037;41 -1 41 -1 41 -1 41 -1 41 -2
55038;41 -2
55039;41 -1 41 -1 41 -2
55040;41 -2
55041;41 -1 41 -2
55042;41 -1 41 -1 41 -1 31 -1 30 -2
55043;31 -2
55044;41 -2
55045;41 -1 41 -2
55046;41 -2
55047;14 -2
55048;14 -1 41 -1 41 -1 41 -1 31 -1 41 -2
55049;41 -2
55050;41 -1 41 -2
55051;41 -2
55052;41 -2
55053;41 -1 41 -2
55054;41 -1 41 -2
55055;41 -1 41 -1 41 -1 14 -1 41 -2
55056;41 -1 41 -2
55057;41 -1 41 -1 41 -1 41 -2
55058;41 -1 41 -2
55059;14 -2
55060;41 -1 41 -1 41 -2
55061;41 -2
55062;41 -1 41 -2
55158;14 -1 41 -1 41 -2
55159;14 -2
55160;14 -2
55161;14 -1 14 -1 38 -1 33 -2
55162;14 -2
55163;14 -1 38 -1 41 -2
55300;14 -1 14 -1 41 -2
55301;14 -2
55302;14 -2
55433;2 -2
55535;14 -1 2 -2
55536;2 -2
55537;43 -1 44 -1 44 -2
55538;44 -1 44 -2
55539;44 -1 14 -1 2 -1 2 -1 14 -1 41 -2
55540;41 -2
55541;41 -2
55542;14 -1 2 -2
55543;14 -1 14 -1 14 -1 41 -1 41 -1 41 -2
55544;41 -2
55545;41 -1 7 -1 5 -1 5 -2
55546;5 -2
55547;14 -1 31 -1 30 -1 31 -1 30 -1 30 -1 41 -2
55548;43 -1 44 -1 44 -1 44 -1 44 -1 44 -2
55549;44 -2
55550;14 -1 2 -2
55551;14 -1 2 -1 2 -1 2 -2
55552;2 -1 2 -2
55553;41 -2
55554;41 -2
55555;43 -1 44 -1 44 -1 44 -2
55556;44 -1 44 -1 44 -1 45 -2
55557;14 -1 41 -2
55558;41 -2
55559;41 -2
55560;41 -2
55561;7 -1 5 -1 5 -2
55562;5 -1 31 -1 30 -1 30 -1 30 -2
55563;30 -2
55564;41 -1 41 -1 41 -2
55565;7 -1 5 -1 5 -1 5 -1 5 -1 41 -2
55566;31 -1 30 -2
55567;31 -1 30 -2
56086;14 -2
56087;14 -1 14 -1 41 -2
56229;2 -2
56367;14 -1 30 -2
56368;3 -1 32 -1 31 -1 30 -1 30 -1 32 -1 31 -1 30 -2
56369;30 -2
56370;30 -2
56371;31 -1 31 -1 14 -1 14 -1 30 -1 30 -2
56372;3 -2
56373;32 -1 31 -1 30 -2
56374;30 -2
56375;30 -2
56376;31 -1 30 -1 3 -1 3 -2
56377;14 -1 32 -1 31 -1 31 -1 30 -2
56378;30 -2
56379;30 -1 30 -2
56380;39 -1 3 -2
56623;14 -2
56624;41 -2
56625;41 -1 41 -1 41 -1 41 -1 41 -1 41 -2
56626;41 -2
56627;14 -1 43 -1 44 -1 14 -1 41 -2
56628;41 -1 41 -1 31 -1 30 -1 14 -1 41 -2
56629;41 -2
56630;31 -1 14 -1 43 -1 44 -1 44 -1 44 -1 44 -1 44 -1 44 -1 14 -1 41 -1 43 -1 44 -2
56631;14 -1 43 -1 44 -1 44 -2
56632;44 -2
56633;44 -1 44 -1 14 -1 43 -1 44 -1 44 -1 44 -2
56634;44 -2
56635;44 -2
56636;44 -2
56637;44 -1 14 -1 43 -1 44 -2
56638;14 -1 43 -1 44 -1 14 -1 14 -1 41 -1 43 -1 44 -1 14 -1 41 -2
56639;14 -1 43 -1 44 -2
56640;14 -1 14 -1 41 -1 41 -1 7 -1 5 -1 5 -2
56641;43 -1 44 -1 14 -1 41 -2
56642;41 -2
56643;14 -1 14 -1 41 -2
56644;14 -2
56785;14 -2
56827;14 -2
56874;14 -2
56875;14 -2
56876;48 -2
57260;14 -1 14 -2
57261;31 -1 14 -1 3 -1 42 -2
57262;41 -1 14 -2
57263;49 -1 14 -1 45 -1 14 -1 48 -1 14 -1 41 -1 41 -1 41 -1 41 -1 41 -2
57580;14 -2
57581;14 -1 41 -1 41 -1 41 -1 41 -2
57582;14 -2
57583;41 -1 41 -1 41 -1 41 -1 41 -1 41 -1 41 -1 41 -1 14 -1 14 -1 41 -1 41 -1 41 -2
57584;14 -1 41 -1 41 -2
57585;41 -1 41 -1 41 -1 41 -1 41 -1 41 -1 2 -2
57586;14 -2
57587;42 -2
57588;42 -1 42 -2
57771;14 -2
57772;14 -1 41 -2
57773;48 -1 14 -2
57774;14 -2
57775;14 -2
57776;14 -1 41 -2
57777;41 -2
57778;41 -2
57779;14 -1 2 -1 14 -2
57780;2 -1 46 -1 1 -1 2 -1 14 -2
57876;14 -2
57877;14 -2
57878;14 -1 41 -2
57937;14 -1 14 -1 7 -2
57938;6 -1 6 -1 31 -1 30 -1 30 -1 30 -1 30 -2
57939;17 -1 30 -1 6 -1 6 -1 14 -1 41 -2
57940;14 -1 41 -1 41 -1 41 -1 41 -1 41 -1 41 -1 14 -1 41 -1 41 -1 41 -1 41 -1 14 -1 14 -2
57941;14 -1 14 -1 41 -2
57942;41 -1 14 -1 2 -1 14 -1 41 -1 41 -2
57943;14 -1 41 -1 41 -1 41 -1 41 -2
57944;14 -1 41 -2
57945;14 -1 41 -1 41 -2
57946;14 -2
57947;41 -1 14 -1 2 -2
57948;14 -1 41 -2
57949;41 -1 14 -1 14 -1 41 -2
58102;14 -2
58103;14 -1 41 -2
58104;41 -2
58105;41 -2
58106;41 -2
58107;41 -1 43 -1 44 -2
58108;44 -2
58109;44 -1 44 -1 44 -2
58110;14 -1 41 -2
58111;41 -2
58112;41 -2
58113;41 -2
58114;43 -1 44 -2
58115;44 -2
58116;44 -2
58117;44 -2
58118;44 -1 44 -2
58119;14 -2
58120;41 -2
58121;41 -1 43 -1 44 -2
58122;14 -2
58123;41 -2
58124;41 -2
58125;41 -1 41 -1 41 -1 41 -2
58126;2 -2
58127;14 -2
58128;14 -1 41 -2
58129;41 -2
58130;41 -2
58131;14 -2
58132;14 -2
58133;14 -1 41 -2
58134;14 -1 2 -2
58135;41 -2
58277;14 -2
58278;14 -1 41 -1 41 -1 41 -1 41 -1 41 -1 41 -2
58279;41 -1 41 -1 41 -1 41 -1 41 -2
58280;41 -2
58281;31 -1 41 -2
58282;7 -2
58283;14 -2
58284;41 -2
58285;14 -2
58286;41 -2
58287;41 -2
58288;14 -2
58289;14 -2
58290;41 -2
58291;41 -1 41 -2
58292;41 -1 41 -2
58755;14 -1 2 -1 31 -2
59103;14 -2
59104;14 -2
59105;14 -2
59106;14 -1 2 -1 14 -2
59391;14 -2
59392;14 -1 14 -1 2 -1 2 -1 2 -1 2 -2
59393;14 -1 14 -1 41 -1 41 -1 43 -1 44 -2
59394;44 -1 44 -1 44 -1 44 -1 44 -2
59395;44 -1 45 -1 43 -1 14 -1 41 -1 41 -1 41 -1 41 -1 41 -1 41 -1 41 -1 41 -2
59396;31 -1 14 -1 41 -1 41 -1 41 -1 41 -1 41 -1 41 -2
59397;14 -1 2 -1 41 -1 41 -1 41 -1 41 -1 41 -1 41 -1 41 -1 31 -1 41 -1 41 -2
59398;14 -1 14 -1 2 -2
59399;3 -1 2 -2
59400;2 -2
59401;14 -1 14 -1 2 -1 2 -2
59402;14 -2
59403;38 -1 14 -2
59404;2 -2
59563;14 -1 3 -1 2 -2
59564;14 -2
59565;14 -2
59566;14 -1 2 -2
60626;14 -2
60627;14 -2
60628;14 -2
60629;41 -1 41 -1 41 -1 41 -2
60630;41 -1 41 -1 41 -1 41 -1 41 -2
60631;41 -1 41 -1 41 -1 41 -2
60632;41 -1 41 -1 41 -1 41 -2
60633;41 -1 41 -2
60634;31 -1 41 -2
60635;14 -2
60716;2 -2
60717;14 -2
61355;14 -2
61356;14 -2
61357;41 -1 41 -1 2 -1 2 -1 14 -2
61358;41 -2
61359;14 -1 41 -1 41 -1 41 -2
61860;14 -2
61861;14 -1 2 -2
61862;14 -1 2 -1 2 -1 2 -1 2 -2
62800;14 -2
62801;41 -2
62802;41 -1 41 -2
62803;41 -2
62804;38 -1 41 -2
62952;14 -2
62953;31 -1 14 -1 41 -2
62954;8 -1 14 -2
62955;14 -1 14 -1 14 -2
62956;14 -2
62957;41 -2
62958;14 -1 41 -1 2 -1 14 -1 14 -2
62959;14 -2
62960;14 -1 41 -2
62961;41 -2
62962;31 -1 48 -1 30 -1 31 -1 30 -1 31 -1 30 -1 14 -2
62963;14 -2
63599;14 -1 8 -1 7 -1 5 -2
63600;14 -1 14 -2
63601;14 -2
63602;2 -1 14 -1 2 -2
63603;14 -1 2 -2
63604;2 -2
63605;14 -1 14 -1 41 -2
63606;31 -1 31 -1 41 -1 41 -1 41 -1 41 -2
63607;41 -1 41 -2
63608;43 -1 44 -1 44 -1 44 -1 44 -1 44 -1 44 -1 41 -1 41 -2
63609;43 -1 41 -2
63610;41 -1 41 -1 41 -2
63611;41 -1 41 -2
63612;41 -1 41 -1 41 -2
63613;2 -2
63614;41 -1 41 -2
63615;41 -2
63616;41 -2
63617;41 -1 41 -1 41 -2
64172;14 -2
64173;14 -1 31 -1 41 -2
64174;14 -2
64175;14 -2
64176;14 -1 14 -2
64177;14 -2
64232;14 -2
64233;41 -2
64234;14 -2
64235;14 -2
64305;14 -1 7 -1 5 -1 5 -1 5 -2
64306;14 -1 14 -1 48 -2
64307;14 -2
64308;14 -1 2 -1 2 -1 14 -2
64309;14 -2
64310;2 -2
64311;41 -2
64312;41 -2
64313;2 -1 41 -2
64314;14 -2
64315;14 -1 2 -1 41 -1 14 -1 41 -2
64316;7 -1 31 -1 31 -1 32 -1 31 -1 30 -1 48 -2
64368;14 -1 2 -2
64369;2 -2
64796;14 -2
64797;2 -1 2 -1 2 -1 14 -2
64798;14 -2
64799;41 -2
64800;7 -1 5 -1 5 -1 5 -1 5 -1 7 -1 5 -1 5 -2
64801;2 -2
64802;14 -2
64803;2 -1 41 -1 41 -1 41 -2
64804;41 -1 41 -1 2 -1 31 -1 43 -1 41 -2
64805;41 -1 41 -1 2 -2
64806;14 -2
64807;41 -2
64808;41 -1 41 -1 41 -1 41 -1 41 -2
64809;41 -1 41 -1 41 -2
64810;41 -1 41 -2
64811;14 -2
64812;14 -1 41 -2
64813;14 -2
65239;14 -2
65240;14 -2
65241;14 -2
65242;41 -2
65243;14 -1 14 -2
65244;2 -1 14 -2
65245;14 -2
65246;14 -2
65247;14 -1 2 -2
65248;14 -2
65249;14 -2
65250;14 -1 14 -2
65251;31 -1 32 -1 31 -1 14 -2
65252;2 -1 2 -1 2 -1 2 -2
65253;14 -2
65254;14 -1 2 -2
65255;14 -2
65256;14 -1 49 -1 49 -1 48 -1 14 -2
65257;14 -2
65258;14 -2
65259;2 -2
65260;14 -1 2 -1 14 -2
65261;2 -1 3 -2
65414;2 -1 48 -2
65422;14 -1 30 -2
65423;31 -1 2 -2
65424;14 -2
65425;43 -1 44 -2
65426;44 -2
65427;14 -1 43 -1 41 -1 44 -2
65457;14 -1 41 -1 41 -2
65458;14 -2
65459;41 -2
65460;14 -2
65461;32 -1 14 -2
