13036-4429;4>
15735-5786;4>
24295-4224;4>
29688-4224;4>
29688-4224;4>
30609-4429;4>
30609-4429;4>
15183-6547;5>
15183-6547;5>
30698-4429;5>
30698-4429;5>
28236-4429;6>
28236-4429;6>
15183-6547;7>
18200-6547;7>
27813-7111;7>
29688-4224;7>
30609-4429;7>
30698-4429;7>
30698-4429;7>
18200-6547;8>
21782-5786;8>
27813-7111;8>
27813-7111;8>
28236-4429;8>
30609-4429;8>
30609-4429;8>
30609-4429;8>
13036-4429;9>
15183-6547;9>
28236-4429;9>
30698-6019;9>
13036-4429;11>
13036-4429;11>
15183-6547;11>
15183-6547;11>
15183-6547;11>
15183-6547;11>
28236-4429;11>
28236-4429;11>
30698-6019;11>
30753-4429;11>
15183-5786;13>
29688-4224;13>
30609-4429;13>
30609-4429;13>
30609-4429;13>
13036-4429;14>
13036-4429;14>
13036-4429;14>
13036-4429;14>
13036-4429;14>
13036-4429;14>
13036-4429;14>
13036-4429;14>
13036-4429;14>
13036-4429;14>
13036-4429;14>
13036-4429;14>
13036-4429;14>
13036-4429;14>
13036-4429;14>
13036-4429;14>
13036-4429;14>
13036-4429;14>
13036-4429;14>
13036-4429;14>
14884-4428;14>
14884-4428;14>
14884-4428;14>
14884-4428;14>
14884-4428;14>
15183-5786;14>
15183-5786;14>
15183-5786;14>
15183-5786;14>
15183-5786;14>
15183-5786;14>
15183-5786;14>
15183-5786;14>
15183-5786;14>
15183-6547;14>
15183-6547;14>
15183-6547;14>
15183-6547;14>
15183-6547;14>
15183-6547;14>
15183-6547;14>
15183-6547;14>
15183-6547;14>
15183-6547;14>
15183-6547;14>
15183-6547;14>
15183-6547;14>
15183-6547;14>
15183-6547;14>
15735-5786;14>
15735-5786;14>
15735-5786;14>
15735-5786;14>
15735-5786;14>
15735-5786;14>
15735-5786;14>
15735-5786;14>
15735-5786;14>
15735-5786;14>
15735-5786;14>
18200-6547;14>
18200-6547;14>
18200-6547;14>
18200-6547;14>
18200-6547;14>
18200-6547;14>
18200-6547;14>
18200-6547;14>
18200-6547;14>
18200-6547;14>
18200-6547;14>
18200-6547;14>
19173-4429;14>
19173-4429;14>
19173-4429;14>
19173-4429;14>
19173-4429;14>
21782-5786;14>
21782-5786;14>
21782-5786;14>
21782-5786;14>
21782-5786;14>
21782-5786;14>
21782-5786;14>
21782-5786;14>
21782-5786;14>
23859-6395;14>
23859-6395;14>
24295-4224;14>
24295-4224;14>
24295-4224;14>
24295-4224;14>
24295-4224;14>
24295-4224;14>
24295-4224;14>
24295-4224;14>
24295-4224;14>
24295-4224;14>
24295-4224;14>
24295-4224;14>
24295-4224;14>
24295-4224;14>
24295-4224;14>
24295-4224;14>
24295-4224;14>
24295-4224;14>
24295-4224;14>
24303-7111;14>
24303-7111;14>
24303-7111;14>
24303-7111;14>
27770-4224;14>
27770-4224;14>
27770-4224;14>
27813-7111;14>
27813-7111;14>
27813-7111;14>
28236-4429;14>
28236-4429;14>
28236-4429;14>
28236-4429;14>
28236-4429;14>
28236-4429;14>
28236-4429;14>
28236-4429;14>
28236-4429;14>
28236-4429;14>
28236-4429;14>
28236-4429;14>
28236-4429;14>
28236-4429;14>
28236-4429;14>
28236-4429;14>
28236-4429;14>
28236-4429;14>
28236-4429;14>
28236-4429;14>
28236-4429;14>
28236-4429;14>
28236-4429;14>
28236-4429;14>
28236-4429;14>
28236-4429;14>
28236-4429;14>
28236-4429;14>
29688-4224;14>
29688-4224;14>
29688-4224;14>
29688-4224;14>
29688-4224;14>
29688-4224;14>
29688-4224;14>
29688-4224;14>
29688-4224;14>
29688-4224;14>
29688-4224;14>
29688-4224;14>
29688-4224;14>
29688-4224;14>
29688-4224;14>
29688-4224;14>
29688-4224;14>
29688-4224;14>
29688-4224;14>
30609-4429;14>
30609-4429;14>
30609-4429;14>
30609-4429;14>
30609-4429;14>
30609-4429;14>
30609-4429;14>
30609-4429;14>
30609-4429;14>
30609-4429;14>
30609-4429;14>
30609-4429;14>
30609-4429;14>
30609-4429;14>
30609-4429;14>
30609-4429;14>
30609-4429;14>
30609-4429;14>
30688-4429;14>
30688-4429;14>
30688-4429;14>
30688-4429;14>
30698-4429;14>
30698-4429;14>
30698-4429;14>
30698-4429;14>
30698-4429;14>
30698-4429;14>
30698-4429;14>
30698-4429;14>
30698-4429;14>
30698-4429;14>
30698-6019;14>
30698-6019;14>
30753-4429;14>
30753-4429;14>
24295-4224;15>
24295-4224;15>
24303-7111;15>
28236-4429;15>
13036-4429;16>
13036-4429;16>
13036-4429;16>
14884-4428;16>
15183-5786;16>
15183-6547;16>
15735-5786;16>
18200-6547;16>
18200-6547;16>
19173-4429;16>
21782-5786;16>
24295-4224;16>
27770-4224;16>
28236-4429;16>
28236-4429;16>
28236-4429;16>
29688-4224;16>
30609-4429;16>
30609-4429;16>
30688-4429;16>
30698-4429;16>
13036-4429;17>
13036-4429;17>
15183-6547;17>
24295-4224;17>
27813-7111;17>
27813-7111;17>
28236-4429;17>
28236-4429;17>
28236-4429;17>
28236-4429;17>
30609-4429;17>
30609-4429;17>
30609-4429;17>
30609-4429;17>
28236-4429;28>
28236-4429;28>
28236-4429;28>
28236-4429;28>
29688-4224;28>
15183-5786;29>
29688-4224;29>
30609-4429;29>
30609-4429;29>
30609-4429;29>
30609-4429;29>
30609-4429;29>
30609-4429;29>
30698-4429;29>
13036-4429;30>
13036-4429;30>
13036-4429;30>
13036-4429;30>
13036-4429;30>
13036-4429;30>
13036-4429;30>
13036-4429;30>
13036-4429;30>
13036-4429;30>
13036-4429;30>
13036-4429;30>
13036-4429;30>
13036-4429;30>
13036-4429;30>
13036-4429;30>
13036-4429;30>
13036-4429;30>
13036-4429;30>
13036-4429;30>
14884-4428;30>
14884-4428;30>
14884-4428;30>
15183-5786;30>
15183-5786;30>
15183-5786;30>
15183-5786;30>
15183-5786;30>
15183-5786;30>
15183-5786;30>
15183-5786;30>
15183-5786;30>
15183-5786;30>
15183-5786;30>
15183-5786;30>
15183-6547;30>
15183-6547;30>
15183-6547;30>
15183-6547;30>
15183-6547;30>
15735-5786;30>
15735-5786;30>
18200-6547;30>
18200-6547;30>
18200-6547;30>
18200-6547;30>
18200-6547;30>
18200-6547;30>
18200-6547;30>
18200-6547;30>
19173-4429;30>
19173-4429;30>
19173-4429;30>
19173-4429;30>
21782-5786;30>
24295-4224;30>
24295-4224;30>
24295-4224;30>
24295-4224;30>
24295-4224;30>
24295-4224;30>
24295-4224;30>
24295-4224;30>
24295-4224;30>
24295-4224;30>
24295-4224;30>
24295-4224;30>
24295-4224;30>
24295-4224;30>
24295-4224;30>
24295-4224;30>
24295-4224;30>
24295-4224;30>
24295-4224;30>
24295-4224;30>
24295-4224;30>
24303-7111;30>
24303-7111;30>
24303-7111;30>
27770-4224;30>
27770-4224;30>
27770-4224;30>
27770-4224;30>
27770-4224;30>
27813-7111;30>
27813-7111;30>
27813-7111;30>
27813-7111;30>
27813-7111;30>
27813-7111;30>
27813-7111;30>
28236-4429;30>
28236-4429;30>
28236-4429;30>
28236-4429;30>
28236-4429;30>
28236-4429;30>
28236-4429;30>
28236-4429;30>
28236-4429;30>
28236-4429;30>
28236-4429;30>
28236-4429;30>
28236-4429;30>
28236-4429;30>
28236-4429;30>
28236-4429;30>
28236-4429;30>
28236-4429;30>
28236-4429;30>
29688-4224;30>
29688-4224;30>
29688-4224;30>
29688-4224;30>
30609-4429;30>
30609-4429;30>
30609-4429;30>
30609-4429;30>
30609-4429;30>
30609-4429;30>
30609-4429;30>
30609-4429;30>
30609-4429;30>
30688-4429;30>
30688-4429;30>
30688-4429;30>
30698-4429;30>
30698-4429;30>
30698-4429;30>
30698-4429;30>
30698-4429;30>
30698-4429;30>
30698-4429;30>
30753-4429;30>
13036-4429;31>
13036-4429;31>
13036-4429;31>
13036-4429;31>
13036-4429;31>
13036-4429;31>
13036-4429;31>
13036-4429;31>
13036-4429;31>
13036-4429;31>
13036-4429;31>
13036-4429;31>
13036-4429;31>
13036-4429;31>
13036-4429;31>
13036-4429;31>
13036-4429;31>
13036-4429;31>
14884-4428;31>
14884-4428;31>
14884-4428;31>
14884-4428;31>
14884-4428;31>
14884-4428;31>
14884-4428;31>
15183-5786;31>
15183-5786;31>
15183-5786;31>
15183-5786;31>
15183-5786;31>
15183-5786;31>
15183-5786;31>
15183-5786;31>
15183-5786;31>
15183-5786;31>
15183-6547;31>
15183-6547;31>
15183-6547;31>
15183-6547;31>
15183-6547;31>
15183-6547;31>
15183-6547;31>
15183-6547;31>
15183-6547;31>
15183-6547;31>
15183-6547;31>
15183-6547;31>
15183-6547;31>
15183-6547;31>
15183-6547;31>
15183-6547;31>
15183-6547;31>
15735-5786;31>
15735-5786;31>
15735-5786;31>
15735-5786;31>
15735-5786;31>
15735-5786;31>
15735-5786;31>
18200-6547;31>
18200-6547;31>
18200-6547;31>
18200-6547;31>
18200-6547;31>
18200-6547;31>
18200-6547;31>
18200-6547;31>
18200-6547;31>
18200-6547;31>
18200-6547;31>
18200-6547;31>
18200-6547;31>
18200-6547;31>
19173-4429;31>
19173-4429;31>
19173-4429;31>
19173-4429;31>
19173-4429;31>
21782-5786;31>
21782-5786;31>
21782-5786;31>
21782-5786;31>
21782-5786;31>
21782-5786;31>
21782-5786;31>
23859-6395;31>
24295-4224;31>
24295-4224;31>
24295-4224;31>
24295-4224;31>
24295-4224;31>
24295-4224;31>
24295-4224;31>
24295-4224;31>
24295-4224;31>
24295-4224;31>
24295-4224;31>
24295-4224;31>
24295-4224;31>
24295-4224;31>
24295-4224;31>
24295-4224;31>
24295-4224;31>
24295-4224;31>
24303-7111;31>
24303-7111;31>
24303-7111;31>
27770-4224;31>
27770-4224;31>
27770-4224;31>
27770-4224;31>
27770-4224;31>
27770-4224;31>
27813-7111;31>
27813-7111;31>
27813-7111;31>
27813-7111;31>
27813-7111;31>
27813-7111;31>
27813-7111;31>
27813-7111;31>
27813-7111;31>
28236-4429;31>
28236-4429;31>
28236-4429;31>
28236-4429;31>
28236-4429;31>
28236-4429;31>
28236-4429;31>
28236-4429;31>
28236-4429;31>
28236-4429;31>
28236-4429;31>
28236-4429;31>
28236-4429;31>
28236-4429;31>
28236-4429;31>
28236-4429;31>
28236-4429;31>
28236-4429;31>
28236-4429;31>
28236-4429;31>
28236-4429;31>
28236-4429;31>
28236-4429;31>
28236-4429;31>
28236-4429;31>
28236-4429;31>
28236-4429;31>
28236-4429;31>
28236-4429;31>
28236-4429;31>
28236-4429;31>
28236-4429;31>
29688-4224;31>
29688-4224;31>
29688-4224;31>
29688-4224;31>
29688-4224;31>
29688-4224;31>
29688-4224;31>
29688-4224;31>
29688-4224;31>
30609-4429;31>
30609-4429;31>
30609-4429;31>
30609-4429;31>
30609-4429;31>
30609-4429;31>
30609-4429;31>
30609-4429;31>
30609-4429;31>
30609-4429;31>
30609-4429;31>
30688-4429;31>
30688-4429;31>
30688-4429;31>
30698-4429;31>
30698-4429;31>
30698-4429;31>
30698-4429;31>
30698-4429;31>
30698-4429;31>
30698-4429;31>
30698-4429;31>
30698-4429;31>
30698-6019;31>
30753-4429;31>
30753-4429;31>
13036-4429;32>
13036-4429;32>
24295-4224;32>
24295-4224;32>
24295-4224;32>
24303-7111;32>
27770-4224;32>
27770-4224;32>
27813-7111;32>
27813-7111;32>
28236-4429;32>
28236-4429;32>
28236-4429;32>
28236-4429;32>
28236-4429;32>
29688-4224;32>
30609-4429;32>
30609-4429;32>
30609-4429;32>
30609-4429;32>
30609-4429;32>
30609-4429;32>
30609-4429;32>
30609-4429;32>
13036-4429;33>
15183-6547;33>
15735-5786;33>
15735-5786;33>
18200-6547;33>
21782-5786;33>
29688-4224;33>
29688-4224;33>
30688-4429;33>
30753-4429;33>
13036-4429;34>
15183-6547;34>
15735-5786;34>
15735-5786;34>
15735-5786;34>
18200-6547;34>
21782-5786;34>
29688-4224;34>
29688-4224;34>
30698-4429;34>
30753-4429;34>
13036-4429;36>
15183-6547;36>
15183-6547;36>
15735-5786;36>
15735-5786;36>
15735-5786;36>
18200-6547;36>
21782-5786;36>
29688-4224;36>
29688-4224;36>
29688-4224;36>
30688-4429;36>
30688-4429;36>
30688-4429;36>
30688-4429;36>
30698-4429;36>
30698-4429;36>
30698-4429;36>
30698-4429;36>
30698-4429;36>
30753-4429;36>
13036-4429;37>
15183-6547;37>
15735-5786;37>
15735-5786;37>
15735-5786;37>
18200-6547;37>
21782-5786;37>
29688-4224;37>
29688-4224;37>
30698-4429;37>
30753-4429;37>
13036-4429;38>
13036-4429;38>
15183-6547;38>
15183-6547;38>
15183-6547;38>
15183-6547;38>
15735-5786;38>
15735-5786;38>
15735-5786;38>
15735-5786;38>
15735-5786;38>
18200-6547;38>
21782-5786;38>
21782-5786;38>
21782-5786;38>
22779-4224;38>
29688-4224;38>
29688-4224;38>
29688-4224;38>
30688-4429;38>
30753-4429;38>
30753-4429;38>
30753-4429;38>
13036-4429;41>
13036-4429;41>
13036-4429;41>
13036-4429;41>
13036-4429;41>
13036-4429;41>
13036-4429;41>
14884-4428;41>
14884-4428;41>
14884-4428;41>
14884-4428;41>
14884-4428;41>
14884-4428;41>
15183-5786;41>
15183-5786;41>
15183-5786;41>
15183-6547;41>
15183-6547;41>
15183-6547;41>
15735-5786;41>
15735-5786;41>
15735-5786;41>
18200-6547;41>
18200-6547;41>
18200-6547;41>
18200-6547;41>
18200-6547;41>
18200-6547;41>
18200-6547;41>
18200-6547;41>
18200-6547;41>
18200-6547;41>
18200-6547;41>
18200-6547;41>
18200-6547;41>
18200-6547;41>
19173-4429;41>
19173-4429;41>
19173-4429;41>
19173-4429;41>
19173-4429;41>
19173-4429;41>
21782-5786;41>
21782-5786;41>
21782-5786;41>
21782-5786;41>
21782-5786;41>
21782-5786;41>
21782-5786;41>
21782-5786;41>
21782-5786;41>
22779-4224;41>
23859-6395;41>
24295-4224;41>
24295-4224;41>
24295-4224;41>
24295-4224;41>
24295-4224;41>
24295-4224;41>
24295-4224;41>
24303-7111;41>
27813-7111;41>
28236-4429;41>
28236-4429;41>
28236-4429;41>
28236-4429;41>
28236-4429;41>
28236-4429;41>
28236-4429;41>
28236-4429;41>
29688-4224;41>
29688-4224;41>
29688-4224;41>
29688-4224;41>
29688-4224;41>
29688-4224;41>
29688-4224;41>
29688-4224;41>
29688-4224;41>
29688-4224;41>
29688-4224;41>
29688-4224;41>
29688-4224;41>
29688-4224;41>
30609-4429;41>
30609-4429;41>
30609-4429;41>
30609-4429;41>
30609-4429;41>
30609-4429;41>
30609-4429;41>
30609-4429;41>
30609-4429;41>
30609-4429;41>
30609-4429;41>
30609-4429;41>
30688-4429;41>
30688-4429;41>
30688-4429;41>
30688-4429;41>
30698-4429;41>
30698-4429;41>
30698-4429;41>
30698-4429;41>
30698-4429;41>
30753-4429;41>
30753-4429;41>
18200-6547;42>
24295-4224;42>
24295-4224;42>
29688-4224;42>
30609-4429;42>
30609-4429;42>
13036-4429;48>
13036-4429;48>
13036-4429;48>
13036-4429;48>
13036-4429;48>
13036-4429;48>
13036-4429;48>
13036-4429;48>
15183-5786;48>
15183-6547;48>
15183-6547;48>
15183-6547;48>
15735-5786;48>
18200-6547;48>
18200-6547;48>
19173-4429;48>
19173-4429;48>
19173-4429;48>
21782-5786;48>
21782-5786;48>
23859-6395;48>
24295-4224;48>
24295-4224;48>
24295-4224;48>
24295-4224;48>
24295-4224;48>
27770-4224;48>
28236-4429;48>
28236-4429;48>
28236-4429;48>
28236-4429;48>
28236-4429;48>
28236-4429;48>
28236-4429;48>
29688-4224;48>
29688-4224;48>
29688-4224;48>
29688-4224;48>
29688-4224;48>
29688-4224;48>
29688-4224;48>
29688-4224;48>
30609-4429;48>
30609-4429;48>
30609-4429;48>
30609-4429;48>
30609-4429;48>
30609-4429;48>
30609-4429;48>
30609-4429;48>
30609-4429;48>
30609-4429;48>
30609-4429;48>
30609-4429;48>
30609-4429;48>
30698-4429;48>
30698-4429;48>
30698-4429;48>
30753-4429;48>
13036-4429;49>
13036-4429;49>
13036-4429;49>
13036-4429;49>
13036-4429;49>
13036-4429;49>
24295-4224;49>
24295-4224;49>
24295-4224;49>
24295-4224;49>
24295-4224;49>
24295-4224;49>
24295-4224;49>
28236-4429;49>
29688-4224;49>
29688-4224;49>
29688-4224;49>
29688-4224;49>
30609-4429;49>
30609-4429;49>
30609-4429;49>
30609-4429;49>
30609-4429;49>
30609-4429;49>
30609-4429;49>
30609-4429;49>
30609-4429;49>
30609-4429;49>
30698-4429;49>
30698-4429;49>
29688-4224;4>13>
30609-4429;4>13>
30609-4429;4>13>
27813-7111;7 14>
29688-4224;7 14>
30698-4429;7 14>
18200-6547;8 14>
21782-5786;8 14>
30609-4429;8 14>
13036-4429;11>48>
13036-4429;11>48>
15183-6547;11>48>
15183-6547;11>48>
28236-4429;11>48>
13036-4429;11>48>14>
15183-6547;11>48>14>
28236-4429;11>48>14>
13036-4429;14>11>
13036-4429;14>11>
15183-6547;14>11>
13036-4429;14>11>48>
13036-4429;14>11>48>
15183-6547;14>11>48>
15183-6547;14>14>
15183-6547;14>14>
18200-6547;14>14>
28236-4429;14>14>
29688-4224;14>14>
29688-4224;14>14>
30609-4429;14>14>
30609-4429;14>14>
30609-4429;14>14>
30609-4429;14>14>
30688-4429;14>14>
30609-4429;14>14>14>
30609-4429;14>14>14>
30609-4429;14>14>14>
30688-4429;14>14>14>
15183-6547;14>14>31>
18200-6547;14>14>31>
28236-4429;14>14>31>
24295-4224;14>30>
24295-4224;14>30>
30609-4429;14>30>
13036-4429;14>31>
13036-4429;14>31>
13036-4429;14>31>
13036-4429;14>31>
13036-4429;14>31>
13036-4429;14>31>
13036-4429;14>31>
13036-4429;14>31>
13036-4429;14>31>
13036-4429;14>31>
13036-4429;14>31>
13036-4429;14>31>
14884-4428;14>31>
15183-5786;14>31>
15183-5786;14>31>
15183-5786;14>31>
15183-5786;14>31>
15183-5786;14>31>
15183-6547;14>31>
15183-6547;14>31>
15183-6547;14>31>
15183-6547;14>31>
15183-6547;14>31>
15183-6547;14>31>
15183-6547;14>31>
15735-5786;14>31>
15735-5786;14>31>
18200-6547;14>31>
18200-6547;14>31>
21782-5786;14>31>
24295-4224;14>31>
24295-4224;14>31>
24295-4224;14>31>
24295-4224;14>31>
24295-4224;14>31>
24303-7111;14>31>
24303-7111;14>31>
27770-4224;14>31>
27770-4224;14>31>
27770-4224;14>31>
27813-7111;14>31>
28236-4429;14>31>
28236-4429;14>31>
28236-4429;14>31>
28236-4429;14>31>
28236-4429;14>31>
28236-4429;14>31>
28236-4429;14>31>
28236-4429;14>31>
28236-4429;14>31>
28236-4429;14>31>
28236-4429;14>31>
28236-4429;14>31>
28236-4429;14>31>
28236-4429;14>31>
30609-4429;14>31>
30609-4429;14>31>
30698-4429;14>31>
30698-4429;14>31>
30698-4429;14>31>
30698-6019;14>31>
13036-4429;14>31>14>
13036-4429;14>31>14>
15183-6547;14>31>14>
27770-4224;14>31>14>
13036-4429;14>31>30>
13036-4429;14>31>30>
13036-4429;14>31>30>
13036-4429;14>31>30>
13036-4429;14>31>30>
13036-4429;14>31>30>
13036-4429;14>31>30>
14884-4428;14>31>30>
15183-5786;14>31>30>
15183-6547;14>31>30>
15183-6547;14>31>30>
15735-5786;14>31>30>
18200-6547;14>31>30>
24295-4224;14>31>30>
24295-4224;14>31>30>
24295-4224;14>31>30>
24303-7111;14>31>30>
27770-4224;14>31>30>
27813-7111;14>31>30>
28236-4429;14>31>30>
28236-4429;14>31>30>
28236-4429;14>31>30>
28236-4429;14>31>30>
13036-4429;14>31>30>30>
18200-6547;14>31>30>30>
27770-4224;14>31>30>30>
28236-4429;14>31>30>30>
13036-4429;14>31>30>31>
13036-4429;14>31>30>31>
13036-4429;14>31>30>31>
24295-4224;14>31>30>31>
24303-7111;14>31>30>31>
28236-4429;14>31>30>31>
13036-4429;14>31>30>31>30>
13036-4429;14>31>30>31>30>
13036-4429;14>31>30>31>30>
24295-4224;14>31>30>31>30>
13036-4429;14>31>30>48>
15183-6547;14>31>30>48>
28236-4429;14>31>30>48>
13036-4429;14>31>31>
24295-4224;14>31>31>
27770-4224;14>31>31>
15735-5786;14>31>48>
28236-4429;14>31>48>
30609-4429;14>31>48>
24295-4224;14>32>
24295-4224;14>32>
30609-4429;14>32>
30609-4429;14>32>
24295-4224;14>32>31>
24295-4224;14>32>31>
30609-4429;14>32>31>
15183-6547;14>38>
15735-5786;14>38>
29688-4224;14>38>
13036-4429;14>41>
14884-4428;14>41>
18200-6547;14>41>
18200-6547;14>41>
21782-5786;14>41>
21782-5786;14>41>
24295-4224;14>41>
27813-7111;14>41>
29688-4224;14>41>
29688-4224;14>41>
29688-4224;14>41>
29688-4224;14>41>
30609-4429;14>41>
30609-4429;14>41>
30609-4429;14>41>
30609-4429;14>41>
18200-6547;14>41>41>
21782-5786;14>41>41>
21782-5786;14>41>41>
24295-4224;14>41>41>
29688-4224;14>41>41>
29688-4224;14>41>41>
30609-4429;14>41>41>
30609-4429;14>41>41>
13036-4429;14>48>
15183-5786;14>48>
24295-4224;14>48>
29688-4224;14>48>
30609-4429;14>48>
13036-4429;14>49>
13036-4429;14>49>
13036-4429;14>49>
13036-4429;14>49>
13036-4429;14>49>
24295-4224;14>49>
24295-4224;14>49>
30609-4429;14>49>
13036-4429;14>49>14>
13036-4429;14>49>14>
13036-4429;14>49>14>
13036-4429;14 30>
13036-4429;14 30>
13036-4429;14 30>
13036-4429;14 30>
13036-4429;14 30>
14884-4428;14 30>
15183-5786;14 30>
15183-5786;14 30>
15183-5786;14 30>
15183-5786;14 30>
15183-5786;14 30>
15183-5786;14 30>
15735-5786;14 30>
18200-6547;14 30>
19173-4429;14 30>
21782-5786;14 30>
24295-4224;14 30>
24295-4224;14 30>
24295-4224;14 30>
24295-4224;14 30>
24295-4224;14 30>
24303-7111;14 30>
24303-7111;14 30>
28236-4429;14 30>
28236-4429;14 30>
28236-4429;14 30>
28236-4429;14 30>
28236-4429;14 30>
28236-4429;14 30>
29688-4224;14 30>
29688-4224;14 30>
29688-4224;14 30>
30609-4429;14 30>
30609-4429;14 30>
30609-4429;14 30>
30609-4429;14 30>
30688-4429;14 30>
30698-4429;14 30>
30698-4429;14 30>
30698-4429;14 30>
13036-4429;14 30>31>
13036-4429;14 30>31>
13036-4429;14 30>31>
15183-5786;14 30>31>
15183-5786;14 30>31>
15183-5786;14 30>31>
24303-7111;14 30>31>
28236-4429;14 30>31>
28236-4429;14 30>31>
30609-4429;14 30>31>
30698-4429;14 30>31>
15183-5786;14 30>31>30>
24303-7111;14 30>31>30>
28236-4429;14 30>31>30>
13036-4429;14 30>48>
15183-5786;14 30>48>
24295-4224;14 30>48>
15183-5786;14 30 31>
18200-6547;14 30 31>
19173-4429;14 30 31>
24295-4224;14 30 31>
28236-4429;14 30 31>
30609-4429;14 30 31>
18200-6547;14 30 31 41>
19173-4429;14 30 31 41>
24295-4224;14 30 31 41>
28236-4429;14 30 31 41>
18200-6547;14 30 41>
19173-4429;14 30 41>
24295-4224;14 30 41>
28236-4429;14 30 41>
30609-4429;14 30 41>
13036-4429;14 31>
13036-4429;14 31>
13036-4429;14 31>
14884-4428;14 31>
14884-4428;14 31>
14884-4428;14 31>
15183-5786;14 31>
15183-5786;14 31>
15183-6547;14 31>
15183-6547;14 31>
15183-6547;14 31>
15183-6547;14 31>
15735-5786;14 31>
15735-5786;14 31>
15735-5786;14 31>
15735-5786;14 31>
18200-6547;14 31>
18200-6547;14 31>
18200-6547;14 31>
18200-6547;14 31>
18200-6547;14 31>
18200-6547;14 31>
19173-4429;14 31>
19173-4429;14 31>
19173-4429;14 31>
21782-5786;14 31>
21782-5786;14 31>
21782-5786;14 31>
21782-5786;14 31>
23859-6395;14 31>
24295-4224;14 31>
24295-4224;14 31>
24295-4224;14 31>
27813-7111;14 31>
28236-4429;14 31>
28236-4429;14 31>
28236-4429;14 31>
28236-4429;14 31>
28236-4429;14 31>
28236-4429;14 31>
28236-4429;14 31>
28236-4429;14 31>
29688-4224;14 31>
29688-4224;14 31>
29688-4224;14 31>
29688-4224;14 31>
29688-4224;14 31>
29688-4224;14 31>
30609-4429;14 31>
30609-4429;14 31>
30609-4429;14 31>
30688-4429;14 31>
30698-4429;14 31>
30698-4429;14 31>
13036-4429;14 31>31>
13036-4429;14 31>31>
14884-4428;14 31>31>
15183-6547;14 31>31>
15183-6547;14 31>31>
15735-5786;14 31>31>
18200-6547;14 31>31>
21782-5786;14 31>31>
28236-4429;14 31>31>
28236-4429;14 31>31>
28236-4429;14 31>31>
28236-4429;14 31>31>
28236-4429;14 31>31>
30609-4429;14 31>31>
14884-4428;14 31>31>30>
15735-5786;14 31>31>30>
18200-6547;14 31>31>30>
28236-4429;14 31>31>30>
27813-7111;14 31 32>
28236-4429;14 31 32>
30609-4429;14 31 32>
15183-5786;14 31 41>
18200-6547;14 31 41>
18200-6547;14 31 41>
18200-6547;14 31 41>
19173-4429;14 31 41>
21782-5786;14 31 41>
23859-6395;14 31 41>
24295-4224;14 31 41>
28236-4429;14 31 41>
29688-4224;14 31 41>
30688-4429;14 31 41>
30698-4429;14 31 41>
30698-4429;14 31 41>
19173-4429;14 31 48>
23859-6395;14 31 48>
29688-4224;14 31 48>
29688-4224;14 31 48>
30609-4429;14 31 48>
30698-4429;14 31 48>
27770-4224;14 32>
27813-7111;14 32>
28236-4429;14 32>
30609-4429;14 32>
30609-4429;14 32>
15183-6547;14 33>
21782-5786;14 33>
30688-4429;14 33>
15183-6547;14 38>
15735-5786;14 38>
21782-5786;14 38>
29688-4224;14 38>
30688-4429;14 38>
13036-4429;14 41>
13036-4429;14 41>
14884-4428;14 41>
15183-5786;14 41>
15183-5786;14 41>
15183-6547;14 41>
15735-5786;14 41>
18200-6547;14 41>
18200-6547;14 41>
18200-6547;14 41>
18200-6547;14 41>
18200-6547;14 41>
19173-4429;14 41>
19173-4429;14 41>
21782-5786;14 41>
21782-5786;14 41>
21782-5786;14 41>
21782-5786;14 41>
21782-5786;14 41>
23859-6395;14 41>
24295-4224;14 41>
24295-4224;14 41>
24295-4224;14 41>
24295-4224;14 41>
28236-4429;14 41>
28236-4429;14 41>
28236-4429;14 41>
28236-4429;14 41>
29688-4224;14 41>
29688-4224;14 41>
29688-4224;14 41>
29688-4224;14 41>
29688-4224;14 41>
30609-4429;14 41>
30609-4429;14 41>
30609-4429;14 41>
30688-4429;14 41>
30688-4429;14 41>
30698-4429;14 41>
30698-4429;14 41>
30698-4429;14 41>
15183-6547;14 41>14>
18200-6547;14 41>14>
30609-4429;14 41>14>
13036-4429;14 41>31>
15183-5786;14 41>31>
15735-5786;14 41>31>
24295-4224;14 41>31>
21782-5786;14 41>41>
24295-4224;14 41>41>
29688-4224;14 41>41>
30609-4429;14 41>41>
21782-5786;14 41>41>41>
24295-4224;14 41>41>41>
29688-4224;14 41>41>41>
30609-4429;14 41>41>41>
21782-5786;14 41 48>
23859-6395;14 41 48>
29688-4224;14 41 48>
30698-4429;14 41 48>
13036-4429;14 48>
18200-6547;14 48>
19173-4429;14 48>
21782-5786;14 48>
23859-6395;14 48>
24295-4224;14 48>
27770-4224;14 48>
28236-4429;14 48>
29688-4224;14 48>
29688-4224;14 48>
29688-4224;14 48>
29688-4224;14 48>
30609-4429;14 48>
30609-4429;14 48>
30609-4429;14 48>
30609-4429;14 48>
30698-4429;14 48>
28236-4429;14 49>
29688-4224;14 49>
29688-4224;14 49>
30609-4429;14 49>
30609-4429;14 49>
30609-4429;14 49>
30698-4429;14 49>
13036-4429;16>31>
13036-4429;16>31>
13036-4429;16>31>
15183-5786;16>31>
18200-6547;16>31>
18200-6547;16>31>
24295-4224;16>31>
27770-4224;16>31>
28236-4429;16>31>
28236-4429;16>31>
28236-4429;16>31>
29688-4224;16>31>
30609-4429;16>31>
30688-4429;16>31>
30698-4429;16>31>
13036-4429;16>31>30>
13036-4429;16>31>30>
13036-4429;16>31>30>
15183-5786;16>31>30>
24295-4224;16>31>30>
28236-4429;16>31>30>
30688-4429;16>31>30>
30698-4429;16>31>30>
15183-5786;16>31>30>30>
28236-4429;16>31>30>30>
30688-4429;16>31>30>30>
30698-4429;16>31>30>30>
13036-4429;16 30>
13036-4429;16 30>
15183-5786;16 30>
15183-6547;16 30>
18200-6547;16 30>
19173-4429;16 30>
27770-4224;16 30>
28236-4429;16 30>
30688-4429;16 30>
30698-4429;16 30>
13036-4429;16 30>31>
13036-4429;16 30>31>
15183-5786;16 30>31>
18200-6547;16 30>31>
27770-4224;16 30>31>
28236-4429;16 30>31>
30688-4429;16 30>31>
30698-4429;16 30>31>
13036-4429;16 30>31>30>
13036-4429;16 30>31>30>
15183-5786;16 30>31>30>
30688-4429;16 30>31>30>
30698-4429;16 30>31>30>
15183-5786;16 30>31>30>30>
30688-4429;16 30>31>30>30>
30698-4429;16 30>31>30>30>
13036-4429;16 31>
14884-4428;16 31>
15183-6547;16 31>
18200-6547;16 31>
21782-5786;16 31>
27770-4224;16 31>
28236-4429;16 31>
29688-4224;16 31>
13036-4429;16 31>31>
18200-6547;16 31>31>
27770-4224;16 31>31>
28236-4429;16 31>31>
29688-4224;16 31>31>
14884-4428;16 41>
15735-5786;16 41>
30609-4429;16 41>
13036-4429;17>30>
24295-4224;17>30>
27813-7111;17>30>
27813-7111;17>30>
28236-4429;17>30>
30609-4429;17>30>
30609-4429;17>30>
30609-4429;17>30>
30609-4429;17>30>
13036-4429;17 30>
13036-4429;17 30>
24295-4224;17 30>
27813-7111;17 30>
27813-7111;17 30>
28236-4429;17 30>
30609-4429;17 30>
30609-4429;17 30>
13036-4429;17 30>30>
24295-4224;17 30>30>
27813-7111;17 30>30>
27813-7111;17 30>30>
28236-4429;17 30>30>
30609-4429;17 30>30>
30609-4429;17 30>30>
15183-6547;17 31>
28236-4429;17 31>
28236-4429;17 31>
28236-4429;28 31>
28236-4429;28 31>
28236-4429;28 31>
29688-4224;29>4>
30609-4429;29>4>
30609-4429;29>4>
29688-4224;29>4>13>
30609-4429;29>4>13>
30609-4429;29>4>13>
13036-4429;30>14>
13036-4429;30>14>
15183-5786;30>14>
18200-6547;30>14>
19173-4429;30>14>
24295-4224;30>14>
24295-4224;30>14>
24295-4224;30>14>
24303-7111;30>14>
24303-7111;30>14>
27813-7111;30>14>
27813-7111;30>14>
28236-4429;30>14>
28236-4429;30>14>
30688-4429;30>14>
13036-4429;30>14>31>
13036-4429;30>14>31>
15183-5786;30>14>31>
24295-4224;30>14>31>
24295-4224;30>14>31>
24295-4224;30>14>31>
24303-7111;30>14>31>
28236-4429;30>14>31>
13036-4429;30>14>31>30>
24295-4224;30>14>31>30>
24303-7111;30>14>31>30>
13036-4429;30>30>
13036-4429;30>30>
13036-4429;30>30>
13036-4429;30>30>
13036-4429;30>30>
13036-4429;30>30>
13036-4429;30>30>
15183-5786;30>30>
15183-5786;30>30>
15183-5786;30>30>
18200-6547;30>30>
18200-6547;30>30>
18200-6547;30>30>
19173-4429;30>30>
24295-4224;30>30>
24295-4224;30>30>
24295-4224;30>30>
24295-4224;30>30>
24295-4224;30>30>
24295-4224;30>30>
24295-4224;30>30>
24303-7111;30>30>
27770-4224;30>30>
27813-7111;30>30>
27813-7111;30>30>
27813-7111;30>30>
27813-7111;30>30>
28236-4429;30>30>
28236-4429;30>30>
28236-4429;30>30>
28236-4429;30>30>
28236-4429;30>30>
28236-4429;30>30>
30609-4429;30>30>
30609-4429;30>30>
30609-4429;30>30>
30688-4429;30>30>
30698-4429;30>30>
30698-4429;30>30>
30698-4429;30>30>
30753-4429;30>30>
19173-4429;30>30>14>
24303-7111;30>30>14>
27813-7111;30>30>14>
27813-7111;30>30>14>
13036-4429;30>30>30>
13036-4429;30>30>30>
13036-4429;30>30>30>
18200-6547;30>30>30>
18200-6547;30>30>30>
19173-4429;30>30>30>
24295-4224;30>30>30>
24295-4224;30>30>30>
24303-7111;30>30>30>
27813-7111;30>30>30>
30698-4429;30>30>30>
30698-4429;30>30>30>
30698-4429;30>30>30>
19173-4429;30>30>30>14>
24303-7111;30>30>30>14>
27813-7111;30>30>30>14>
13036-4429;30>30>30>30>
13036-4429;30>30>30>30>
19173-4429;30>30>30>30>
24303-7111;30>30>30>30>
30698-4429;30>30>30>30>
13036-4429;30>30>30>30>30>
13036-4429;30>30>30>30>30>
30698-4429;30>30>30>30>30>
13036-4429;30>30>30>30>30>30>
13036-4429;30>30>30>30>30>30>
30698-4429;30>30>30>30>30>30>
13036-4429;30>30>30>30>30>30>30>
13036-4429;30>30>30>30>30>30>30>
30698-4429;30>30>30>30>30>30>30>
13036-4429;30>30>30>30>30>30>30>30>
13036-4429;30>30>30>30>30>30>30>30>
30698-4429;30>30>30>30>30>30>30>30>
13036-4429;30>30>30>30>30>30>30>30>30>
13036-4429;30>30>30>30>30>30>30>30>30>
30698-4429;30>30>30>30>30>30>30>30>30>
13036-4429;30>30>30>30>30>30>30>30>30>30>
13036-4429;30>30>30>30>30>30>30>30>30>30>
30698-4429;30>30>30>30>30>30>30>30>30>30>
13036-4429;30>30>30>30>30>30>30>30>30>30>30>
13036-4429;30>30>30>30>30>30>30>30>30>30>30>
30698-4429;30>30>30>30>30>30>30>30>30>30>30>
13036-4429;30>30>30>30>30>30>30>30>30>30>30>30>
13036-4429;30>30>30>30>30>30>30>30>30>30>30>30>
30698-4429;30>30>30>30>30>30>30>30>30>30>30>30>
13036-4429;30>30>30>30>30>30>30>30>30>30>30>30>30>
13036-4429;30>30>30>30>30>30>30>30>30>30>30>30>30>
30698-4429;30>30>30>30>30>30>30>30>30>30>30>30>30>
24295-4224;30>30>31>
24295-4224;30>30>31>
24295-4224;30>30>31>
24295-4224;30>30>31>
24295-4224;30>30>31>
24295-4224;30>30>31>
27813-7111;30>30>31>
27813-7111;30>30>31>
28236-4429;30>30>31>
30609-4429;30>30>31>
24295-4224;30>30>31>30>
24295-4224;30>30>31>30>
24295-4224;30>30>31>30>
24295-4224;30>30>31>30>
24295-4224;30>30>31>30>
24295-4224;30>30>31>30>
27813-7111;30>30>31>30>
24295-4224;30>30>31>30>31>
24295-4224;30>30>31>30>31>
24295-4224;30>30>31>30>31>
24295-4224;30>30>31>30>31>
24295-4224;30>30>31>30>31>
27813-7111;30>30>31>30>31>
24295-4224;30>30>31>30>31>30>
24295-4224;30>30>31>30>31>30>
24295-4224;30>30>31>30>31>30>
13036-4429;30>30>48>
13036-4429;30>30>48>
28236-4429;30>30>48>
13036-4429;30>31>
13036-4429;30>31>
13036-4429;30>31>
13036-4429;30>31>
13036-4429;30>31>
13036-4429;30>31>
13036-4429;30>31>
13036-4429;30>31>
13036-4429;30>31>
13036-4429;30>31>
14884-4428;30>31>
15183-5786;30>31>
15183-5786;30>31>
15183-5786;30>31>
15183-5786;30>31>
18200-6547;30>31>
19173-4429;30>31>
24295-4224;30>31>
24295-4224;30>31>
24295-4224;30>31>
24295-4224;30>31>
24295-4224;30>31>
24295-4224;30>31>
24295-4224;30>31>
24295-4224;30>31>
24295-4224;30>31>
24303-7111;30>31>
27770-4224;30>31>
27770-4224;30>31>
27770-4224;30>31>
27813-7111;30>31>
27813-7111;30>31>
27813-7111;30>31>
28236-4429;30>31>
28236-4429;30>31>
28236-4429;30>31>
28236-4429;30>31>
28236-4429;30>31>
28236-4429;30>31>
30609-4429;30>31>
30609-4429;30>31>
30688-4429;30>31>
30698-4429;30>31>
30698-4429;30>31>
13036-4429;30>31>14>
24295-4224;30>31>14>
27770-4224;30>31>14>
28236-4429;30>31>14>
28236-4429;30>31>14>
28236-4429;30>31>14>
27770-4224;30>31>14>31>
28236-4429;30>31>14>31>
28236-4429;30>31>14>31>
13036-4429;30>31>30>
13036-4429;30>31>30>
13036-4429;30>31>30>
13036-4429;30>31>30>
13036-4429;30>31>30>
13036-4429;30>31>30>
15183-5786;30>31>30>
15183-5786;30>31>30>
24295-4224;30>31>30>
24295-4224;30>31>30>
24295-4224;30>31>30>
24295-4224;30>31>30>
24295-4224;30>31>30>
24295-4224;30>31>30>
24295-4224;30>31>30>
24303-7111;30>31>30>
27770-4224;30>31>30>
27813-7111;30>31>30>
28236-4429;30>31>30>
28236-4429;30>31>30>
30688-4429;30>31>30>
30698-4429;30>31>30>
13036-4429;30>31>30>30>
13036-4429;30>31>30>30>
15183-5786;30>31>30>30>
24295-4224;30>31>30>30>
30688-4429;30>31>30>30>
30698-4429;30>31>30>30>
13036-4429;30>31>30>31>
13036-4429;30>31>30>31>
13036-4429;30>31>30>31>
24295-4224;30>31>30>31>
24295-4224;30>31>30>31>
24295-4224;30>31>30>31>
24295-4224;30>31>30>31>
24295-4224;30>31>30>31>
24295-4224;30>31>30>31>
24303-7111;30>31>30>31>
27813-7111;30>31>30>31>
28236-4429;30>31>30>31>
13036-4429;30>31>30>31>30>
13036-4429;30>31>30>31>30>
13036-4429;30>31>30>31>30>
24295-4224;30>31>30>31>30>
24295-4224;30>31>30>31>30>
24295-4224;30>31>30>31>30>
24295-4224;30>31>30>31>30>
24303-7111;30>31>30>31>30>
13036-4429;30>31>30>31>30>31>
13036-4429;30>31>30>31>30>31>
24295-4224;30>31>30>31>30>31>
24295-4224;30>31>30>31>30>31>
24303-7111;30>31>30>31>30>31>
13036-4429;30>31>30>31>30>31>30>
24295-4224;30>31>30>31>30>31>30>
24303-7111;30>31>30>31>30>31>30>
13036-4429;30>31>30>31>30>31>30>31>
24295-4224;30>31>30>31>30>31>30>31>
24303-7111;30>31>30>31>30>31>30>31>
13036-4429;30>31>30>48>
24295-4224;30>31>30>48>
28236-4429;30>31>30>48>
19173-4429;30>31>48>
24295-4224;30>31>48>
28236-4429;30>31>48>
13036-4429;30>32>
13036-4429;30>32>
27770-4224;30>32>
28236-4429;30>32>
30609-4429;30>32>
13036-4429;30>32>14>
13036-4429;30>32>14>
28236-4429;30>32>14>
13036-4429;30>32>14>31>
13036-4429;30>32>14>31>
28236-4429;30>32>14>31>
15183-6547;30>41>
18200-6547;30>41>
21782-5786;30>41>
28236-4429;30>41>
29688-4224;30>41>
15183-6547;30>41>41>
18200-6547;30>41>41>
21782-5786;30>41>41>
13036-4429;30>48>
13036-4429;30>48>
13036-4429;30>48>
13036-4429;30>48>
13036-4429;30>48>
15183-5786;30>48>
15183-6547;30>48>
24295-4224;30>48>
24295-4224;30>48>
28236-4429;30>48>
28236-4429;30>48>
30609-4429;30>48>
13036-4429;30>48>14>
13036-4429;30>48>14>
15183-6547;30>48>14>
13036-4429;30 31>
15183-5786;30 31>
15183-5786;30 31>
15183-5786;30 31>
15183-6547;30 31>
18200-6547;30 31>
18200-6547;30 31>
18200-6547;30 31>
19173-4429;30 31>
24295-4224;30 31>
24295-4224;30 31>
24295-4224;30 31>
24295-4224;30 31>
24295-4224;30 31>
24295-4224;30 31>
24295-4224;30 31>
24295-4224;30 31>
24303-7111;30 31>
27770-4224;30 31>
27770-4224;30 31>
27813-7111;30 31>
27813-7111;30 31>
27813-7111;30 31>
28236-4429;30 31>
28236-4429;30 31>
28236-4429;30 31>
28236-4429;30 31>
30609-4429;30 31>
30609-4429;30 31>
30688-4429;30 31>
30753-4429;30 31>
18200-6547;30 31>14>
24295-4224;30 31>14>
28236-4429;30 31>14>
15183-5786;30 31>30>
18200-6547;30 31>30>
24295-4224;30 31>30>
24295-4224;30 31>30>
24295-4224;30 31>30>
24303-7111;30 31>30>
27813-7111;30 31>30>
28236-4429;30 31>30>
30753-4429;30 31>30>
24295-4224;30 31>30>31>
24295-4224;30 31>30>31>
24295-4224;30 31>30>31>
28236-4429;30 31>30>31>
24295-4224;30 31>30>31>30>
24295-4224;30 31>30>31>30>
24295-4224;30 31>30>31>30>
24295-4224;30 31>30>31>30>31>
24295-4224;30 31>30>31>30>31>
24295-4224;30 31>30>31>30>31>
24295-4224;30 31>31>
24295-4224;30 31>31>
27770-4224;30 31>31>
28236-4429;30 31>31>
30609-4429;30 31>31>
15183-5786;30 31 41>
18200-6547;30 31 41>
18200-6547;30 31 41>
19173-4429;30 31 41>
24295-4224;30 31 41>
28236-4429;30 31 41>
30688-4429;30 31 41>
27770-4224;30 32>
27813-7111;30 32>
28236-4429;30 32>
15183-5786;30 41>
18200-6547;30 41>
18200-6547;30 41>
18200-6547;30 41>
19173-4429;30 41>
24295-4224;30 41>
28236-4429;30 41>
30609-4429;30 41>
30688-4429;30 41>
13036-4429;31>14>
13036-4429;31>14>
13036-4429;31>14>
15183-6547;31>14>
15735-5786;31>14>
18200-6547;31>14>
18200-6547;31>14>
24295-4224;31>14>
24295-4224;31>14>
24303-7111;31>14>
27770-4224;31>14>
28236-4429;31>14>
28236-4429;31>14>
28236-4429;31>14>
28236-4429;31>14>
28236-4429;31>14>
28236-4429;31>14>
30609-4429;31>14>
13036-4429;31>14>31>
18200-6547;31>14>31>
24295-4224;31>14>31>
24303-7111;31>14>31>
27770-4224;31>14>31>
28236-4429;31>14>31>
28236-4429;31>14>31>
28236-4429;31>14>31>
28236-4429;31>14>31>
24295-4224;31>15>
24295-4224;31>15>
24303-7111;31>15>
28236-4429;31>15>
24295-4224;31>16>
28236-4429;31>16>
30609-4429;31>16>
24295-4224;31>16>31>
28236-4429;31>16>31>
30609-4429;31>16>31>
13036-4429;31>30>
13036-4429;31>30>
13036-4429;31>30>
13036-4429;31>30>
13036-4429;31>30>
13036-4429;31>30>
13036-4429;31>30>
13036-4429;31>30>
13036-4429;31>30>
13036-4429;31>30>
13036-4429;31>30>
13036-4429;31>30>
13036-4429;31>30>
13036-4429;31>30>
14884-4428;31>30>
15183-5786;31>30>
15183-5786;31>30>
15183-5786;31>30>
15183-6547;31>30>
15183-6547;31>30>
15183-6547;31>30>
15735-5786;31>30>
18200-6547;31>30>
18200-6547;31>30>
19173-4429;31>30>
19173-4429;31>30>
24295-4224;31>30>
24295-4224;31>30>
24295-4224;31>30>
24295-4224;31>30>
24295-4224;31>30>
24295-4224;31>30>
24295-4224;31>30>
24295-4224;31>30>
24295-4224;31>30>
24295-4224;31>30>
24295-4224;31>30>
24295-4224;31>30>
24303-7111;31>30>
24303-7111;31>30>
27770-4224;31>30>
27770-4224;31>30>
27813-7111;31>30>
27813-7111;31>30>
27813-7111;31>30>
28236-4429;31>30>
28236-4429;31>30>
28236-4429;31>30>
28236-4429;31>30>
28236-4429;31>30>
28236-4429;31>30>
28236-4429;31>30>
30688-4429;31>30>
30698-4429;31>30>
30698-4429;31>30>
30753-4429;31>30>
13036-4429;31>30>14>
13036-4429;31>30>14>
24295-4224;31>30>14>
24295-4224;31>30>14>
24303-7111;31>30>14>
27813-7111;31>30>14>
13036-4429;31>30>14>31>
13036-4429;31>30>14>31>
24295-4224;31>30>14>31>
24295-4224;31>30>14>31>
24303-7111;31>30>14>31>
13036-4429;31>30>14>31>30>
24295-4224;31>30>14>31>30>
24303-7111;31>30>14>31>30>
13036-4429;31>30>30>
13036-4429;31>30>30>
13036-4429;31>30>30>
13036-4429;31>30>30>
13036-4429;31>30>30>
15183-5786;31>30>30>
18200-6547;31>30>30>
19173-4429;31>30>30>
24295-4224;31>30>30>
24295-4224;31>30>30>
24295-4224;31>30>30>
24295-4224;31>30>30>
24303-7111;31>30>30>
27770-4224;31>30>30>
27813-7111;31>30>30>
28236-4429;31>30>30>
28236-4429;31>30>30>
30688-4429;31>30>30>
30698-4429;31>30>30>
30698-4429;31>30>30>
13036-4429;31>30>30>30>
13036-4429;31>30>30>30>
18200-6547;31>30>30>30>
19173-4429;31>30>30>30>
24295-4224;31>30>30>30>
24295-4224;31>30>30>30>
24303-7111;31>30>30>30>
27813-7111;31>30>30>30>
30698-4429;31>30>30>30>
30698-4429;31>30>30>30>
13036-4429;31>30>30>30>30>
19173-4429;31>30>30>30>30>
30698-4429;31>30>30>30>30>
13036-4429;31>30>31>
13036-4429;31>30>31>
13036-4429;31>30>31>
13036-4429;31>30>31>
13036-4429;31>30>31>
13036-4429;31>30>31>
13036-4429;31>30>31>
19173-4429;31>30>31>
24295-4224;31>30>31>
24295-4224;31>30>31>
24295-4224;31>30>31>
24295-4224;31>30>31>
24295-4224;31>30>31>
24295-4224;31>30>31>
24303-7111;31>30>31>
27813-7111;31>30>31>
28236-4429;31>30>31>
28236-4429;31>30>31>
13036-4429;31>30>31>14>
28236-4429;31>30>31>14>
28236-4429;31>30>31>14>
13036-4429;31>30>31>30>
13036-4429;31>30>31>30>
13036-4429;31>30>31>30>
13036-4429;31>30>31>30>
13036-4429;31>30>31>30>
24295-4224;31>30>31>30>
24295-4224;31>30>31>30>
24295-4224;31>30>31>30>
24295-4224;31>30>31>30>
24295-4224;31>30>31>30>
24295-4224;31>30>31>30>
24303-7111;31>30>31>30>
28236-4429;31>30>31>30>
13036-4429;31>30>31>30>31>
13036-4429;31>30>31>30>31>
24295-4224;31>30>31>30>31>
24295-4224;31>30>31>30>31>
24295-4224;31>30>31>30>31>
24295-4224;31>30>31>30>31>
24295-4224;31>30>31>30>31>
24303-7111;31>30>31>30>31>
28236-4429;31>30>31>30>31>
13036-4429;31>30>31>30>31>30>
13036-4429;31>30>31>30>31>30>
24295-4224;31>30>31>30>31>30>
24295-4224;31>30>31>30>31>30>
24295-4224;31>30>31>30>31>30>
24303-7111;31>30>31>30>31>30>
13036-4429;31>30>31>30>31>30>31>
13036-4429;31>30>31>30>31>30>31>
24295-4224;31>30>31>30>31>30>31>
24295-4224;31>30>31>30>31>30>31>
24303-7111;31>30>31>30>31>30>31>
13036-4429;31>30>32>
27770-4224;31>30>32>
28236-4429;31>30>32>
13036-4429;31>30>48>
13036-4429;31>30>48>
15183-6547;31>30>48>
24295-4224;31>30>48>
28236-4429;31>30>48>
13036-4429;31>31>
13036-4429;31>31>
13036-4429;31>31>
14884-4428;31>31>
14884-4428;31>31>
15183-6547;31>31>
15183-6547;31>31>
15183-6547;31>31>
15735-5786;31>31>
18200-6547;31>31>
18200-6547;31>31>
21782-5786;31>31>
24295-4224;31>31>
24295-4224;31>31>
24295-4224;31>31>
24295-4224;31>31>
27770-4224;31>31>
27770-4224;31>31>
28236-4429;31>31>
28236-4429;31>31>
28236-4429;31>31>
28236-4429;31>31>
28236-4429;31>31>
28236-4429;31>31>
28236-4429;31>31>
29688-4224;31>31>
30609-4429;31>31>
15183-6547;31>31>14>
28236-4429;31>31>14>
28236-4429;31>31>14>
13036-4429;31>31>30>
13036-4429;31>31>30>
14884-4428;31>31>30>
15735-5786;31>31>30>
18200-6547;31>31>30>
28236-4429;31>31>30>
13036-4429;31>31>31>
24295-4224;31>31>31>
24295-4224;31>31>31>
13036-4429;31>32>
13036-4429;31>32>
24303-7111;31>32>
28236-4429;31>32>
28236-4429;31>32>
13036-4429;31>41>
14884-4428;31>41>
18200-6547;31>41>
24295-4224;31>41>
30609-4429;31>41>
30609-4429;31>41>
13036-4429;31>41>41>
24295-4224;31>41>41>
30609-4429;31>41>41>
15735-5786;31>48>
18200-6547;31>48>
19173-4429;31>48>
24295-4224;31>48>
28236-4429;31>48>
28236-4429;31>48>
29688-4224;31>48>
30609-4429;31>48>
30609-4429;31>48>
30609-4429;31>48>
27813-7111;31 32>
28236-4429;31 32>
30609-4429;31 32>
13036-4429;31 41>
14884-4428;31 41>
14884-4428;31 41>
15183-5786;31 41>
15183-5786;31 41>
18200-6547;31 41>
18200-6547;31 41>
18200-6547;31 41>
18200-6547;31 41>
18200-6547;31 41>
18200-6547;31 41>
19173-4429;31 41>
19173-4429;31 41>
19173-4429;31 41>
21782-5786;31 41>
21782-5786;31 41>
23859-6395;31 41>
24295-4224;31 41>
24295-4224;31 41>
24303-7111;31 41>
28236-4429;31 41>
28236-4429;31 41>
28236-4429;31 41>
29688-4224;31 41>
30609-4429;31 41>
30688-4429;31 41>
30688-4429;31 41>
30698-4429;31 41>
30698-4429;31 41>
30698-4429;31 41>
18200-6547;31 41>14>
18200-6547;31 41>14>
24303-7111;31 41>14>
13036-4429;31 41>30>
15183-5786;31 41>30>
19173-4429;31 41>30>
19173-4429;31 41>30>
21782-5786;31 41 48>
23859-6395;31 41 48>
30698-4429;31 41 48>
19173-4429;31 48>
21782-5786;31 48>
23859-6395;31 48>
28236-4429;31 48>
29688-4224;31 48>
29688-4224;31 48>
30609-4429;31 48>
30698-4429;31 48>
30698-4429;31 48>
13036-4429;32>14>
13036-4429;32>14>
24295-4224;32>14>
28236-4429;32>14>
28236-4429;32>14>
28236-4429;32>14>
28236-4429;32>14>
30609-4429;32>14>
13036-4429;32>14>31>
13036-4429;32>14>31>
28236-4429;32>14>31>
28236-4429;32>14>31>
13036-4429;32>14>31>30>
13036-4429;32>14>31>30>
28236-4429;32>14>31>30>
13036-4429;32>31>
24295-4224;32>31>
24295-4224;32>31>
24303-7111;32>31>
27770-4224;32>31>
27770-4224;32>31>
27813-7111;32>31>
30609-4429;32>31>
30609-4429;32>31>
30609-4429;32>31>
13036-4429;32>31>30>
24295-4224;32>31>30>
24303-7111;32>31>30>
27770-4224;32>31>30>
15735-5786;33>36>
15735-5786;33>36>
18200-6547;33>36>
29688-4224;33>36>
15183-6547;33 36>
18200-6547;33 36>
30688-4429;33 36>
15183-6547;33 36 38>
18200-6547;33 36 38>
30688-4429;33 36 38>
15183-6547;33 38>
18200-6547;33 38>
30688-4429;33 38>
13036-4429;34>37>
15183-6547;34>37>
15735-5786;34>37>
21782-5786;34>37>
29688-4224;34>37>
15183-6547;34>37>38>
15735-5786;34>37>38>
29688-4224;34>37>38>
15183-6547;36>34>
15735-5786;36>34>
15735-5786;36>34>
18200-6547;36>34>
21782-5786;36>34>
29688-4224;36>34>
29688-4224;36>34>
15183-6547;36>34>37>
15735-5786;36>34>37>
21782-5786;36>34>37>
29688-4224;36>34>37>
15183-6547;36>34>37>38>
15735-5786;36>34>37>38>
29688-4224;36>34>37>38>
18200-6547;36>36>
21782-5786;36>36>
29688-4224;36>36>
29688-4224;36>36>
29688-4224;36>36>
30698-4429;36>36>
18200-6547;36>36>34>
21782-5786;36>36>34>
29688-4224;36>36>34>
21782-5786;36>36>36>
29688-4224;36>36>36>
29688-4224;36>36>36>
29688-4224;36>36>36>
30698-4429;36>36>36>
21782-5786;36>36>36>36>
29688-4224;36>36>36>36>
29688-4224;36>36>36>36>
29688-4224;36>36>36>36>
30698-4429;36>36>36>36>
21782-5786;36>36>36>36>36>
29688-4224;36>36>36>36>36>
29688-4224;36>36>36>36>36>
15183-6547;36 38>
18200-6547;36 38>
30688-4429;36 38>
30753-4429;36 38>
13036-4429;37>36>
15735-5786;37>36>
29688-4224;37>36>
15183-6547;37>38>
15735-5786;37>38>
29688-4224;37>38>
13036-4429;38>14>
15183-6547;38>14>
15735-5786;38>14>
29688-4224;38>14>
30753-4429;38>14>
30753-4429;38>14>
13036-4429;38 41>
21782-5786;38 41>
21782-5786;38 41>
21782-5786;38 41>
22779-4224;38 41>
30753-4429;38 41>
15183-6547;41>14>
18200-6547;41>14>
18200-6547;41>14>
24295-4224;41>14>
24303-7111;41>14>
29688-4224;41>14>
30609-4429;41>14>
30609-4429;41>14>
15183-6547;41>14>31>
18200-6547;41>14>31>
24295-4224;41>14>31>
24303-7111;41>14>31>
30609-4429;41>14>31>
13036-4429;41>30>
15183-5786;41>30>
19173-4429;41>30>
19173-4429;41>30>
13036-4429;41>31>
13036-4429;41>31>
14884-4428;41>31>
15183-5786;41>31>
15183-6547;41>31>
15735-5786;41>31>
15735-5786;41>31>
18200-6547;41>31>
18200-6547;41>31>
24295-4224;41>31>
27813-7111;41>31>
30609-4429;41>31>
30609-4429;41>31>
13036-4429;41>31>30>
24295-4224;41>31>30>
27813-7111;41>31>30>
13036-4429;41>41>
14884-4428;41>41>
15183-6547;41>41>
18200-6547;41>41>
18200-6547;41>41>
18200-6547;41>41>
18200-6547;41>41>
21782-5786;41>41>
21782-5786;41>41>
24295-4224;41>41>
24295-4224;41>41>
24295-4224;41>41>
29688-4224;41>41>
29688-4224;41>41>
29688-4224;41>41>
29688-4224;41>41>
29688-4224;41>41>
30609-4429;41>41>
30609-4429;41>41>
30688-4429;41>41>
13036-4429;41>41>31>
18200-6547;41>41>31>
18200-6547;41>41>31>
14884-4428;41>41>41>
18200-6547;41>41>41>
18200-6547;41>41>41>
21782-5786;41>41>41>
24295-4224;41>41>41>
24295-4224;41>41>41>
29688-4224;41>41>41>
29688-4224;41>41>41>
30609-4429;41>41>41>
18200-6547;41>41>41>41>
21782-5786;41>41>41>41>
29688-4224;41>41>41>41>
29688-4224;41>48>
29688-4224;41>48>
30609-4429;41>48>
21782-5786;41 48>
21782-5786;41 48>
23859-6395;41 48>
28236-4429;41 48>
29688-4224;41 48>
29688-4224;41 48>
30609-4429;41 48>
30698-4429;41 48>
29688-4224;41 49>
29688-4224;41 49>
30698-4429;41 49>
30698-4429;41 49>
13036-4429;48>14>
13036-4429;48>14>
13036-4429;48>14>
15183-6547;48>14>
15183-6547;48>14>
18200-6547;48>14>
28236-4429;48>14>
30609-4429;48>14>
30609-4429;48>14>
30609-4429;48>14>
15183-5786;48>29>
29688-4224;48>29>
30609-4429;48>29>
30609-4429;48>29>
30609-4429;48>29>
30609-4429;48>29>
30609-4429;48>29>
30698-4429;48>29>
29688-4224;48>29>4>
30609-4429;48>29>4>
30609-4429;48>29>4>
29688-4224;48>29>4>13>
30609-4429;48>29>4>13>
30609-4429;48>29>4>13>
13036-4429;48>31>
27770-4224;48>31>
30609-4429;48>31>
30698-4429;48>31>
13036-4429;48>48>
15183-6547;48>48>
28236-4429;48>48>
29688-4224;48>48>
30609-4429;48>48>
13036-4429;48>48>48>
15183-6547;48>48>48>
28236-4429;48>48>48>
29688-4224;48>48>48>
15183-6547;48>48>48>48>
28236-4429;48>48>48>48>
29688-4224;48>48>48>48>
13036-4429;48>49>
13036-4429;48>49>
24295-4224;48>49>
24295-4224;48>49>
24295-4224;48>49>
24295-4224;48>49>
30609-4429;48>49>
13036-4429;48>49>14>
13036-4429;48>49>14>
24295-4224;48>49>14>
24295-4224;48 49>
29688-4224;48 49>
30609-4429;48 49>
30609-4429;48 49>
13036-4429;49>14>
13036-4429;49>14>
13036-4429;49>14>
13036-4429;49>14>
24295-4224;49>14>
24295-4224;49>14>
24295-4224;49>14>
28236-4429;49>14>
30609-4429;49>14>
13036-4429;49>14>31>
13036-4429;49>14>31>
24295-4224;49>14>31>
28236-4429;49>14>31>
13036-4429;49>48>
13036-4429;49>48>
30609-4429;49>48>
30609-4429;49>48>
24295-4224;49>49>
24295-4224;49>49>
24295-4224;49>49>
24295-4224;49>49>
29688-4224;49>49>
29688-4224;49>49>
30609-4429;49>49>
24295-4224;49>49>14>
24295-4224;49>49>14>
24295-4224;49>49>14>
29688-4224;49>49>49>
29688-4224;49>49>49>
30609-4429;49>49>49>
29688-4224;49>49>49>49>
29688-4224;49>49>49>49>
30609-4429;49>49>49>49>
