10461-4428;32>
10461-4428;32>
10546-4428;32>
10546-4428;32>
10546-4428;32>
10546-4428;32>
10461-4428;33>
10461-4428;6>
10461-4428;6>
10461-4428;6>
10461-4428;6>
10461-4428;6>
10461-4428;6>
10461-4428;38>
10461-4428;7>
10461-4428;7>
10546-4428;7>
10461-4428;41>
10461-4428;41>
10461-4428;41>
10461-4428;41>
10461-4428;41>
10461-4428;41>
10461-4428;41>
10546-4428;41>
10546-4428;41>
10546-4428;41>
10546-4428;41>
10546-4428;41>
10546-4428;41>
10461-4428;9>
10461-4428;11>
10461-4428;14>
10461-4428;14>
10461-4428;14>
10461-4428;14>
10461-4428;14>
10461-4428;14>
10461-4428;14>
10461-4428;14>
10461-4428;14>
10461-4428;14>
10461-4428;14>
10461-4428;14>
10461-4428;14>
10461-4428;14>
10461-4428;14>
10461-4428;14>
10461-4428;14>
10461-4428;14>
10461-4428;14>
10546-4428;14>
10546-4428;14>
10546-4428;14>
10546-4428;14>
10546-4428;14>
10546-4428;14>
10461-4428;16>
10461-4428;16>
10461-4428;16>
10461-4428;16>
10546-4428;16>
10461-4428;48>
10461-4428;48>
10461-4428;48>
10461-4428;48>
10461-4428;48>
10461-4428;48>
10546-4428;48>
10546-4428;48>
10546-4428;48>
10546-4428;48>
10546-4428;48>
10546-4428;48>
10546-4428;48>
10546-4428;48>
10461-4428;49>
10461-4428;17>
10461-4428;17>
10461-4428;17>
10546-4428;17>
10546-4428;24>
10461-4428;28>
10461-4428;29>
10461-4428;30>
10461-4428;30>
10461-4428;30>
10461-4428;30>
10461-4428;30>
10461-4428;30>
10461-4428;30>
10461-4428;30>
10461-4428;30>
10461-4428;30>
10461-4428;30>
10461-4428;30>
10461-4428;30>
10461-4428;30>
10461-4428;30>
10461-4428;30>
10461-4428;30>
10461-4428;30>
10546-4428;30>
10546-4428;30>
10546-4428;30>
10546-4428;30>
10546-4428;30>
10461-4428;31>
10461-4428;31>
10461-4428;31>
10461-4428;31>
10461-4428;31>
10461-4428;31>
10461-4428;31>
10461-4428;31>
10461-4428;31>
10461-4428;31>
10461-4428;31>
10461-4428;31>
10461-4428;31>
10461-4428;31>
10461-4428;31>
10461-4428;31>
10461-4428;31>
10461-4428;31>
10461-4428;31>
10461-4428;31>
10461-4428;31>
10461-4428;31>
10461-4428;31>
10546-4428;31>
10546-4428;31>
10546-4428;31>
10546-4428;31>
10546-4428;31>
10546-4428;31>
10546-4428;31>
10546-4428;31>
10546-4428;32>32>
10546-4428;32>32>24>
10546-4428;32>32>24>32>
10546-4428;32>32>24>32>24>
10546-4428;32>32>24>32>24>32>
10546-4428;32>32>24>32>24>32>24>
10546-4428;32>32>24>32>24>32>24>32>
10546-4428;32>32>24>32>24>32>24>32>32>
10546-4428;32>32>24>32>24>32>24>32>32>24>
10461-4428;32>14>
10546-4428;32>24>
10546-4428;32>24>32>
10546-4428;32>24>32>32>
10546-4428;32>24>32>32>24>
10546-4428;32>24>32>32>24>32>
10546-4428;32>24>32>32>24>32>24>
10546-4428;32>24>32>32>24>32>24>32>
10546-4428;32>24>32>32>24>32>24>32>24>
10546-4428;32>24>32>32>24>32>24>32>24>32>
10546-4428;32>24>32>32>24>32>24>32>24>32>32>
10546-4428;32>24>32>32>24>32>24>32>24>32>32>24>
10546-4428;32>24>32>24>
10546-4428;32>24>32>24>32>
10546-4428;32>24>32>24>32>32>
10546-4428;32>24>32>24>32>32>24>
10546-4428;32>24>32>24>32>32>24>32>
10546-4428;32>24>32>24>32>32>24>32>24>
10546-4428;32>24>32>24>32>32>24>32>24>32>
10546-4428;32>24>32>24>32>32>24>32>24>32>24>
10546-4428;32>24>32>24>32>32>24>32>24>32>24>32>
10546-4428;32>24>32>24>32>32>24>32>24>32>24>32>32>
10546-4428;32>24>32>24>32>32>24>32>24>32>24>32>32>24>
10546-4428;32>24>32>24>32>24>
10546-4428;32>24>32>24>32>24>32>
10546-4428;32>24>32>24>32>24>32>32>
10546-4428;32>24>32>24>32>24>32>32>24>
10546-4428;32>24>32>24>32>24>32>32>24>32>
10546-4428;32>24>32>24>32>24>32>32>24>32>24>
10546-4428;32>24>32>24>32>24>32>32>24>32>24>32>
10546-4428;32>24>32>24>32>24>32>32>24>32>24>32>24>
10546-4428;32>24>32>24>32>24>32>32>24>32>24>32>24>32>
10546-4428;32>24>32>24>32>24>32>32>24>32>24>32>24>32>32>
10546-4428;32>24>32>24>32>24>32>32>24>32>24>32>24>32>32>24>
10461-4428;32>31>
10546-4428;32>31>
10461-4428;32>31>14>
10461-4428;32>31>14>31>
10461-4428;32>31>14>31>30>
10461-4428;33 38>
10461-4428;6>6>
10461-4428;6>41>
10461-4428;6 7>
10461-4428;6 7>
10461-4428;6 7>6>
10461-4428;6 7>41>
10461-4428;6 7 41>
10461-4428;6 7 41>41>
10461-4428;6 7 14>
10461-4428;6 7 14>6>
10461-4428;6 41>
10461-4428;6 41>
10461-4428;6 41>41>
10461-4428;6 41 48>
10461-4428;6 14>
10461-4428;6 14>
10461-4428;6 14>6>
10461-4428;6 48>
10461-4428;7>6>
10461-4428;7>41>
10546-4428;7>41>
10546-4428;7>41>41>
10546-4428;7>41>41>41>
10461-4428;7 41>
10461-4428;7 41>41>
10461-4428;7 14>
10546-4428;7 14>
10461-4428;7 14>6>
10546-4428;7 14>41>
10546-4428;7 14>41>41>
10546-4428;7 14>41>41>41>
10546-4428;7 14 48>
10546-4428;7 14 48>41>
10546-4428;7 14 48>41>41>
10546-4428;7 14 48>41>41>41>
10546-4428;7 48>
10546-4428;7 48>41>
10546-4428;7 48>41>41>
10546-4428;7 48>41>41>41>
10461-4428;41>41>
10546-4428;41>41>
10546-4428;41>41>
10546-4428;41>41>
10546-4428;41>41>41>
10546-4428;41>41>41>
10546-4428;41>41>41>
10546-4428;41>41>41>41>
10461-4428;41 48>
10546-4428;41 48>
10546-4428;41 48>
10461-4428;9>11>
10461-4428;11>9>
10461-4428;11>9>11>
10546-4428;14>32>
10546-4428;14>32>31>
10461-4428;14>6>
10546-4428;14>41>
10546-4428;14>41>
10546-4428;14>41>41>
10546-4428;14>41>41>
10546-4428;14>41>41>41>
10546-4428;14>41>41>41>
10461-4428;14>11>
10461-4428;14>11>9>
10461-4428;14>11>9>11>
10461-4428;14>31>
10461-4428;14>31>
10461-4428;14>31>
10461-4428;14>31>
10461-4428;14>31>
10461-4428;14>31>
10461-4428;14>31>
10546-4428;14>31>
10461-4428;14>31>30>
10461-4428;14>31>30>
10461-4428;14>31>30>
10461-4428;14>31>30>
10461-4428;14>31>30>
10461-4428;14>31>30>
10461-4428;14>31>30>30>
10461-4428;14>31>30>30>
10461-4428;14>31>30>30>30>
10461-4428;14>31>30>30>30>30>
10461-4428;14>31>30>30>30>30>30>
10461-4428;14>31>30>30>30>30>30>30>
10461-4428;14>31>30>30>30>30>30>30>30>
10461-4428;14>31>30>30>30>30>30>30>30>30>
10461-4428;14>31>30>30>30>30>30>30>30>30>30>
10461-4428;14>31>30>30>31>
10461-4428;14>31>30>31>
10461-4428;14>31>30>31>30>
10461-4428;14>31>30>31>30>30>
10546-4428;14>31>31>
10546-4428;14>31>31>31>
10461-4428;14 33>
10461-4428;14 33 38>
10461-4428;14 38>
10461-4428;14 41>
10461-4428;14 41>
10546-4428;14 41>
10546-4428;14 41 48>
10461-4428;14 48>
10546-4428;14 48>
10546-4428;14 48>
10546-4428;14 48>
10546-4428;14 48>41>
10546-4428;14 48>41>41>
10546-4428;14 48>41>41>41>
10461-4428;14 48>31>
10546-4428;14 48>31>
10461-4428;14 48>31>30>
10461-4428;14 48>31>30>31>
10461-4428;14 48>31>30>31>30>
10461-4428;14 48>31>30>31>30>30>
10546-4428;14 48>31>31>
10546-4428;14 48>31>31>31>
10461-4428;14 17>
10461-4428;14 17 41>
10461-4428;14 17 31>
10461-4428;14 17 31 41>
10461-4428;14 30>
10461-4428;14 30>
10461-4428;14 30>
10461-4428;14 30>31>
10461-4428;14 30>31>
10461-4428;14 30>31>30>
10461-4428;14 30>31>30>
10461-4428;14 30>31>30>30>
10461-4428;14 30>31>30>30>
10461-4428;14 30>31>30>30>30>
10461-4428;14 30>31>30>30>30>30>
10461-4428;14 30>31>30>30>30>30>30>
10461-4428;14 30>31>30>30>30>30>30>30>
10461-4428;14 30>31>30>30>30>30>30>30>30>
10461-4428;14 30>31>30>30>30>30>30>30>30>30>
10461-4428;14 30>31>30>30>30>30>30>30>30>30>30>
10461-4428;14 30>31>30>30>31>
10461-4428;14 31>
10461-4428;14 31>
10461-4428;14 31>
10461-4428;14 31>
10461-4428;14 31>
10461-4428;14 31>
10546-4428;14 31>
10546-4428;14 31>
10546-4428;14 31>
10546-4428;14 31>32>
10546-4428;14 31>32>31>
10461-4428;14 31>31>
10461-4428;14 31>31>
10461-4428;14 31>31>30>
10461-4428;14 31 41>
10546-4428;14 31 41>
10546-4428;14 31 41 48>
10546-4428;14 31 48>
10461-4428;16 30>
10461-4428;16 30>
10461-4428;16 30>
10461-4428;16 30>
10546-4428;16 30>
10461-4428;16 30 31>
10461-4428;16 30 31>
10461-4428;16 30 31>
10461-4428;16 31>
10461-4428;16 31>
10461-4428;16 31>
10546-4428;48>32>
10546-4428;48>32>24>
10546-4428;48>32>24>32>
10546-4428;48>32>24>32>24>
10546-4428;48>32>24>32>24>32>
10546-4428;48>32>24>32>24>32>24>
10546-4428;48>32>24>32>24>32>24>32>
10546-4428;48>32>24>32>24>32>24>32>32>
10546-4428;48>32>24>32>24>32>24>32>32>24>
10546-4428;48>32>24>32>24>32>24>32>32>24>32>
10546-4428;48>32>24>32>24>32>24>32>32>24>32>24>
10546-4428;48>32>24>32>24>32>24>32>32>24>32>24>32>
10546-4428;48>32>24>32>24>32>24>32>32>24>32>24>32>24>
10546-4428;48>32>24>32>24>32>24>32>32>24>32>24>32>24>32>
10546-4428;48>32>24>32>24>32>24>32>32>24>32>24>32>24>32>32>
10546-4428;48>32>24>32>24>32>24>32>32>24>32>24>32>24>32>32>24>
10546-4428;48>41>
10546-4428;48>41>41>
10546-4428;48>41>41>41>
10461-4428;48>14>
10461-4428;48>14>31>
10461-4428;48>14>31>30>
10546-4428;48>48>
10546-4428;48>48>32>
10546-4428;48>48>32>24>
10546-4428;48>48>32>24>32>
10546-4428;48>48>32>24>32>24>
10546-4428;48>48>32>24>32>24>32>
10546-4428;48>48>32>24>32>24>32>24>
10546-4428;48>48>32>24>32>24>32>24>32>
10546-4428;48>48>32>24>32>24>32>24>32>32>
10546-4428;48>48>32>24>32>24>32>24>32>32>24>
10546-4428;48>48>32>24>32>24>32>24>32>32>24>32>
10546-4428;48>48>32>24>32>24>32>24>32>32>24>32>24>
10546-4428;48>48>32>24>32>24>32>24>32>32>24>32>24>32>
10546-4428;48>48>32>24>32>24>32>24>32>32>24>32>24>32>24>
10546-4428;48>48>32>24>32>24>32>24>32>32>24>32>24>32>24>32>
10546-4428;48>48>32>24>32>24>32>24>32>32>24>32>24>32>24>32>32>
10546-4428;48>48>32>24>32>24>32>24>32>32>24>32>24>32>24>32>32>24>
10546-4428;48>48>48>
10546-4428;48>48>48>32>
10546-4428;48>48>48>32>24>
10546-4428;48>48>48>32>24>32>
10546-4428;48>48>48>32>24>32>24>
10546-4428;48>48>48>32>24>32>24>32>
10546-4428;48>48>48>32>24>32>24>32>24>
10546-4428;48>48>48>32>24>32>24>32>24>32>
10546-4428;48>48>48>32>24>32>24>32>24>32>32>
10546-4428;48>48>48>32>24>32>24>32>24>32>32>24>
10546-4428;48>48>48>32>24>32>24>32>24>32>32>24>32>
10546-4428;48>48>48>32>24>32>24>32>24>32>32>24>32>24>
10546-4428;48>48>48>32>24>32>24>32>24>32>32>24>32>24>32>
10546-4428;48>48>48>32>24>32>24>32>24>32>32>24>32>24>32>24>
10546-4428;48>48>48>32>24>32>24>32>24>32>32>24>32>24>32>24>32>
10546-4428;48>48>48>32>24>32>24>32>24>32>32>24>32>24>32>24>32>32>
10546-4428;48>48>48>32>24>32>24>32>24>32>32>24>32>24>32>24>32>32>24>
10461-4428;48>49>
10461-4428;48>49>49>
10461-4428;48>49>49>49>
10461-4428;48>49>49>49>48>
10461-4428;48>49>49>49>48>29>
10461-4428;48>29>
10461-4428;48>30>
10461-4428;48>30>30>
10461-4428;48>31>
10546-4428;48>31>
10461-4428;48>31>30>
10461-4428;48>31>30>31>
10461-4428;48>31>30>31>30>
10461-4428;48>31>30>31>30>30>
10546-4428;48>31>31>
10546-4428;48>31>31>31>
10461-4428;48 49>
10461-4428;48 49>49>
10461-4428;48 49>49>49>
10461-4428;48 49>49>49>49>
10461-4428;48 49>49>49>49>48>
10461-4428;48 49>49>49>49>48>29>
10461-4428;49>48>
10461-4428;49>48>29>
10461-4428;49>49>
10461-4428;49>49>48>
10461-4428;49>49>48>29>
10461-4428;49>49>49>
10461-4428;49>49>49>48>
10461-4428;49>49>49>48>29>
10461-4428;49>49>49>49>
10461-4428;49>49>49>49>48>
10461-4428;49>49>49>49>48>29>
10461-4428;17>30>
10461-4428;17>31>
10461-4428;17>31>32>
10461-4428;17>31>32>14>
10461-4428;17 41>
10461-4428;17 30>
10461-4428;17 30>30>
10461-4428;17 31>
10461-4428;17 31>
10546-4428;17 31>
10461-4428;17 31>31>
10461-4428;17 31>31>32>
10461-4428;17 31>31>32>14>
10461-4428;17 31 41>
10546-4428;24>32>
10546-4428;24>32>32>
10546-4428;24>32>32>24>
10546-4428;24>32>32>24>32>
10546-4428;24>32>32>24>32>24>
10546-4428;24>32>32>24>32>24>32>
10546-4428;24>32>32>24>32>24>32>24>
10546-4428;24>32>32>24>32>24>32>24>32>
10546-4428;24>32>32>24>32>24>32>24>32>32>
10546-4428;24>32>32>24>32>24>32>24>32>32>24>
10546-4428;24>32>24>
10546-4428;24>32>24>32>
10546-4428;24>32>24>32>32>
10546-4428;24>32>24>32>32>24>
10546-4428;24>32>24>32>32>24>32>
10546-4428;24>32>24>32>32>24>32>24>
10546-4428;24>32>24>32>32>24>32>24>32>
10546-4428;24>32>24>32>32>24>32>24>32>24>
10546-4428;24>32>24>32>32>24>32>24>32>24>32>
10546-4428;24>32>24>32>32>24>32>24>32>24>32>32>
10546-4428;24>32>24>32>32>24>32>24>32>24>32>32>24>
10546-4428;24>32>24>32>24>
10546-4428;24>32>24>32>24>32>
10546-4428;24>32>24>32>24>32>32>
10546-4428;24>32>24>32>24>32>32>24>
10546-4428;24>32>24>32>24>32>32>24>32>
10546-4428;24>32>24>32>24>32>32>24>32>24>
10546-4428;24>32>24>32>24>32>32>24>32>24>32>
10546-4428;24>32>24>32>24>32>32>24>32>24>32>24>
10546-4428;24>32>24>32>24>32>32>24>32>24>32>24>32>
10546-4428;24>32>24>32>24>32>32>24>32>24>32>24>32>32>
10546-4428;24>32>24>32>24>32>32>24>32>24>32>24>32>32>24>
10461-4428;28 31>
10461-4428;30>48>
10461-4428;30>48>
10461-4428;30>48>14>
10461-4428;30>48>14>31>
10461-4428;30>48>14>31>30>
10461-4428;30>48>30>
10461-4428;30>48>30>30>
10461-4428;30>30>
10461-4428;30>30>
10461-4428;30>30>
10461-4428;30>30>
10461-4428;30>30>
10461-4428;30>30>
10461-4428;30>30>
10546-4428;30>30>
10461-4428;30>30>48>
10461-4428;30>30>48>
10461-4428;30>30>48>14>
10461-4428;30>30>48>14>31>
10461-4428;30>30>48>14>31>30>
10461-4428;30>30>48>30>
10461-4428;30>30>48>30>30>
10461-4428;30>30>30>
10461-4428;30>30>30>
10461-4428;30>30>30>
10546-4428;30>30>30>
10461-4428;30>30>30>48>
10461-4428;30>30>30>48>
10461-4428;30>30>30>48>14>
10461-4428;30>30>30>48>14>31>
10461-4428;30>30>30>48>14>31>30>
10461-4428;30>30>30>48>30>
10461-4428;30>30>30>48>30>30>
10461-4428;30>30>30>30>
10461-4428;30>30>30>30>
10461-4428;30>30>30>30>
10546-4428;30>30>30>30>
10461-4428;30>30>30>30>48>
10461-4428;30>30>30>30>48>
10461-4428;30>30>30>30>48>14>
10461-4428;30>30>30>30>48>14>31>
10461-4428;30>30>30>30>48>14>31>30>
10461-4428;30>30>30>30>48>30>
10461-4428;30>30>30>30>48>30>30>
10461-4428;30>30>30>30>30>
10461-4428;30>30>30>30>30>
10461-4428;30>30>30>30>30>
10546-4428;30>30>30>30>30>
10461-4428;30>30>30>30>30>48>
10461-4428;30>30>30>30>30>48>
10461-4428;30>30>30>30>30>48>14>
10461-4428;30>30>30>30>30>48>14>31>
10461-4428;30>30>30>30>30>48>14>31>30>
10461-4428;30>30>30>30>30>48>30>
10461-4428;30>30>30>30>30>48>30>30>
10461-4428;30>30>30>30>30>30>
10461-4428;30>30>30>30>30>30>
10461-4428;30>30>30>30>30>30>
10461-4428;30>30>30>30>30>30>48>
10461-4428;30>30>30>30>30>30>48>
10461-4428;30>30>30>30>30>30>48>14>
10461-4428;30>30>30>30>30>30>48>14>31>
10461-4428;30>30>30>30>30>30>48>14>31>30>
10461-4428;30>30>30>30>30>30>48>30>
10461-4428;30>30>30>30>30>30>48>30>30>
10461-4428;30>30>30>30>30>30>30>
10461-4428;30>30>30>30>30>30>30>
10461-4428;30>30>30>30>30>30>30>
10461-4428;30>30>30>30>30>30>30>48>
10461-4428;30>30>30>30>30>30>30>48>
10461-4428;30>30>30>30>30>30>30>48>14>
10461-4428;30>30>30>30>30>30>30>48>14>31>
10461-4428;30>30>30>30>30>30>30>48>14>31>30>
10461-4428;30>30>30>30>30>30>30>48>30>
10461-4428;30>30>30>30>30>30>30>48>30>30>
10461-4428;30>30>30>30>30>30>30>30>
10461-4428;30>30>30>30>30>30>30>30>
10461-4428;30>30>30>30>30>30>30>30>
10461-4428;30>30>30>30>30>30>30>30>48>
10461-4428;30>30>30>30>30>30>30>30>48>
10461-4428;30>30>30>30>30>30>30>30>48>14>
10461-4428;30>30>30>30>30>30>30>30>48>14>31>
10461-4428;30>30>30>30>30>30>30>30>48>14>31>30>
10461-4428;30>30>30>30>30>30>30>30>48>30>
10461-4428;30>30>30>30>30>30>30>30>48>30>30>
10461-4428;30>30>30>30>30>30>30>30>30>
10461-4428;30>30>30>30>30>30>30>30>30>
10461-4428;30>30>30>30>30>30>30>30>30>
10461-4428;30>30>30>30>30>30>30>30>30>48>
10461-4428;30>30>30>30>30>30>30>30>30>48>
10461-4428;30>30>30>30>30>30>30>30>30>48>14>
10461-4428;30>30>30>30>30>30>30>30>30>48>14>31>
10461-4428;30>30>30>30>30>30>30>30>30>48>14>31>30>
10461-4428;30>30>30>30>30>30>30>30>30>48>30>
10461-4428;30>30>30>30>30>30>30>30>30>48>30>30>
10461-4428;30>30>31>
10461-4428;30>31>
10461-4428;30>31>
10461-4428;30>31>
10461-4428;30>31>
10461-4428;30>31>30>
10461-4428;30>31>30>
10461-4428;30>31>30>
10461-4428;30>31>30>
10461-4428;30>31>30>30>
10461-4428;30>31>30>30>
10461-4428;30>31>30>30>
10461-4428;30>31>30>30>30>
10461-4428;30>31>30>30>30>30>
10461-4428;30>31>30>30>30>30>30>
10461-4428;30>31>30>30>30>30>30>30>
10461-4428;30>31>30>30>30>30>30>30>30>
10461-4428;30>31>30>30>30>30>30>30>30>30>
10461-4428;30>31>30>30>30>30>30>30>30>30>30>
10461-4428;30>31>30>30>31>
10461-4428;30>31>30>31>
10461-4428;30>31>30>31>30>
10546-4428;30 32>
10546-4428;30 41>
10461-4428;30 31>
10461-4428;30 31>
10461-4428;30 31>
10461-4428;30 31>
10546-4428;30 31>
10546-4428;30 31>30>
10546-4428;30 31>30>30>
10546-4428;30 31>30>30>30>
10546-4428;30 31>30>30>30>30>
10461-4428;31>32>
10461-4428;31>32>
10546-4428;31>32>
10461-4428;31>32>14>
10461-4428;31>32>31>
10546-4428;31>32>31>
10461-4428;31>32>31>14>
10461-4428;31>32>31>14>31>
10461-4428;31>32>31>14>31>30>
10461-4428;31>14>
10461-4428;31>14>
10461-4428;31>14>11>
10461-4428;31>14>11>9>
10461-4428;31>14>11>9>11>
10461-4428;31>14>31>
10461-4428;31>14>31>30>
10461-4428;31>30>
10461-4428;31>30>
10461-4428;31>30>
10461-4428;31>30>
10461-4428;31>30>
10461-4428;31>30>
10461-4428;31>30>
10546-4428;31>30>
10546-4428;31>30>
10461-4428;31>30>30>
10461-4428;31>30>30>
10461-4428;31>30>30>
10546-4428;31>30>30>
10461-4428;31>30>30>30>
10546-4428;31>30>30>30>
10461-4428;31>30>30>30>30>
10546-4428;31>30>30>30>30>
10461-4428;31>30>30>30>30>30>
10461-4428;31>30>30>30>30>30>30>
10461-4428;31>30>30>30>30>30>30>30>
10461-4428;31>30>30>30>30>30>30>30>30>
10461-4428;31>30>30>30>30>30>30>30>30>30>
10461-4428;31>30>30>31>
10461-4428;31>30>31>
10461-4428;31>30>31>
10461-4428;31>30>31>30>
10461-4428;31>30>31>30>
10461-4428;31>30>31>30>30>
10461-4428;31>30>31>30>31>
10461-4428;31>30>31>30>31>30>
10461-4428;31>31>
10461-4428;31>31>
10461-4428;31>31>
10461-4428;31>31>
10546-4428;31>31>
10461-4428;31>31>32>
10461-4428;31>31>32>14>
10461-4428;31>31>14>
10461-4428;31>31>14>11>
10461-4428;31>31>14>11>9>
10461-4428;31>31>14>11>9>11>
10461-4428;31>31>30>
10546-4428;31>31>31>
10461-4428;31 41>
10461-4428;31 41>
10461-4428;31 41>
10546-4428;31 41>
10546-4428;31 41 48>
10546-4428;31 48>
