1606;15183-5786;14 -2
1607;15183-5786;14 -2
1608;15183-5786;14 -1 49 -1 48 -2
1609;15183-5786;47 -1 48 -2
1610;15183-5786;14 -2
1611;15183-5786;31 -2
1612;15183-5786;30 -2
1613;15183-5786;17 -1 31 -1 14 -2
1614;15183-5786;14 -2
1615;15183-5786;14 -1 38 -1 11 -1 9 -1 11 -1 48 -1 48 -1 14 -2
1616;15183-5786;14 -1 41 -1 41 -1 41 -1 41 -1 41 -1 41 -1 41 -1 41 -1 41 -2
1617;15183-5786;14 -1 38 -2
1618;15183-5786;14 -1 38 -1 41 -1 41 -2
1619;15183-5786;38 -1 33 -2
1620;15183-5786;41 -1 14 -1 38 -1 36 -2
1621;15183-5786;36 -1 36 -1 34 -1 37 -2
1622;15183-5786;38 -1 33 -2
1623;15183-5786;34 -1 36 -1 37 -2
1624;15183-5786;38 -1 33 -2
1625;15183-5786;34 -1 36 -1 37 -1 38 -2
1660;15183-6547;14 -1 41 -1 41 -2
1661;15183-6547;14 -1 31 -1 30 -2
1662;15183-6547;30 -2
1663;15183-6547;30 -2
1664;15183-6547;31 -2
1665;15183-6547;30 -1 14 -1 31 -2
1666;15183-6547;14 -1 41 -2
1667;15183-6547;41 -2
1668;15183-6547;31 -1 30 -2
1669;15183-6547;14 -1 31 -1 31 -2
1670;15183-6547;14 -1 41 -2
1671;15183-6547;14 -1 41 -2
1672;15183-6547;31 -1 48 -1 30 -2
1673;15183-6547;16 -1 31 -2
1674;15183-6547;14 -1 31 -1 30 -1 31 -1 30 -2
1675;15183-6547;14 -2
1676;15183-6547;14 -1 41 -2
1677;15183-6547;14 -1 31 -1 48 -1 31 -1 31 -1 31 -1 31 -2
1678;15183-6547;14 -1 41 -2
1679;15183-6547;31 -1 41 -2
1680;15183-6547;14 -1 41 -2
1681;15183-6547;31 -2
1682;15183-6547;14 -2
1683;15183-6547;14 -2
1684;15183-6547;41 -2
1685;15183-6547;14 -1 31 -2
1686;15183-6547;17 -1 31 -2
1687;15183-6547;14 -1 38 -2
1688;15183-6547;14 -2
1689;15183-6547;14 -2
1732;15735-5786;14 -1 14 -1 31 -1 48 -2
1733;15735-5786;14 -1 31 -2
1734;15735-5786;8 -1 49 -1 49 -1 31 -1 30 -1 48 -1 30 -1 30 -2
1735;15735-5786;16 -1 31 -1 14 -1 49 -1 31 -1 48 -1 30 -1 31 -1 30 -1 14 -1 49 -1 49 -1 31 -1 14 -1 31 -1 48 -2
1736;15735-5786;14 -1 14 -1 31 -1 31 -1 30 -1 31 -1 30 -2
1737;15735-5786;41 -1 31 -2
1738;15735-5786;31 -1 30 -1 30 -2
1739;15735-5786;41 -1 31 -1 30 -1 30 -1 30 -1 48 -1 31 -1 48 -2
1740;15735-5786;47 -1 48 -1 41 -2
1741;15735-5786;31 -1 30 -1 48 -1 41 -2
1742;15735-5786;41 -2
1743;15735-5786;41 -1 49 -1 41 -2
1744;15735-5786;7 -1 7 -2
1745;15735-5786;31 -1 30 -2
1746;15735-5786;48 -2
1747;15735-5786;14 -2
1748;15735-5786;14 -1 14 -1 14 -1 14 -2
1749;15735-5786;14 -1 41 -1 41 -1 12 -1 11 -1 48 -1 11 -1 9 -2
1750;15735-5786;14 -1 14 -1 31 -2
1751;15735-5786;48 -2
1752;15735-5786;41 -1 41 -2
1753;15735-5786;41 -2
1754;15735-5786;41 -2
1755;15735-5786;14 -1 41 -1 41 -2
1756;15735-5786;14 -2
1757;15735-5786;14 -1 14 -1 11 -2
2031;18200-6547;14 -1 31 -1 31 -1 31 -2
2032;18200-6547;14 -2
2033;18200-6547;14 -1 41 -2
2034;18200-6547;14 -1 41 -1 31 -1 48 -1 30 -2
2035;18200-6547;16 -1 31 -1 48 -1 30 -2
2036;18200-6547;14 -2
2037;18200-6547;41 -1 41 -2
2038;18200-6547;31 -1 30 -1 30 -1 30 -1 41 -2
2039;18200-6547;41 -2
2040;18200-6547;31 -2
2041;18200-6547;31 -2
2042;18200-6547;30 -1 30 -1 30 -1 30 -1 30 -1 30 -2
2043;18200-6547;30 -1 30 -1 30 -1 30 -1 30 -1 30 -2
2044;18200-6547;16 -1 31 -1 48 -1 29 -1 30 -1 14 -2
2045;18200-6547;14 -1 31 -1 48 -1 48 -1 29 -2
2046;18200-6547;14 -2
2047;18200-6547;14 -1 14 -2
2048;18200-6547;14 -2
2049;18200-6547;14 -2
2050;18200-6547;14 -2
2051;18200-6547;14 -2
2052;18200-6547;14 -2
2053;18200-6547;14 -1 31 -1 31 -1 30 -2
2054;18200-6547;14 -1 41 -1 41 -2
2055;18200-6547;41 -2
2056;18200-6547;14 -1 41 -2
2057;18200-6547;31 -2
2058;18200-6547;14 -1 31 -2
2059;18200-6547;17 -1 31 -2
2060;18200-6547;14 -2
2061;18200-6547;14 -2
2062;18200-6547;14 -2
2063;18200-6547;14 -1 2 -1 11 -2
2064;18200-6547;12 -1 14 -1 41 -2
2065;18200-6547;11 -2
2066;18200-6547;31 -2
2067;18200-6547;14 -1 11 -1 38 -1 14 -1 31 -1 14 -1 41 -1 31 -2
2068;18200-6547;30 -2
2069;18200-6547;14 -1 38 -1 31 -1 16 -1 31 -1 14 -1 11 -1 14 -2
2070;18200-6547;14 -1 11 -1 11 -1 9 -1 14 -1 31 -1 31 -1 14 -2
2071;18200-6547;14 -1 11 -2
2072;18200-6547;31 -1 30 -1 14 -1 11 -2
2073;18200-6547;14 -1 38 -1 31 -1 38 -2
2074;18200-6547;14 -1 14 -1 11 -2
2075;18200-6547;31 -2
2076;18200-6547;30 -2
2077;18200-6547;26 -1 31 -2
2126;18344-4912;14 -1 49 -1 48 -1 14 -1 49 -1 48 -1 14 -2
2127;18344-4912;14 -1 49 -1 48 -1 14 -2
2128;18344-4912;14 -1 49 -1 14 -1 31 -1 14 -1 14 -2
2129;18344-4912;41 -2
2130;18344-4912;14 -1 31 -1 30 -1 30 -1 30 -1 30 -2
2131;18344-4912;14 -1 41 -2
2132;18344-4912;14 -1 31 -1 14 -1 31 -1 14 -1 31 -1 30 -1 48 -1 4 -1 48 -1 4 -1 48 -2
2133;18344-4912;14 -1 49 -1 14 -1 41 -2
2134;18344-4912;41 -2
2135;18344-4912;41 -1 41 -1 31 -1 30 -1 31 -1 41 -1 41 -1 31 -1 30 -1 14 -1 31 -1 30 -1 30 -1 30 -1 30 -1 30 -1 30 -1 30 -1 30 -1 30 -1 30 -1 30 -1 30 -1 30 -1 30 -1 30 -1 30 -1 30 -1 30 -1 30 -1 30 -1 30 -1 30 -1 30 -1 30 -2
2136;18344-4912;30 -1 30 -1 30 -1 30 -1 30 -1 30 -1 30 -1 30 -1 30 -1 30 -1 30 -1 30 -1 30 -1 30 -1 30 -1 30 -1 30 -1 30 -1 30 -1 30 -1 30 -2
2137;18344-4912;16 -1 31 -1 30 -1 48 -1 14 -1 41 -1 41 -2
2138;18344-4912;41 -2
2139;18344-4912;41 -2
2140;18344-4912;41 -2
2141;18344-4912;31 -1 30 -1 30 -1 30 -2
2142;18344-4912;14 -2
2143;18344-4912;14 -1 31 -1 32 -1 31 -1 30 -1 32 -1 14 -1 31 -1 30 -1 31 -1 30 -1 31 -1 30 -1 31 -1 30 -1 31 -1 30 -1 31 -2
2144;18344-4912;16 -1 31 -1 30 -1 31 -1 30 -1 31 -1 30 -1 31 -1 30 -2
2145;18344-4912;31 -1 32 -1 14 -1 31 -1 30 -1 31 -1 30 -1 14 -1 31 -1 30 -2
2146;18344-4912;14 -1 31 -1 30 -2
2147;18344-4912;14 -1 31 -1 30 -2
2148;18344-4912;14 -2
2149;18344-4912;14 -1 48 -1 48 -1 48 -1 41 -1 31 -2
2150;18344-4912;14 -1 31 -1 31 -1 31 -1 30 -1 30 -2
2151;18344-4912;17 -1 31 -2
2152;18344-4912;14 -1 31 -1 41 -2
2153;18344-4912;41 -2
2154;18344-4912;41 -2
2155;18344-4912;41 -2
2156;18344-4912;38 -1 33 -2
2157;18344-4912;34 -1 37 -1 36 -1 38 -2
2158;18344-4912;39 -1 14 -1 31 -1 30 -1 30 -2
2159;18344-4912;16 -1 31 -1 30 -1 31 -1 30 -1 30 -1 30 -2
2160;18344-4912;17 -1 30 -1 48 -1 31 -1 30 -1 31 -1 14 -1 11 -1 48 -1 11 -1 9 -1 48 -1 49 -1 14 -1 11 -2
2161;18344-4912;14 -1 11 -1 48 -1 14 -1 31 -1 30 -1 31 -1 30 -1 30 -1 48 -1 14 -1 31 -2
3203;21782-5786;14 -2
3204;21782-5786;14 -2
3205;21782-5786;14 -2
3206;21782-5786;14 -2
3207;21782-5786;41 -2
3208;21782-5786;41 -2
3209;21782-5786;41 -2
3210;21782-5786;41 -2
3211;21782-5786;31 -1 30 -1 14 -1 31 -1 30 -1 31 -2
3212;21782-5786;16 -1 31 -1 30 -1 14 -1 31 -1 14 -2
3213;21782-5786;14 -2
3214;21782-5786;41 -2
3215;21782-5786;41 -1 41 -2
3216;21782-5786;14 -1 41 -1 31 -1 30 -1 14 -1 31 -1 30 -2
3217;21782-5786;41 -2
3218;21782-5786;14 -1 31 -2
3219;21782-5786;30 -2
3220;21782-5786;14 -1 31 -2
3221;21782-5786;17 -1 31 -2
3222;21782-5786;14 -2
3223;21782-5786;14 -2
3224;21782-5786;14 -2
3225;21782-5786;14 -1 14 -1 14 -1 41 -1 41 -1 41 -1 41 -1 41 -1 41 -2
3226;21782-5786;11 -1 38 -2
3227;21782-5786;14 -1 38 -1 14 -1 38 -1 11 -1 9 -1 11 -1 14 -2
3525;22435-4912;14 -2
3526;22435-4912;14 -1 49 -1 14 -1 49 -1 14 -1 31 -1 30 -1 41 -2
3527;22435-4912;41 -2
3528;22435-4912;41 -2
3529;22435-4912;31 -1 31 -2
3530;22435-4912;14 -2
3531;22435-4912;14 -1 41 -1 41 -2
3532;22435-4912;14 -2
3533;22435-4912;14 -1 31 -1 30 -2
3534;22435-4912;14 -2
3535;22435-4912;14 -1 41 -1 41 -1 41 -1 31 -2
3536;22435-4912;14 -1 41 -1 31 -1 31 -1 41 -1 41 -2
3537;22435-4912;31 -2
3538;22435-4912;16 -1 31 -2
3539;22435-4912;14 -1 31 -1 30 -1 30 -2
3540;22435-4912;30 -1 31 -1 41 -2
3541;22435-4912;31 -2
3542;22435-4912;14 -1 31 -2
3543;22435-4912;30 -2
3544;22435-4912;31 -1 14 -2
3545;22435-4912;14 -2
3546;22435-4912;14 -2
3547;22435-4912;41 -2
3548;22435-4912;14 -1 31 -1 30 -2
3549;22435-4912;30 -2
3550;22435-4912;14 -1 31 -1 30 -2
3551;22435-4912;14 -2
3552;22435-4912;31 -1 30 -1 30 -1 30 -2
3553;22435-4912;30 -1 14 -1 31 -1 30 -2
3554;22435-4912;41 -2
3555;22435-4912;31 -1 30 -1 30 -2
3556;22435-4912;30 -1 30 -2
3557;22435-4912;16 -1 31 -1 30 -1 30 -1 30 -2
3558;22435-4912;14 -1 48 -1 29 -1 14 -1 48 -1 13 -1 14 -1 14 -2
3559;22435-4912;30 -1 31 -1 30 -1 30 -2
3560;22435-4912;14 -1 31 -1 30 -2
3561;22435-4912;14 -2
3562;22435-4912;14 -1 31 -1 30 -1 14 -2
3563;22435-4912;14 -1 31 -1 30 -1 41 -1 41 -1 41 -2
3564;22435-4912;41 -2
3565;22435-4912;41 -1 31 -1 41 -2
3566;22435-4912;14 -1 14 -1 31 -1 14 -2
3567;22435-4912;14 -1 31 -1 30 -1 48 -1 14 -1 31 -1 14 -2
3568;22435-4912;14 -1 7 -1 5 -1 5 -2
3569;22435-4912;14 -1 31 -1 31 -2
3570;22435-4912;14 -1 31 -2
3571;22435-4912;31 -2
3572;22435-4912;17 -1 31 -2
3573;22435-4912;31 -2
3574;22435-4912;14 -1 31 -2
3575;22435-4912;14 -1 31 -1 14 -1 31 -2
3576;22435-4912;14 -2
3577;22435-4912;14 -1 31 -1 11 -1 9 -1 11 -1 12 -1 14 -2
3578;22435-4912;14 -1 11 -2
3579;22435-4912;14 -1 14 -1 11 -1 48 -1 14 -1 38 -1 31 -1 14 -2
3580;22435-4912;14 -1 2 -1 11 -2
3581;22435-4912;31 -1 30 -2
3582;22435-4912;30 -1 38 -1 2 -1 3 -1 31 -1 38 -1 38 -2
3583;22435-4912;14 -2
3584;22435-4912;33 -2
3585;22435-4912;36 -2
3586;22435-4912;36 -2
3587;22435-4912;36 -2
3588;22435-4912;36 -1 36 -1 34 -1 37 -1 38 -1 14 -1 31 -1 11 -1 48 -1 48 -1 48 -1 48 -1 48 -1 48 -1 48 -1 14 -2
4288;23859-6395;14 -2
4289;23859-6395;41 -2
4290;23859-6395;31 -2
4291;23859-6395;14 -1 31 -1 31 -1 31 -1 41 -1 41 -1 41 -1 41 -1 48 -1 29 -1 30 -1 4 -1 48 -1 48 -1 30 -1 30 -2
4292;23859-6395;14 -1 31 -1 41 -1 41 -1 41 -2
4293;23859-6395;14 -2
4294;23859-6395;31 -1 31 -1 41 -1 41 -1 41 -1 41 -2
4295;23859-6395;14 -1 41 -1 41 -1 41 -2
4394;24303-7111;14 -2
4395;24303-7111;41 -2
4396;24303-7111;14 -1 41 -2
4397;24303-7111;41 -2
4398;24303-7111;31 -2
4399;24303-7111;17 -1 31 -1 14 -1 31 -2
7083;27813-7111;14 -1 31 -1 30 -1 31 -1 31 -1 48 -1 30 -2
7084;27813-7111;31 -1 48 -1 14 -1 31 -2
7085;27813-7111;14 -1 31 -1 30 -1 30 -1 30 -1 30 -1 30 -1 30 -1 48 -1 30 -2
7086;27813-7111;30 -1 30 -1 30 -1 48 -1 29 -1 14 -1 48 -1 48 -2
7087;27813-7111;14 -1 31 -2
7088;27813-7111;17 -1 31 -1 14 -1 48 -1 14 -2
7089;27813-7111;14 -2
7090;27813-7111;14 -1 14 -1 31 -2
7091;27813-7111;14 -1 14 -2
7092;27813-7111;14 -1 11 -1 48 -1 29 -2
7093;27813-7111;14 -2
7094;27813-7111;14 -1 11 -1 48 -1 29 -2
7095;27813-7111;14 -1 48 -1 29 -1 29 -1 14 -2
10745;30609-5102;14 -1 31 -2
10746;30609-5102;30 -2
10747;30609-5102;16 -1 31 -1 31 -1 30 -2
11994;30698-5102;14 -2
11995;30698-5102;14 -2
11996;30698-5102;14 -2
11997;30698-5102;14 -1 31 -1 41 -2
11998;30698-5102;41 -1 31 -1 14 -1 41 -2
11999;30698-5102;41 -2
12000;30698-5102;41 -2
12001;30698-5102;16 -1 14 -2
12002;30698-5102;14 -1 31 -2
12003;30698-5102;14 -1 31 -1 30 -1 14 -2
12004;30698-5102;14 -1 38 -1 33 -2
12005;30698-5102;34 -1 36 -1 37 -2
12006;30698-5102;38 -1 33 -2
12007;30698-5102;37 -1 36 -1 34 -1 38 -1 33 -1 36 -2
12008;30698-5102;36 -1 34 -1 37 -1 38 -1 14 -1 31 -2
12025;30698-6019;14 -1 31 -2
12026;30698-6019;16 -1 31 -1 30 -1 30 -1 28 -1 30 -1 31 -1 48 -1 29 -1 49 -1 48 -1 29 -2
12027;30698-6019;49 -2
12028;30698-6019;14 -1 14 -1 31 -2
12029;30698-6019;16 -1 31 -1 14 -2
12030;30698-6019;14 -2
12031;30698-6019;14 -1 31 -2
26860;31256-5102;14 -1 41 -2
26861;31256-5102;14 -1 31 -1 48 -1 4 -2
26862;31256-5102;14 -2
26863;31256-5102;14 -1 31 -2
26864;31256-5102;14 -1 31 -2
26865;31256-5102;14 -2
26866;31256-5102;14 -2
26867;31256-5102;38 -2
26868;31256-5102;14 -2
26869;31256-5102;14 -1 38 -2
26870;31256-5102;33 -2
26871;31256-5102;36 -2
26872;31256-5102;36 -1 36 -1 34 -1 37 -2
29746;31390-5102;14 -2
29747;31390-5102;14 -2
29748;31390-5102;41 -1 41 -1 41 -1 41 -1 41 -2
29749;31390-5102;31 -1 30 -2
29750;31390-5102;41 -1 41 -1 41 -1 41 -1 41 -1 31 -1 30 -2
29751;31390-5102;16 -1 31 -1 30 -2
29752;31390-5102;31 -2
29753;31390-5102;31 -1 30 -1 48 -2
29754;31390-5102;14 -2
29755;31390-5102;14 -2
31643;31456-4912;14 -2
31644;31456-4912;14 -1 41 -1 41 -1 31 -2
31645;31456-4912;14 -2
31646;31456-4912;31 -1 31 -1 30 -1 30 -1 30 -1 31 -2
31647;31456-4912;16 -1 31 -1 48 -1 14 -1 41 -1 42 -1 14 -2
31648;31456-4912;14 -2
31649;31456-4912;14 -2
31650;31456-4912;8 -2
31651;31456-4912;14 -1 31 -2
31652;31456-4912;14 -2
31653;31456-4912;14 -2
31654;31456-4912;41 -2
31655;31456-4912;14 -1 31 -2
31656;31456-4912;14 -1 41 -2
31657;31456-4912;41 -1 41 -2
31658;31456-4912;14 -2
31659;31456-4912;41 -2
31660;31456-4912;41 -2
31661;31456-4912;14 -2
31662;31456-4912;14 -2
31663;31456-4912;14 -1 7 -1 14 -2
31664;31456-4912;31 -2
33719;31489-6019;14 -2
33720;31489-6019;14 -1 31 -2
33721;31489-6019;16 -1 31 -1 31 -1 48 -1 30 -1 30 -1 30 -1 30 -1 30 -1 30 -1 30 -1 30 -2
33722;31489-6019;14 -1 31 -1 30 -2
33723;31489-6019;14 -1 31 -2
33724;31489-6019;14 -1 31 -1 30 -1 30 -1 30 -1 30 -1 30 -1 30 -1 30 -1 30 -1 30 -1 31 -1 30 -2
33725;31489-6019;14 -1 30 -1 31 -1 30 -1 30 -1 30 -2
33726;31489-6019;30 -1 30 -1 30 -1 30 -1 30 -1 16 -1 31 -1 14 -1 49 -1 48 -1 48 -1 48 -2
33727;31489-6019;14 -2
33728;31489-6019;14 -2
33729;31489-6019;14 -2
33730;31489-6019;14 -2
33731;31489-6019;31 -2
33732;31489-6019;17 -1 31 -2
33733;31489-6019;14 -1 31 -1 48 -1 30 -1 31 -2
33734;31489-6019;14 -1 31 -2
33735;31489-6019;14 -1 14 -2
33736;31489-6019;14 -2
33737;31489-6019;14 -1 31 -2
33738;31489-6019;14 -1 38 -1 33 -2
33739;31489-6019;36 -1 36 -2
33740;31489-6019;36 -2
33741;31489-6019;36 -2
33742;31489-6019;36 -2
33743;31489-6019;36 -2
33744;31489-6019;36 -1 34 -1 36 -1 37 -2
33745;31489-6019;38 -1 33 -1 36 -1 36 -2
33746;31489-6019;36 -1 36 -1 34 -1 36 -1 37 -1 38 -1 14 -1 38 -1 11 -2
33747;31489-6019;9 -1 11 -1 31 -1 30 -1 30 -1 14 -2
33748;31489-6019;14 -2
33749;31489-6019;14 -2
33750;31489-6019;14 -1 11 -1 31 -2
33751;31489-6019;14 -1 38 -1 31 -1 30 -2
33752;31489-6019;31 -2
33753;31489-6019;16 -1 31 -2
33754;31489-6019;14 -1 31 -1 31 -1 14 -2
44180;31751-5102;14 -2
44181;31751-5102;14 -1 41 -1 41 -1 31 -1 41 -1 41 -2
44182;31751-5102;14 -2
44183;31751-5102;31 -2
44184;31751-5102;30 -1 30 -1 30 -1 30 -1 30 -2
44185;31751-5102;30 -1 30 -2
44186;31751-5102;41 -2
44187;31751-5102;31 -1 14 -1 31 -2
44188;31751-5102;41 -1 41 -2
44189;31751-5102;14 -2
44190;31751-5102;41 -2
44191;31751-5102;31 -1 14 -1 31 -1 48 -2
44192;31751-5102;31 -2
44193;31751-5102;14 -2
44194;31751-5102;31 -1 48 -1 30 -2
44195;31751-5102;14 -2
44196;31751-5102;31 -2
44197;31751-5102;41 -2
44198;31751-5102;41 -2
44199;31751-5102;41 -2
44200;31751-5102;41 -2
44201;31751-5102;41 -1 41 -2
44202;31751-5102;31 -1 30 -1 30 -1 30 -1 30 -1 14 -1 14 -2
44203;31751-5102;14 -2
44204;31751-5102;41 -1 41 -1 41 -2
44205;31751-5102;41 -1 41 -2
44206;31751-5102;41 -2
44207;31751-5102;31 -1 30 -1 31 -1 48 -1 30 -2
44208;31751-5102;16 -1 31 -2
44209;31751-5102;14 -1 31 -2
44210;31751-5102;14 -1 31 -1 30 -2
44211;31751-5102;14 -1 41 -1 41 -1 41 -2
44212;31751-5102;41 -2
44213;31751-5102;31 -2
44214;31751-5102;48 -1 31 -1 31 -2
44215;31751-5102;14 -1 31 -2
44216;31751-5102;41 -2
44217;31751-5102;14 -1 31 -2
44218;31751-5102;16 -1 31 -2
44219;31751-5102;14 -1 38 -2
44220;31751-5102;41 -2
44221;31751-5102;41 -2
44222;31751-5102;41 -2
44223;31751-5102;41 -2
44224;31751-5102;38 -1 33 -2
44225;31751-5102;14 -2
44226;31751-5102;41 -1 41 -2
44227;31751-5102;14 -1 41 -1 41 -1 41 -1 41 -2
44228;31751-5102;14 -1 41 -2
44229;31751-5102;38 -1 36 -1 36 -1 36 -1 36 -1 36 -1 36 -1 36 -1 36 -1 36 -1 36 -1 36 -1 36 -1 36 -1 34 -1 37 -1 38 -2
55051;32897-4912;48 -2
55052;32897-4912;14 -2
55053;32897-4912;8 -2
55054;32897-4912;14 -2
55055;32897-4912;41 -2
55056;32897-4912;41 -1 41 -2
55057;32897-4912;38 -1 31 -2
55058;32897-4912;48 -2
55059;32897-4912;48 -2
56211;33410-6547;14 -1 41 -1 41 -2
56212;33410-6547;41 -1 41 -2
56213;33410-6547;41 -2
56214;33410-6547;31 -1 30 -1 48 -1 31 -1 30 -1 48 -1 41 -1 41 -2
56215;33410-6547;32 -1 31 -1 30 -2
56216;33410-6547;16 -1 31 -1 48 -1 30 -1 30 -1 30 -2
56217;33410-6547;41 -2
56218;33410-6547;14 -1 31 -1 41 -2
56219;33410-6547;41 -2
56220;33410-6547;42 -1 14 -1 31 -2
56221;33410-6547;30 -2
56222;33410-6547;31 -1 16 -1 31 -1 48 -1 30 -1 31 -1 32 -1 14 -2
56223;33410-6547;32 -2
56224;33410-6547;14 -1 32 -1 14 -2
56225;33410-6547;14 -1 14 -1 41 -1 41 -2
56226;33410-6547;14 -1 32 -2
56227;33410-6547;14 -1 32 -2
56228;33410-6547;14 -2
56229;33410-6547;14 -2
56230;33410-6547;31 -1 30 -2
56231;33410-6547;14 -1 32 -1 31 -2
56232;33410-6547;14 -1 31 -1 41 -2
56233;33410-6547;41 -1 14 -1 41 -2
56234;33410-6547;41 -2
56235;33410-6547;14 -1 31 -1 41 -1 41 -1 41 -1 41 -1 41 -2
56236;33410-6547;41 -2
56237;33410-6547;41 -1 41 -2
56238;33410-6547;17 -1 31 -1 31 -2
56239;33410-6547;14 -2
56240;33410-6547;32 -2
56241;33410-6547;14 -1 31 -2
56242;33410-6547;11 -2
56243;33410-6547;41 -2
56244;33410-6547;11 -1 9 -1 11 -2
56245;33410-6547;11 -1 9 -1 11 -2
56246;33410-6547;14 -2
56247;33410-6547;41 -2
56248;33410-6547;41 -2
56249;33410-6547;41 -1 32 -2
57346;34979-4912;14 -2
57347;34979-4912;14 -2
57348;34979-4912;14 -2
57349;34979-4912;41 -2
57350;34979-4912;41 -2
57351;34979-4912;41 -2
57352;34979-4912;41 -2
57353;34979-4912;41 -2
57354;34979-4912;31 -1 14 -2
57355;34979-4912;14 -1 41 -2
57356;34979-4912;31 -1 30 -2
57357;34979-4912;14 -2
57358;34979-4912;48 -2
57359;34979-4912;14 -1 14 -1 31 -1 16 -1 31 -1 30 -1 14 -1 31 -1 31 -1 41 -1 41 -1 41 -1 49 -1 32 -2
57360;34979-4912;24 -1 32 -1 24 -1 32 -1 24 -1 32 -1 32 -1 14 -1 42 -2
57361;34979-4912;41 -1 41 -1 14 -1 31 -1 30 -1 30 -2
57362;34979-4912;17 -1 30 -1 30 -1 31 -1 30 -1 30 -1 30 -1 31 -1 14 -1 49 -1 4 -1 14 -2
57363;34979-4912;14 -1 49 -1 49 -1 14 -1 32 -1 31 -1 31 -1 31 -1 31 -1 15 -1 15 -1 31 -1 30 -1 30 -1 31 -1 30 -1 31 -1 30 -1 31 -1 30 -1 31 -1 30 -1 31 -1 30 -1 31 -1 30 -1 31 -1 30 -1 31 -1 30 -2
57364;34979-4912;14 -1 48 -1 49 -1 49 -1 48 -2
57365;34979-4912;49 -1 49 -1 14 -1 32 -1 31 -1 30 -1 14 -2
57366;34979-4912;14 -2
57367;34979-4912;14 -1 31 -1 30 -1 30 -1 30 -2
57368;34979-4912;14 -1 42 -1 41 -2
57369;34979-4912;14 -1 41 -1 41 -1 41 -2
57370;34979-4912;14 -1 31 -1 30 -1 14 -1 31 -1 30 -1 30 -2
57371;34979-4912;14 -1 41 -2
57372;34979-4912;14 -1 31 -2
57373;34979-4912;14 -2
57374;34979-4912;31 -1 30 -1 30 -1 30 -1 31 -1 30 -1 31 -1 30 -1 48 -1 49 -1 14 -2
57375;34979-4912;14 -2
57376;34979-4912;31 -1 30 -1 31 -1 30 -1 31 -1 30 -1 31 -2
57377;34979-4912;30 -1 31 -1 31 -1 15 -1 30 -1 31 -2
57378;34979-4912;30 -1 31 -1 30 -2
57379;34979-4912;31 -1 30 -1 31 -1 30 -1 31 -1 48 -1 49 -1 30 -1 31 -1 48 -1 49 -1 49 -1 14 -1 31 -1 30 -1 31 -1 30 -1 31 -1 30 -2
57380;34979-4912;31 -1 30 -1 31 -1 30 -1 31 -1 30 -1 31 -1 30 -2
57381;34979-4912;31 -1 30 -2
57382;34979-4912;14 -2
57383;34979-4912;41 -2
57384;34979-4912;31 -2
57385;34979-4912;30 -2
57386;34979-4912;31 -1 30 -2
57387;34979-4912;31 -1 30 -1 31 -1 30 -1 31 -1 30 -2
57388;34979-4912;31 -2
57389;34979-4912;30 -1 14 -1 31 -1 30 -2
57390;34979-4912;14 -1 41 -2
57391;34979-4912;41 -2
57392;34979-4912;41 -2
57393;34979-4912;31 -1 14 -1 31 -1 30 -2
57394;34979-4912;14 -1 31 -1 30 -1 31 -1 15 -1 30 -1 31 -1 30 -1 31 -1 30 -1 31 -1 30 -1 31 -1 32 -1 31 -1 30 -1 14 -1 31 -1 30 -1 31 -1 30 -2
57395;34979-4912;31 -1 30 -1 30 -1 30 -1 14 -1 31 -2
57396;34979-4912;30 -2
57397;34979-4912;16 -1 31 -1 30 -2
57398;34979-4912;31 -1 30 -2
57399;34979-4912;30 -1 31 -1 14 -1 31 -1 14 -1 14 -2
57400;34979-4912;48 -2
57401;34979-4912;14 -1 31 -1 30 -1 30 -1 30 -2
57402;34979-4912;32 -1 31 -1 30 -1 32 -1 31 -1 24 -1 32 -1 24 -1 32 -2
57403;34979-4912;14 -1 31 -1 31 -1 30 -2
57404;34979-4912;32 -1 31 -1 30 -2
57405;34979-4912;31 -2
57406;34979-4912;30 -1 31 -1 30 -2
57407;34979-4912;17 -1 30 -1 31 -1 30 -2
57408;34979-4912;17 -1 30 -1 31 -1 30 -1 31 -1 30 -2
57409;34979-4912;31 -1 30 -2
57410;34979-4912;31 -1 30 -1 14 -1 8 -1 14 -1 31 -1 30 -1 32 -2
57411;34979-4912;31 -2
57412;34979-4912;14 -1 8 -1 7 -2
57413;34979-4912;14 -1 41 -1 31 -1 30 -1 30 -1 30 -1 14 -1 41 -1 31 -2
57414;34979-4912;6 -2
57415;34979-4912;6 -2
57416;34979-4912;6 -2
57417;34979-4912;48 -1 48 -2
57418;34979-4912;6 -2
57419;34979-4912;6 -2
57420;34979-4912;6 -2
57421;34979-4912;14 -2
57422;34979-4912;6 -2
57423;34979-4912;6 -1 31 -1 30 -2
57424;34979-4912;30 -2
57425;34979-4912;30 -1 30 -1 30 -2
57426;34979-4912;31 -1 14 -1 41 -2
57427;34979-4912;41 -2
57428;34979-4912;14 -1 31 -1 30 -1 41 -1 41 -2
57429;34979-4912;41 -2
57430;34979-4912;14 -1 41 -2
57431;34979-4912;31 -1 32 -1 14 -1 31 -2
57432;34979-4912;14 -1 31 -1 22 -2
57433;34979-4912;17 -1 31 -1 28 -1 31 -2
57434;34979-4912;28 -1 31 -2
57435;34979-4912;28 -1 31 -2
57436;34979-4912;28 -1 31 -2
57437;34979-4912;14 -1 31 -2
57438;34979-4912;31 -1 31 -2
57439;34979-4912;16 -1 31 -1 14 -1 31 -1 15 -1 31 -1 32 -1 21 -1 32 -1 14 -1 31 -2
57440;34979-4912;17 -1 31 -2
57441;34979-4912;17 -1 31 -2
57442;34979-4912;14 -1 31 -1 30 -2
57443;34979-4912;31 -1 30 -1 31 -1 14 -1 31 -2
57444;34979-4912;14 -1 31 -1 30 -1 30 -1 31 -2
57445;34979-4912;32 -2
57446;34979-4912;31 -2
57447;34979-4912;14 -1 31 -1 30 -1 31 -1 30 -1 31 -1 14 -1 31 -1 30 -1 31 -1 14 -1 41 -2
57448;34979-4912;11 -2
57449;34979-4912;48 -1 48 -1 48 -1 48 -1 48 -1 48 -1 48 -1 48 -1 48 -1 48 -1 48 -1 48 -1 48 -1 48 -1 48 -1 9 -1 11 -1 48 -1 14 -1 8 -2
57450;34979-4912;30 -1 31 -2
57451;34979-4912;30 -1 31 -1 14 -1 31 -1 30 -2
57452;34979-4912;14 -1 31 -1 30 -2
57453;34979-4912;14 -2
58853;35637-5102;14 -2
58854;35637-5102;14 -1 31 -1 30 -2
58855;35637-5102;16 -1 31 -1 48 -1 32 -1 14 -1 31 -1 30 -1 32 -1 14 -1 31 -1 30 -2
58856;35637-5102;14 -2
58857;35637-5102;14 -1 31 -1 30 -1 48 -1 30 -2
58858;35637-5102;14 -1 31 -2
58859;35637-5102;14 -2
58860;35637-5102;14 -2
58861;35637-5102;14 -1 31 -1 41 -2
58862;35637-5102;14 -1 31 -2
58863;35637-5102;14 -1 31 -1 48 -1 30 -1 30 -1 48 -1 30 -2
58864;35637-5102;32 -1 14 -1 31 -1 30 -2
58865;35637-5102;30 -2
58866;35637-5102;14 -1 41 -2
58867;35637-5102;31 -1 30 -2
58868;35637-5102;41 -2
58869;35637-5102;31 -2
58870;35637-5102;14 -1 31 -1 14 -1 31 -1 16 -1 31 -1 30 -1 30 -1 30 -2
58871;35637-5102;17 -1 30 -1 14 -2
58872;35637-5102;49 -1 14 -1 31 -1 30 -2
58873;35637-5102;14 -1 41 -1 41 -2
58874;35637-5102;14 -1 31 -2
58875;35637-5102;14 -2
58876;35637-5102;14 -1 31 -1 31 -2
58877;35637-5102;14 -2
58878;35637-5102;48 -2
58879;35637-5102;47 -1 48 -1 29 -1 4 -1 13 -1 14 -1 14 -2
58880;35637-5102;14 -1 14 -1 41 -1 41 -1 7 -2
58881;35637-5102;14 -1 41 -1 48 -1 48 -2
58882;35637-5102;14 -2
58883;35637-5102;31 -1 48 -2
58884;35637-5102;14 -2
58885;35637-5102;14 -2
58886;35637-5102;14 -1 31 -2
58887;35637-5102;14 -2
58888;35637-5102;14 -2
58889;35637-5102;14 -2
58890;35637-5102;14 -2
58891;35637-5102;14 -1 31 -1 30 -2
58892;35637-5102;14 -1 31 -2
58893;35637-5102;16 -1 31 -1 30 -2
58894;35637-5102;28 -1 30 -2
58895;35637-5102;14 -2
58896;35637-5102;14 -1 38 -1 41 -1 41 -1 41 -1 38 -1 33 -2
58897;35637-5102;41 -1 41 -1 14 -1 41 -2
58898;35637-5102;36 -1 36 -1 36 -1 36 -1 36 -1 36 -2
58899;35637-5102;36 -2
58900;35637-5102;36 -2
58901;35637-5102;36 -2
58902;35637-5102;36 -1 36 -1 36 -1 36 -1 34 -1 37 -1 38 -1 33 -1 36 -1 36 -1 36 -1 36 -2
58903;35637-5102;36 -1 36 -1 36 -1 36 -1 36 -1 37 -1 36 -1 34 -1 38 -2
58904;35637-5102;14 -2
58905;35637-5102;14 -2
58946;35659-6547;14 -2
58947;35659-6547;31 -1 31 -2
58948;35659-6547;14 -1 31 -1 30 -1 31 -1 30 -2
58949;35659-6547;14 -1 14 -2
58950;35659-6547;14 -2
58951;35659-6547;14 -2
58952;35659-6547;41 -2
58953;35659-6547;41 -2
58954;35659-6547;14 -1 31 -1 48 -1 30 -1 30 -1 30 -2
58955;35659-6547;14 -1 31 -2
58956;35659-6547;16 -1 31 -1 31 -2
58957;35659-6547;16 -1 7 -1 6 -1 41 -2
58958;35659-6547;41 -2
58959;35659-6547;14 -2
58960;35659-6547;14 -2
58961;35659-6547;14 -1 31 -2
58962;35659-6547;17 -1 31 -2
58963;35659-6547;14 -2
58993;35677-5786;14 -2
58994;35677-5786;41 -2
58995;35677-5786;41 -2
58996;35677-5786;41 -2
58997;35677-5786;31 -1 48 -1 30 -1 31 -1 30 -1 31 -1 30 -1 31 -1 30 -1 31 -1 30 -1 31 -1 30 -1 31 -1 30 -1 31 -1 14 -1 31 -2
58998;35677-5786;31 -1 30 -1 31 -1 14 -1 41 -1 41 -1 41 -1 14 -1 14 -2
58999;35677-5786;14 -1 31 -1 30 -1 31 -1 48 -1 30 -2
59000;35677-5786;48 -1 14 -2
59001;35677-5786;48 -2
59002;35677-5786;14 -2
59003;35677-5786;14 -2
59004;35677-5786;14 -1 41 -2
59005;35677-5786;14 -2
59006;35677-5786;31 -1 30 -1 30 -1 30 -2
59007;35677-5786;14 -2
59008;35677-5786;31 -2
59009;35677-5786;31 -1 14 -1 31 -1 30 -1 31 -2
59010;35677-5786;14 -1 41 -1 41 -1 31 -2
59011;35677-5786;14 -2
59012;35677-5786;31 -2
59013;35677-5786;14 -1 41 -2
59014;35677-5786;31 -2
59015;35677-5786;17 -1 31 -2
59016;35677-5786;14 -1 31 -1 30 -1 31 -1 30 -1 14 -1 31 -1 30 -1 31 -1 30 -1 31 -1 30 -1 31 -1 30 -2
59017;35677-5786;31 -1 30 -1 31 -1 30 -1 31 -1 30 -1 31 -1 30 -2
59018;35677-5786;31 -1 30 -1 31 -1 30 -1 48 -1 31 -1 30 -1 30 -1 31 -1 30 -2
59019;35677-5786;48 -1 30 -2
59020;35677-5786;14 -1 31 -1 30 -1 31 -1 48 -1 14 -1 14 -2
59021;35677-5786;14 -2
59022;35677-5786;31 -2
59023;35677-5786;31 -1 31 -1 14 -1 38 -2
59024;35677-5786;14 -1 41 -2
59025;35677-5786;14 -1 41 -2
59026;35677-5786;41 -2
59027;35677-5786;41 -1 41 -1 41 -1 14 -1 41 -1 31 -1 30 -1 31 -1 30 -1 31 -1 30 -1 31 -1 30 -1 31 -1 14 -1 38 -1 33 -2
59028;35677-5786;36 -2
59029;35677-5786;37 -1 36 -1 34 -1 38 -1 14 -1 11 -1 9 -1 11 -1 14 -1 31 -2
59030;35677-5786;41 -1 31 -1 30 -1 31 -1 30 -1 30 -1 31 -2
59031;35677-5786;30 -2
59032;35677-5786;30 -2
59033;35677-5786;31 -1 30 -2
59034;35677-5786;14 -1 41 -1 31 -1 11 -1 30 -1 48 -1 31 -1 30 -1 31 -1 30 -2
59035;35677-5786;31 -1 30 -1 31 -1 30 -1 31 -1 30 -1 48 -2
59036;35677-5786;14 -1 31 -1 31 -1 30 -1 31 -1 14 -1 41 -1 11 -1 48 -2
59037;35677-5786;48 -2
59038;35677-5786;48 -2
59039;35677-5786;48 -2
59040;35677-5786;11 -1 14 -1 31 -1 30 -1 48 -2
59072;35677-6547;14 -2
59073;35677-6547;14 -1 41 -2
59074;35677-6547;14 -2
59075;35677-6547;31 -1 30 -1 31 -1 30 -1 31 -1 30 -1 31 -1 30 -2
59076;35677-6547;31 -1 30 -1 31 -1 30 -2
59077;35677-6547;30 -1 30 -1 30 -1 31 -1 30 -1 31 -1 30 -2
59078;35677-6547;14 -2
59079;35677-6547;41 -2
59080;35677-6547;31 -1 30 -1 14 -2
59081;35677-6547;31 -1 30 -1 30 -1 14 -1 31 -1 30 -1 31 -1 41 -2
59082;35677-6547;41 -2
59083;35677-6547;31 -2
59084;35677-6547;30 -1 30 -2
59085;35677-6547;30 -2
59086;35677-6547;14 -1 41 -2
59087;35677-6547;31 -1 30 -1 30 -1 30 -1 30 -2
59088;35677-6547;31 -1 16 -1 31 -2
59089;35677-6547;14 -1 31 -2
59090;35677-6547;14 -2
59091;35677-6547;14 -1 31 -2
59092;35677-6547;14 -1 31 -1 41 -2
59093;35677-6547;31 -2
59094;35677-6547;30 -2
59095;35677-6547;30 -1 30 -2
59096;35677-6547;14 -2
59097;35677-6547;14 -2
59098;35677-6547;14 -2
59099;35677-6547;14 -1 41 -2
62580;35880-5786;14 -1 41 -2
62581;35880-5786;41 -2
62582;35880-5786;14 -2
62583;35880-5786;41 -2
62584;35880-5786;14 -1 41 -2
62585;35880-5786;14 -2
62586;35880-5786;41 -1 41 -2
62587;35880-5786;31 -1 41 -2
62588;35880-5786;41 -2
62589;35880-5786;14 -1 41 -2
62590;35880-5786;14 -1 31 -1 41 -1 31 -2
62591;35880-5786;14 -1 41 -2
62592;35880-5786;41 -2
62593;35880-5786;14 -1 41 -1 41 -2
62594;35880-5786;14 -1 41 -2
62595;35880-5786;14 -2
62596;35880-5786;41 -2
62597;35880-5786;14 -1 31 -1 30 -1 30 -1 48 -1 29 -1 48 -1 48 -1 29 -1 29 -1 48 -1 29 -1 48 -1 29 -1 41 -2
62598;35880-5786;14 -2
62599;35880-5786;14 -2
62600;35880-5786;14 -1 14 -2
62601;35880-5786;14 -1 14 -1 31 -1 30 -1 31 -1 30 -2
62602;35880-5786;14 -2
62603;35880-5786;14 -2
62604;35880-5786;14 -1 31 -2
62605;35880-5786;14 -1 38 -1 39 -1 14 -1 11 -1 48 -1 29 -1 49 -1 14 -1 11 -1 48 -1 29 -1 14 -1 11 -1 9 -1 11 -2
62606;35880-5786;14 -1 7 -1 5 -1 48 -1 29 -2
62607;35880-5786;30 -2
62608;35880-5786;14 -1 48 -1 29 -1 11 -1 11 -1 9 -1 11 -1 31 -1 30 -1 30 -1 48 -1 29 -1 48 -2
62609;35880-5786;38 -2
62610;35880-5786;41 -1 41 -1 41 -1 41 -2
62611;35880-5786;11 -2
62612;35880-5786;14 -1 41 -1 41 -1 31 -1 48 -1 29 -2
62613;35880-5786;14 -1 41 -2
62614;35880-5786;31 -1 38 -1 2 -1 31 -1 30 -1 30 -1 30 -1 30 -1 14 -1 11 -1 48 -1 29 -1 48 -1 29 -1 48 -1 29 -1 14 -1 31 -1 41 -1 14 -2
62615;35880-5786;14 -1 39 -1 38 -1 33 -2
62616;35880-5786;36 -2
62617;35880-5786;36 -1 34 -1 36 -1 37 -2
62618;35880-5786;38 -2
62619;35880-5786;37 -2
62620;35880-5786;14 -1 2 -1 41 -2
63544;35921-5102;14 -1 14 -1 14 -2
63545;35921-5102;41 -2
63546;35921-5102;14 -1 14 -2
63547;35921-5102;41 -2
63548;35921-5102;31 -1 48 -1 48 -1 48 -1 48 -1 48 -2
63549;35921-5102;41 -1 31 -2
63550;35921-5102;14 -2
63551;35921-5102;49 -1 32 -1 42 -1 4 -1 49 -1 49 -1 49 -1 49 -1 49 -1 49 -1 41 -1 41 -1 41 -2
63552;35921-5102;14 -1 41 -1 41 -1 41 -1 41 -1 41 -1 41 -1 41 -2
63553;35921-5102;49 -1 49 -1 49 -1 49 -1 49 -2
63554;35921-5102;14 -2
63555;35921-5102;41 -2
63556;35921-5102;48 -1 48 -2
63557;35921-5102;32 -2
63558;35921-5102;49 -1 49 -1 48 -1 29 -1 49 -2
63559;35921-5102;49 -1 49 -1 49 -1 49 -1 49 -1 49 -1 49 -1 49 -2
63560;35921-5102;14 -1 32 -1 31 -1 48 -1 29 -1 4 -1 13 -1 13 -1 48 -2
63561;35921-5102;49 -2
63562;35921-5102;14 -1 32 -1 31 -1 41 -1 41 -2
63563;35921-5102;41 -2
63564;35921-5102;41 -2
63565;35921-5102;41 -1 31 -1 16 -1 31 -1 31 -2
63566;35921-5102;30 -1 48 -1 31 -1 30 -2
63567;35921-5102;14 -2
63568;35921-5102;14 -2
63569;35921-5102;14 -2
63570;35921-5102;41 -2
63571;35921-5102;14 -1 14 -2
63572;35921-5102;32 -1 49 -2
63573;35921-5102;17 -1 30 -1 30 -1 31 -1 17 -1 30 -2
63574;35921-5102;17 -1 30 -1 17 -1 30 -1 17 -1 30 -1 17 -1 30 -1 32 -1 49 -1 48 -1 29 -1 4 -1 13 -1 48 -1 14 -1 14 -1 41 -1 42 -1 14 -1 14 -1 14 -2
63575;35921-5102;17 -1 30 -1 30 -2
63576;35921-5102;14 -2
63577;35921-5102;31 -1 31 -1 41 -2
63578;35921-5102;41 -2
63579;35921-5102;32 -1 31 -1 49 -2
63580;35921-5102;14 -1 14 -1 14 -1 14 -2
63581;35921-5102;14 -1 41 -1 31 -2
63582;35921-5102;14 -1 41 -1 41 -1 41 -2
63583;35921-5102;31 -1 30 -2
63584;35921-5102;14 -1 41 -2
63585;35921-5102;16 -1 14 -1 31 -1 48 -1 29 -1 30 -2
63586;35921-5102;17 -1 30 -1 30 -2
63587;35921-5102;14 -2
63588;35921-5102;14 -2
63589;35921-5102;48 -2
63590;35921-5102;8 -1 7 -1 8 -1 32 -2
63591;35921-5102;31 -2
63592;35921-5102;48 -2
63593;35921-5102;29 -2
63594;35921-5102;14 -1 14 -1 14 -1 41 -2
63595;35921-5102;14 -1 14 -1 14 -1 48 -1 29 -1 13 -2
63596;35921-5102;47 -1 48 -1 14 -1 32 -1 8 -1 42 -1 49 -1 41 -2
63597;35921-5102;48 -1 48 -1 48 -2
63598;35921-5102;14 -1 49 -1 8 -2
63599;35921-5102;8 -1 14 -2
63600;35921-5102;41 -1 41 -1 41 -1 31 -2
63601;35921-5102;14 -2
63602;35921-5102;41 -2
63603;35921-5102;41 -1 41 -2
63604;35921-5102;31 -2
63605;35921-5102;30 -2
63606;35921-5102;30 -2
63607;35921-5102;30 -2
63608;35921-5102;30 -1 30 -2
63609;35921-5102;16 -1 31 -1 30 -1 30 -1 30 -2
63610;35921-5102;14 -1 14 -1 14 -1 14 -2
63611;35921-5102;41 -2
63612;35921-5102;41 -2
63613;35921-5102;41 -1 41 -1 41 -1 38 -2
63614;35921-5102;14 -2
63615;35921-5102;14 -2
63616;35921-5102;14 -2
63617;35921-5102;14 -2
63618;35921-5102;38 -2
63619;35921-5102;14 -2
63620;35921-5102;33 -2
63621;35921-5102;14 -2
63622;35921-5102;36 -1 36 -2
63623;35921-5102;36 -1 36 -2
63624;35921-5102;36 -1 36 -2
63625;35921-5102;36 -1 36 -2
63626;35921-5102;36 -1 36 -2
63627;35921-5102;36 -1 36 -1 36 -1 36 -1 36 -2
63628;35921-5102;36 -1 36 -2
63629;35921-5102;36 -2
63630;35921-5102;36 -2
63631;35921-5102;36 -2
63632;35921-5102;36 -1 34 -1 36 -1 37 -2
63653;35923-4912;14 -1 49 -2
63654;35923-4912;49 -2
63655;35923-4912;41 -1 41 -2
63656;35923-4912;31 -2
63657;35923-4912;14 -2
63658;35923-4912;14 -2
63659;35923-4912;14 -2
63660;35923-4912;31 -2
63661;35923-4912;48 -2
63662;35923-4912;29 -2
63663;35923-4912;48 -1 29 -1 48 -1 31 -1 14 -2
63664;35923-4912;14 -1 31 -1 30 -2
63665;35923-4912;14 -1 31 -2
63666;35923-4912;48 -1 30 -1 30 -1 30 -1 30 -1 30 -1 30 -1 30 -1 30 -1 30 -1 30 -1 30 -1 30 -1 30 -1 30 -2
63667;35923-4912;16 -1 31 -1 30 -1 30 -1 30 -1 30 -2
63668;35923-4912;30 -1 30 -1 30 -1 14 -2
63669;35923-4912;14 -1 41 -2
63670;35923-4912;41 -2
63671;35923-4912;31 -1 30 -1 30 -2
63672;35923-4912;14 -1 31 -1 30 -2
63673;35923-4912;14 -1 31 -2
63674;35923-4912;31 -1 41 -2
63675;35923-4912;14 -2
63676;35923-4912;14 -1 7 -2
63677;35923-4912;5 -2
63678;35923-4912;48 -1 5 -2
63679;35923-4912;14 -1 31 -1 7 -2
63680;35923-4912;41 -2
63681;35923-4912;14 -2
63682;35923-4912;31 -2
63683;35923-4912;14 -2
63684;35923-4912;14 -2
63685;35923-4912;14 -2
63686;35923-4912;49 -2
63687;35923-4912;31 -2
63688;35923-4912;14 -2
63689;35923-4912;31 -2
63690;35923-4912;41 -2
63691;35923-4912;31 -2
63692;35923-4912;14 -1 14 -2
63693;35923-4912;14 -2
63694;35923-4912;14 -1 31 -1 11 -2
63695;35923-4912;11 -1 9 -2
63696;35923-4912;14 -2
63697;35923-4912;14 -1 38 -1 14 -1 41 -2
63698;35923-4912;41 -1 41 -2
63699;35923-4912;41 -2
63700;35923-4912;38 -1 33 -2
63701;35923-4912;37 -1 34 -1 36 -2
63702;35923-4912;38 -1 14 -1 11 -2
63703;35923-4912;31 -1 31 -2
63704;35923-4912;30 -1 30 -1 48 -2
