13405-5490;1>
13405-5490;1>
13405-5490;1>
13405-5490;1>
13405-5490;1>
13405-5490;1>
13405-5490;1>
1436-6400;1>
1436-6400;1>
1436-6400;1>
15247-6400;1>
15247-6400;1>
15247-6400;1>
15247-6400;1>
15247-6400;1>
15247-6400;1>
15247-6400;1>
15247-6400;1>
15247-6400;1>
15247-6400;1>
17491-6590;1>
17491-6590;1>
18398-5384;1>
18398-5384;1>
18398-5384;1>
18607-4917;1>
20796-4435;1>
21361-4917;1>
21361-4917;1>
21361-4917;1>
21361-4917;1>
21361-4917;1>
22363-4114;1>
22363-4114;1>
22423-4434;1>
22423-4434;1>
13405-5490;2>
13405-5490;2>
13405-5490;2>
13405-5490;2>
13405-5490;2>
13405-5490;2>
13405-5490;2>
13405-5490;2>
13405-5490;2>
13405-5490;2>
13405-5490;2>
13405-5490;2>
13405-5490;2>
13405-5490;2>
13405-5490;2>
13405-5490;2>
13405-5490;2>
13405-5490;2>
13405-5490;2>
13405-5490;2>
13405-5490;2>
13405-5490;2>
13405-5490;2>
13405-5490;2>
13405-5490;2>
13405-5490;2>
13405-5490;2>
13405-5490;2>
13405-5490;2>
1436-6400;2>
1436-6400;2>
1436-6400;2>
1436-6400;2>
1436-6400;2>
1436-6400;2>
1436-6400;2>
1436-6400;2>
1436-6400;2>
1436-6400;2>
1436-6400;2>
15247-6400;2>
15247-6400;2>
15247-6400;2>
15247-6400;2>
15247-6400;2>
15247-6400;2>
15247-6400;2>
15247-6400;2>
15247-6400;2>
15247-6400;2>
15247-6400;2>
15247-6400;2>
15247-6400;2>
15247-6400;2>
15247-6400;2>
15247-6400;2>
15247-6400;2>
15247-6400;2>
15247-6400;2>
15247-6400;2>
15247-6400;2>
15247-6400;2>
15247-6400;2>
15247-6400;2>
15247-6400;2>
15247-6400;2>
15247-6400;2>
15247-6400;2>
15247-6400;2>
15247-6400;2>
15247-6400;2>
15247-6400;2>
15247-6400;2>
15247-6400;2>
15247-6400;2>
15247-6400;2>
15247-6400;2>
15247-6400;2>
17491-6590;2>
17491-6590;2>
17491-6590;2>
17491-6590;2>
17491-6590;2>
18398-5384;2>
18398-5384;2>
18398-5384;2>
18398-5384;2>
18398-5384;2>
18398-5384;2>
18398-5384;2>
18398-5384;2>
18398-5384;2>
18444-6895;2>
18607-4917;2>
18607-4917;2>
18607-4917;2>
18607-4917;2>
18607-4917;2>
18607-4917;2>
18607-4917;2>
20796-4435;2>
20796-4435;2>
20796-4435;2>
20796-4435;2>
20796-4435;2>
20796-4435;2>
20796-4435;2>
20796-4435;2>
20796-4435;2>
21169-6402;2>
21361-4917;2>
21361-4917;2>
21361-4917;2>
21361-4917;2>
21361-4917;2>
21361-4917;2>
21361-4917;2>
21361-4917;2>
21361-4917;2>
21361-4917;2>
21361-4917;2>
21361-4917;2>
21361-4917;2>
21361-4917;2>
21361-4917;2>
21361-4917;2>
21361-4917;2>
21361-4917;2>
21361-4917;2>
21361-4917;2>
21361-4917;2>
21361-4917;2>
21361-4917;2>
22363-4114;2>
22363-4114;2>
22363-4114;2>
22363-4114;2>
22363-4114;2>
22363-4114;2>
22363-4114;2>
22363-4114;2>
22363-4114;2>
22363-4114;2>
22363-4114;2>
22363-4114;2>
22363-4114;2>
22363-4114;2>
22363-4114;2>
22363-4114;2>
22423-4434;2>
22423-4434;2>
22423-4434;2>
22423-4434;2>
22423-4434;2>
22423-4434;2>
22423-4434;2>
22423-4434;2>
22423-4434;2>
22423-4434;2>
22423-4434;2>
22423-4434;2>
22423-4434;2>
13405-5490;3>
1436-6400;3>
1436-6400;3>
15247-6400;3>
15247-6400;3>
15247-6400;3>
15247-6400;3>
15247-6400;3>
15247-6400;3>
15247-6400;3>
15247-6400;3>
15247-6400;3>
17491-6590;3>
17491-6590;3>
18398-5384;3>
18398-5384;3>
21361-4917;3>
21361-4917;3>
21361-4917;3>
21361-4917;3>
21361-4917;3>
21361-4917;3>
21361-4917;3>
21361-4917;3>
21361-4917;3>
21361-4917;3>
22363-4114;3>
22363-4114;3>
22363-4114;3>
22363-4114;3>
13405-5490;5>
13405-5490;5>
13405-5490;5>
13405-5490;5>
13405-5490;5>
13405-5490;5>
13405-5490;5>
13405-5490;5>
13405-5490;5>
13405-5490;5>
13405-5490;5>
13405-5490;5>
1436-6400;5>
1436-6400;5>
1436-6400;5>
1436-6400;5>
1436-6400;5>
1436-6400;5>
1436-6400;5>
1436-6400;5>
1436-6400;5>
1436-6400;5>
1436-6400;5>
1436-6400;5>
1436-6400;5>
1436-6400;5>
15247-6400;5>
15247-6400;5>
15247-6400;5>
18398-5384;5>
18398-5384;5>
18607-4917;5>
18607-4917;5>
20796-4435;5>
20796-4435;5>
20796-4435;5>
20796-4435;5>
20796-4435;5>
20796-4435;5>
21169-6402;5>
21169-6402;5>
21169-6402;5>
21169-6402;5>
21361-4917;5>
21361-4917;5>
21361-4917;5>
21361-4917;5>
21361-4917;5>
21361-4917;5>
21361-4917;5>
21361-4917;5>
21361-4917;5>
21361-4917;5>
21361-4917;5>
21361-4917;5>
21361-4917;5>
22363-4114;5>
22363-4114;5>
22363-4114;5>
22363-4114;5>
22363-4114;5>
22363-4114;5>
13405-5490;6>
13405-5490;6>
13405-5490;6>
13405-5490;6>
13405-5490;6>
13405-5490;6>
13405-5490;6>
13405-5490;6>
1436-6400;6>
1436-6400;6>
1436-6400;6>
1436-6400;6>
1436-6400;6>
1436-6400;6>
15247-6400;6>
15247-6400;6>
17491-6590;6>
17491-6590;6>
17491-6590;6>
17491-6590;6>
17491-6590;6>
17491-6590;6>
17491-6590;6>
17491-6590;6>
17491-6590;6>
17491-6590;6>
17491-6590;6>
18398-5384;6>
18398-5384;6>
18398-5384;6>
18398-5384;6>
18398-5384;6>
18398-5384;6>
18398-5384;6>
18398-5384;6>
18398-5384;6>
18398-5384;6>
18398-5384;6>
18398-5384;6>
18398-5384;6>
18607-4917;6>
18607-4917;6>
18607-4917;6>
18607-4917;6>
20796-4435;6>
20796-4435;6>
20796-4435;6>
20796-4435;6>
20796-4435;6>
20796-4435;6>
20796-4435;6>
21169-6402;6>
21169-6402;6>
21169-6402;6>
21169-6402;6>
21169-6402;6>
21169-6402;6>
21169-6402;6>
21169-6402;6>
21169-6402;6>
21169-6402;6>
21169-6402;6>
21169-6402;6>
21169-6402;6>
21169-6402;6>
21361-4917;6>
21361-4917;6>
22363-4114;6>
22363-4114;6>
22363-4114;6>
22363-4114;6>
22363-4114;6>
22363-4114;6>
22363-4114;6>
22363-4114;6>
22363-4114;6>
22423-4434;6>
22423-4434;6>
22423-4434;6>
22423-4434;6>
13405-5490;7>
13405-5490;7>
13405-5490;7>
13405-5490;7>
13405-5490;7>
13405-5490;7>
13405-5490;7>
13405-5490;7>
13405-5490;7>
13405-5490;7>
13405-5490;7>
13405-5490;7>
1436-6400;7>
1436-6400;7>
1436-6400;7>
1436-6400;7>
1436-6400;7>
1436-6400;7>
1436-6400;7>
1436-6400;7>
1436-6400;7>
15247-6400;7>
15247-6400;7>
15247-6400;7>
15247-6400;7>
15247-6400;7>
15247-6400;7>
15247-6400;7>
17491-6590;7>
17491-6590;7>
17491-6590;7>
17491-6590;7>
18398-5384;7>
18398-5384;7>
18398-5384;7>
18398-5384;7>
18398-5384;7>
18607-4917;7>
18607-4917;7>
18607-4917;7>
20796-4435;7>
20796-4435;7>
20796-4435;7>
20796-4435;7>
20796-4435;7>
20796-4435;7>
20796-4435;7>
21169-6402;7>
21169-6402;7>
21169-6402;7>
21169-6402;7>
21361-4917;7>
21361-4917;7>
21361-4917;7>
21361-4917;7>
21361-4917;7>
21361-4917;7>
21361-4917;7>
21361-4917;7>
21361-4917;7>
21361-4917;7>
21361-4917;7>
21361-4917;7>
22363-4114;7>
22363-4114;7>
22363-4114;7>
22363-4114;7>
22363-4114;7>
22363-4114;7>
22363-4114;7>
22363-4114;7>
22363-4114;7>
22363-4114;7>
22363-4114;7>
22363-4114;7>
22423-4434;7>
22423-4434;7>
22423-4434;7>
22423-4434;7>
22423-4434;7>
13405-5490;14>
13405-5490;14>
13405-5490;14>
13405-5490;14>
13405-5490;14>
13405-5490;14>
13405-5490;14>
13405-5490;14>
13405-5490;14>
13405-5490;14>
13405-5490;14>
13405-5490;14>
13405-5490;14>
13405-5490;14>
13405-5490;14>
13405-5490;14>
13405-5490;14>
13405-5490;14>
13405-5490;14>
13405-5490;14>
13405-5490;14>
13405-5490;14>
13405-5490;14>
13405-5490;14>
13405-5490;14>
13405-5490;14>
13405-5490;14>
13405-5490;14>
13405-5490;14>
13405-5490;14>
13405-5490;14>
13405-5490;14>
13405-5490;14>
13405-5490;14>
13405-5490;14>
13405-5490;14>
13405-5490;14>
13405-5490;14>
13405-5490;14>
13405-5490;14>
13405-5490;14>
13405-5490;14>
13405-5490;14>
13405-5490;14>
13405-5490;14>
13405-5490;14>
13405-5490;14>
13405-5490;14>
13405-5490;14>
13405-5490;14>
13405-5490;14>
13405-5490;14>
13405-5490;14>
13405-5490;14>
13405-5490;14>
13405-5490;14>
13405-5490;14>
13405-5490;14>
13405-5490;14>
13405-5490;14>
13405-5490;14>
13405-5490;14>
13405-5490;14>
13405-5490;14>
13405-5490;14>
13405-5490;14>
13405-5490;14>
13405-5490;14>
13405-5490;14>
13405-5490;14>
13405-5490;14>
13405-5490;14>
13405-5490;14>
13405-5490;14>
13405-5490;14>
13405-5490;14>
13405-5490;14>
13405-5490;14>
13405-5490;14>
13405-5490;14>
13405-5490;14>
13405-5490;14>
13405-5490;14>
13405-5490;14>
13405-5490;14>
13405-5490;14>
13405-5490;14>
13405-5490;14>
13405-5490;14>
13405-5490;14>
13405-5490;14>
13405-5490;14>
13405-5490;14>
13405-5490;14>
13405-5490;14>
13405-5490;14>
13405-5490;14>
13405-5490;14>
13405-5490;14>
13405-5490;14>
13405-5490;14>
1436-6400;14>
1436-6400;14>
1436-6400;14>
1436-6400;14>
1436-6400;14>
1436-6400;14>
1436-6400;14>
1436-6400;14>
1436-6400;14>
1436-6400;14>
1436-6400;14>
1436-6400;14>
1436-6400;14>
1436-6400;14>
1436-6400;14>
1436-6400;14>
1436-6400;14>
1436-6400;14>
1436-6400;14>
1436-6400;14>
1436-6400;14>
1436-6400;14>
1436-6400;14>
1436-6400;14>
1436-6400;14>
1436-6400;14>
1436-6400;14>
1436-6400;14>
1436-6400;14>
1436-6400;14>
1436-6400;14>
1436-6400;14>
1436-6400;14>
1436-6400;14>
1436-6400;14>
1436-6400;14>
1436-6400;14>
1436-6400;14>
1436-6400;14>
1436-6400;14>
1436-6400;14>
1436-6400;14>
1436-6400;14>
1436-6400;14>
1436-6400;14>
1436-6400;14>
1436-6400;14>
1436-6400;14>
1436-6400;14>
1436-6400;14>
1436-6400;14>
1436-6400;14>
1436-6400;14>
1436-6400;14>
1436-6400;14>
15247-6400;14>
15247-6400;14>
15247-6400;14>
15247-6400;14>
15247-6400;14>
15247-6400;14>
15247-6400;14>
15247-6400;14>
15247-6400;14>
15247-6400;14>
15247-6400;14>
15247-6400;14>
15247-6400;14>
15247-6400;14>
15247-6400;14>
15247-6400;14>
15247-6400;14>
15247-6400;14>
15247-6400;14>
15247-6400;14>
15247-6400;14>
15247-6400;14>
15247-6400;14>
15247-6400;14>
15247-6400;14>
15247-6400;14>
15247-6400;14>
15247-6400;14>
15247-6400;14>
15247-6400;14>
15247-6400;14>
15247-6400;14>
15247-6400;14>
15247-6400;14>
15247-6400;14>
15247-6400;14>
15247-6400;14>
15247-6400;14>
15247-6400;14>
15247-6400;14>
15247-6400;14>
15247-6400;14>
15247-6400;14>
15247-6400;14>
15247-6400;14>
15247-6400;14>
15247-6400;14>
15247-6400;14>
15247-6400;14>
15247-6400;14>
15247-6400;14>
15247-6400;14>
15247-6400;14>
15247-6400;14>
15247-6400;14>
15247-6400;14>
15247-6400;14>
15247-6400;14>
15247-6400;14>
15247-6400;14>
15247-6400;14>
15247-6400;14>
15247-6400;14>
15247-6400;14>
15247-6400;14>
17491-6590;14>
17491-6590;14>
17491-6590;14>
17491-6590;14>
17491-6590;14>
17491-6590;14>
17491-6590;14>
17491-6590;14>
17491-6590;14>
17491-6590;14>
17491-6590;14>
17491-6590;14>
17491-6590;14>
18398-5384;14>
18398-5384;14>
18398-5384;14>
18398-5384;14>
18398-5384;14>
18398-5384;14>
18398-5384;14>
18398-5384;14>
18398-5384;14>
18398-5384;14>
18398-5384;14>
18398-5384;14>
18398-5384;14>
18398-5384;14>
18398-5384;14>
18398-5384;14>
18398-5384;14>
18398-5384;14>
18398-5384;14>
18398-5384;14>
18398-5384;14>
18398-5384;14>
18398-5384;14>
18398-5384;14>
18398-5384;14>
18398-5384;14>
18398-5384;14>
18398-5384;14>
18398-5384;14>
18398-5384;14>
18398-5384;14>
18398-5384;14>
18398-5384;14>
18398-5384;14>
18398-5384;14>
18398-5384;14>
18398-5384;14>
18398-5384;14>
18398-5384;14>
18398-5384;14>
18398-5384;14>
18398-5384;14>
18398-5384;14>
18398-5384;14>
18444-6895;14>
18444-6895;14>
18444-6895;14>
18607-4917;14>
18607-4917;14>
18607-4917;14>
18607-4917;14>
18607-4917;14>
18607-4917;14>
18607-4917;14>
18607-4917;14>
18607-4917;14>
18607-4917;14>
18607-4917;14>
18607-4917;14>
20796-4435;14>
20796-4435;14>
20796-4435;14>
20796-4435;14>
20796-4435;14>
20796-4435;14>
20796-4435;14>
20796-4435;14>
20796-4435;14>
20796-4435;14>
20796-4435;14>
20796-4435;14>
20796-4435;14>
20796-4435;14>
20796-4435;14>
20796-4435;14>
20796-4435;14>
20796-4435;14>
20796-4435;14>
20796-4435;14>
20796-4435;14>
20796-4435;14>
20796-4435;14>
20796-4435;14>
20796-4435;14>
20796-4435;14>
21169-6402;14>
21169-6402;14>
21169-6402;14>
21169-6402;14>
21169-6402;14>
21169-6402;14>
21169-6402;14>
21169-6402;14>
21169-6402;14>
21169-6402;14>
21169-6402;14>
21169-6402;14>
21169-6402;14>
21169-6402;14>
21169-6402;14>
21169-6402;14>
21169-6402;14>
21169-6402;14>
21169-6402;14>
21169-6402;14>
21169-6402;14>
21169-6402;14>
21169-6402;14>
21169-6402;14>
21169-6402;14>
21169-6402;14>
21169-6402;14>
21169-6402;14>
21169-6402;14>
21169-6402;14>
21169-6402;14>
21169-6402;14>
21361-4917;14>
21361-4917;14>
21361-4917;14>
21361-4917;14>
21361-4917;14>
21361-4917;14>
21361-4917;14>
21361-4917;14>
21361-4917;14>
21361-4917;14>
21361-4917;14>
21361-4917;14>
21361-4917;14>
21361-4917;14>
21361-4917;14>
21361-4917;14>
21361-4917;14>
21361-4917;14>
21361-4917;14>
21361-4917;14>
21361-4917;14>
21361-4917;14>
21361-4917;14>
21361-4917;14>
21361-4917;14>
21361-4917;14>
21361-4917;14>
21361-4917;14>
21361-4917;14>
21361-4917;14>
21361-4917;14>
21361-4917;14>
21361-4917;14>
21361-4917;14>
21361-4917;14>
21361-4917;14>
21361-4917;14>
21361-4917;14>
21361-4917;14>
21361-4917;14>
21361-4917;14>
21361-4917;14>
21361-4917;14>
21361-4917;14>
21361-4917;14>
21361-4917;14>
21361-4917;14>
21361-4917;14>
21361-4917;14>
21361-4917;14>
21361-4917;14>
21361-4917;14>
21361-4917;14>
21361-4917;14>
21361-4917;14>
21361-4917;14>
21361-4917;14>
21361-4917;14>
21361-4917;14>
21361-4917;14>
21361-4917;14>
21361-4917;14>
21361-4917;14>
21361-4917;14>
21361-4917;14>
21361-4917;14>
21361-4917;14>
21361-4917;14>
21361-4917;14>
21361-4917;14>
21361-4917;14>
22363-4114;14>
22363-4114;14>
22363-4114;14>
22363-4114;14>
22363-4114;14>
22363-4114;14>
22363-4114;14>
22363-4114;14>
22363-4114;14>
22363-4114;14>
22363-4114;14>
22363-4114;14>
22363-4114;14>
22363-4114;14>
22363-4114;14>
22363-4114;14>
22363-4114;14>
22363-4114;14>
22363-4114;14>
22363-4114;14>
22363-4114;14>
22363-4114;14>
22363-4114;14>
22363-4114;14>
22363-4114;14>
22363-4114;14>
22363-4114;14>
22363-4114;14>
22363-4114;14>
22363-4114;14>
22363-4114;14>
22363-4114;14>
22363-4114;14>
22363-4114;14>
22363-4114;14>
22363-4114;14>
22363-4114;14>
22363-4114;14>
22363-4114;14>
22363-4114;14>
22363-4114;14>
22363-4114;14>
22363-4114;14>
22363-4114;14>
22363-4114;14>
22363-4114;14>
22363-4114;14>
22363-4114;14>
22363-4114;14>
22363-4114;14>
22363-4114;14>
22363-4114;14>
22363-4114;14>
22363-4114;14>
22363-4114;14>
22363-4114;14>
22363-4114;14>
22363-4114;14>
22363-4114;14>
22363-4114;14>
22363-4114;14>
22363-4114;14>
22363-4114;14>
22363-4114;14>
22363-4114;14>
22363-4114;14>
22423-4434;14>
22423-4434;14>
22423-4434;14>
22423-4434;14>
22423-4434;14>
22423-4434;14>
22423-4434;14>
22423-4434;14>
22423-4434;14>
22423-4434;14>
22423-4434;14>
22423-4434;14>
22423-4434;14>
22423-4434;14>
22423-4434;14>
22423-4434;14>
22423-4434;14>
22423-4434;14>
22423-4434;14>
22423-4434;14>
22423-4434;14>
22423-4434;14>
22423-4434;14>
22423-4434;14>
22423-4434;14>
22423-4434;14>
22423-4434;14>
22423-4434;14>
22423-4434;14>
22525-4435;14>
13405-5490;16>
13405-5490;16>
13405-5490;16>
13405-5490;16>
13405-5490;16>
1436-6400;16>
15247-6400;16>
15247-6400;16>
18398-5384;16>
18444-6895;16>
20796-4435;16>
21169-6402;16>
21169-6402;16>
21361-4917;16>
21361-4917;16>
21361-4917;16>
22363-4114;16>
13405-5490;17>
13405-5490;17>
13405-5490;17>
13405-5490;17>
13405-5490;17>
15247-6400;17>
18398-5384;17>
18607-4917;17>
18607-4917;17>
21361-4917;17>
21361-4917;17>
21361-4917;17>
21361-4917;17>
21361-4917;17>
21361-4917;17>
21361-4917;17>
21361-4917;17>
21361-4917;17>
21361-4917;17>
21361-4917;17>
22363-4114;17>
22363-4114;17>
13405-5490;29>
18398-5384;29>
18398-5384;29>
18398-5384;29>
18398-5384;29>
18398-5384;29>
18398-5384;29>
18398-5384;29>
21361-4917;29>
13405-5490;30>
13405-5490;30>
13405-5490;30>
13405-5490;30>
13405-5490;30>
13405-5490;30>
13405-5490;30>
13405-5490;30>
13405-5490;30>
13405-5490;30>
13405-5490;30>
13405-5490;30>
13405-5490;30>
13405-5490;30>
13405-5490;30>
13405-5490;30>
13405-5490;30>
13405-5490;30>
13405-5490;30>
13405-5490;30>
13405-5490;30>
13405-5490;30>
13405-5490;30>
13405-5490;30>
13405-5490;30>
13405-5490;30>
13405-5490;30>
13405-5490;30>
13405-5490;30>
13405-5490;30>
13405-5490;30>
13405-5490;30>
13405-5490;30>
13405-5490;30>
13405-5490;30>
13405-5490;30>
13405-5490;30>
13405-5490;30>
13405-5490;30>
13405-5490;30>
1436-6400;30>
1436-6400;30>
1436-6400;30>
1436-6400;30>
1436-6400;30>
1436-6400;30>
1436-6400;30>
1436-6400;30>
15247-6400;30>
15247-6400;30>
15247-6400;30>
15247-6400;30>
15247-6400;30>
15247-6400;30>
15247-6400;30>
15247-6400;30>
15247-6400;30>
15247-6400;30>
15247-6400;30>
15247-6400;30>
15247-6400;30>
15247-6400;30>
18398-5384;30>
18398-5384;30>
18398-5384;30>
18398-5384;30>
18398-5384;30>
18444-6895;30>
18607-4917;30>
18607-4917;30>
18607-4917;30>
18607-4917;30>
18607-4917;30>
18607-4917;30>
18607-4917;30>
18607-4917;30>
18607-4917;30>
18607-4917;30>
18607-4917;30>
20796-4435;30>
20796-4435;30>
21169-6402;30>
21169-6402;30>
21169-6402;30>
21169-6402;30>
21169-6402;30>
21169-6402;30>
21169-6402;30>
21169-6402;30>
21169-6402;30>
21169-6402;30>
21169-6402;30>
21169-6402;30>
21169-6402;30>
21169-6402;30>
21361-4917;30>
21361-4917;30>
21361-4917;30>
21361-4917;30>
21361-4917;30>
21361-4917;30>
21361-4917;30>
21361-4917;30>
21361-4917;30>
21361-4917;30>
21361-4917;30>
21361-4917;30>
21361-4917;30>
21361-4917;30>
21361-4917;30>
21361-4917;30>
21361-4917;30>
21361-4917;30>
21361-4917;30>
21361-4917;30>
21361-4917;30>
21361-4917;30>
21361-4917;30>
21361-4917;30>
21361-4917;30>
21361-4917;30>
21361-4917;30>
21361-4917;30>
22363-4114;30>
22363-4114;30>
22363-4114;30>
22363-4114;30>
22363-4114;30>
22363-4114;30>
22363-4114;30>
22363-4114;30>
22363-4114;30>
22363-4114;30>
22363-4114;30>
22363-4114;30>
22363-4114;30>
22363-4114;30>
22363-4114;30>
22363-4114;30>
22363-4114;30>
22363-4114;30>
22423-4434;30>
22423-4434;30>
13405-5490;31>
13405-5490;31>
13405-5490;31>
13405-5490;31>
13405-5490;31>
13405-5490;31>
13405-5490;31>
13405-5490;31>
13405-5490;31>
13405-5490;31>
13405-5490;31>
13405-5490;31>
13405-5490;31>
13405-5490;31>
13405-5490;31>
13405-5490;31>
13405-5490;31>
13405-5490;31>
13405-5490;31>
13405-5490;31>
13405-5490;31>
13405-5490;31>
13405-5490;31>
13405-5490;31>
13405-5490;31>
13405-5490;31>
13405-5490;31>
13405-5490;31>
13405-5490;31>
13405-5490;31>
13405-5490;31>
13405-5490;31>
13405-5490;31>
13405-5490;31>
13405-5490;31>
13405-5490;31>
13405-5490;31>
13405-5490;31>
13405-5490;31>
13405-5490;31>
13405-5490;31>
1436-6400;31>
1436-6400;31>
1436-6400;31>
1436-6400;31>
1436-6400;31>
1436-6400;31>
1436-6400;31>
1436-6400;31>
1436-6400;31>
1436-6400;31>
1436-6400;31>
1436-6400;31>
1436-6400;31>
1436-6400;31>
1436-6400;31>
1436-6400;31>
1436-6400;31>
1436-6400;31>
1436-6400;31>
1436-6400;31>
1436-6400;31>
1436-6400;31>
1436-6400;31>
1436-6400;31>
1436-6400;31>
15247-6400;31>
15247-6400;31>
15247-6400;31>
15247-6400;31>
15247-6400;31>
15247-6400;31>
15247-6400;31>
15247-6400;31>
15247-6400;31>
15247-6400;31>
15247-6400;31>
15247-6400;31>
15247-6400;31>
15247-6400;31>
15247-6400;31>
15247-6400;31>
15247-6400;31>
15247-6400;31>
15247-6400;31>
15247-6400;31>
15247-6400;31>
15247-6400;31>
15247-6400;31>
18398-5384;31>
18398-5384;31>
18398-5384;31>
18398-5384;31>
18398-5384;31>
18398-5384;31>
18398-5384;31>
18398-5384;31>
18398-5384;31>
18398-5384;31>
18398-5384;31>
18398-5384;31>
18398-5384;31>
18398-5384;31>
18398-5384;31>
18398-5384;31>
18444-6895;31>
18444-6895;31>
18444-6895;31>
18444-6895;31>
18607-4917;31>
18607-4917;31>
18607-4917;31>
18607-4917;31>
18607-4917;31>
18607-4917;31>
18607-4917;31>
18607-4917;31>
18607-4917;31>
18607-4917;31>
18607-4917;31>
20796-4435;31>
20796-4435;31>
20796-4435;31>
20796-4435;31>
20796-4435;31>
20796-4435;31>
20796-4435;31>
20796-4435;31>
20796-4435;31>
20796-4435;31>
20796-4435;31>
20796-4435;31>
20796-4435;31>
21169-6402;31>
21169-6402;31>
21169-6402;31>
21169-6402;31>
21169-6402;31>
21169-6402;31>
21169-6402;31>
21169-6402;31>
21169-6402;31>
21169-6402;31>
21169-6402;31>
21169-6402;31>
21169-6402;31>
21361-4917;31>
21361-4917;31>
21361-4917;31>
21361-4917;31>
21361-4917;31>
21361-4917;31>
21361-4917;31>
21361-4917;31>
21361-4917;31>
21361-4917;31>
21361-4917;31>
21361-4917;31>
21361-4917;31>
21361-4917;31>
21361-4917;31>
21361-4917;31>
21361-4917;31>
21361-4917;31>
21361-4917;31>
21361-4917;31>
21361-4917;31>
21361-4917;31>
21361-4917;31>
21361-4917;31>
21361-4917;31>
21361-4917;31>
21361-4917;31>
21361-4917;31>
21361-4917;31>
21361-4917;31>
21361-4917;31>
21361-4917;31>
21361-4917;31>
21361-4917;31>
21361-4917;31>
21361-4917;31>
21361-4917;31>
22363-4114;31>
22363-4114;31>
22363-4114;31>
22363-4114;31>
22363-4114;31>
22363-4114;31>
22363-4114;31>
22363-4114;31>
22363-4114;31>
22363-4114;31>
22363-4114;31>
22363-4114;31>
22363-4114;31>
22363-4114;31>
22363-4114;31>
22363-4114;31>
22363-4114;31>
22363-4114;31>
22363-4114;31>
22363-4114;31>
22423-4434;31>
22423-4434;31>
22423-4434;31>
22423-4434;31>
13405-5490;32>
13405-5490;32>
13405-5490;32>
18398-5384;32>
18398-5384;32>
21361-4917;32>
21361-4917;32>
21361-4917;32>
22363-4114;32>
22363-4114;32>
13405-5490;41>
13405-5490;41>
13405-5490;41>
13405-5490;41>
13405-5490;41>
13405-5490;41>
13405-5490;41>
13405-5490;41>
13405-5490;41>
13405-5490;41>
13405-5490;41>
13405-5490;41>
13405-5490;41>
13405-5490;41>
13405-5490;41>
13405-5490;41>
13405-5490;41>
13405-5490;41>
13405-5490;41>
13405-5490;41>
13405-5490;41>
13405-5490;41>
13405-5490;41>
13405-5490;41>
13405-5490;41>
13405-5490;41>
13405-5490;41>
13405-5490;41>
13405-5490;41>
13405-5490;41>
13405-5490;41>
13405-5490;41>
13405-5490;41>
13405-5490;41>
13405-5490;41>
13405-5490;41>
13405-5490;41>
13405-5490;41>
13405-5490;41>
13405-5490;41>
13405-5490;41>
13405-5490;41>
13405-5490;41>
13405-5490;41>
13405-5490;41>
13405-5490;41>
13405-5490;41>
13405-5490;41>
13405-5490;41>
13405-5490;41>
13405-5490;41>
13405-5490;41>
13405-5490;41>
13405-5490;41>
13405-5490;41>
13405-5490;41>
13405-5490;41>
13405-5490;41>
13405-5490;41>
13405-5490;41>
13405-5490;41>
13405-5490;41>
13405-5490;41>
1436-6400;41>
1436-6400;41>
1436-6400;41>
1436-6400;41>
1436-6400;41>
1436-6400;41>
1436-6400;41>
1436-6400;41>
1436-6400;41>
1436-6400;41>
1436-6400;41>
1436-6400;41>
1436-6400;41>
1436-6400;41>
1436-6400;41>
1436-6400;41>
1436-6400;41>
1436-6400;41>
1436-6400;41>
1436-6400;41>
1436-6400;41>
1436-6400;41>
1436-6400;41>
1436-6400;41>
1436-6400;41>
1436-6400;41>
1436-6400;41>
1436-6400;41>
1436-6400;41>
1436-6400;41>
1436-6400;41>
1436-6400;41>
1436-6400;41>
1436-6400;41>
1436-6400;41>
1436-6400;41>
1436-6400;41>
1436-6400;41>
1436-6400;41>
1436-6400;41>
1436-6400;41>
1436-6400;41>
1436-6400;41>
1436-6400;41>
1436-6400;41>
1436-6400;41>
1436-6400;41>
1436-6400;41>
1436-6400;41>
1436-6400;41>
1436-6400;41>
1436-6400;41>
1436-6400;41>
15247-6400;41>
15247-6400;41>
15247-6400;41>
15247-6400;41>
15247-6400;41>
15247-6400;41>
15247-6400;41>
15247-6400;41>
15247-6400;41>
15247-6400;41>
15247-6400;41>
15247-6400;41>
15247-6400;41>
15247-6400;41>
15247-6400;41>
15247-6400;41>
15247-6400;41>
15247-6400;41>
15247-6400;41>
15247-6400;41>
15247-6400;41>
15247-6400;41>
15247-6400;41>
15247-6400;41>
15247-6400;41>
15247-6400;41>
15247-6400;41>
15247-6400;41>
15247-6400;41>
15247-6400;41>
15247-6400;41>
15247-6400;41>
15247-6400;41>
15247-6400;41>
15247-6400;41>
15247-6400;41>
15247-6400;41>
15247-6400;41>
15247-6400;41>
15247-6400;41>
15247-6400;41>
15247-6400;41>
15247-6400;41>
15247-6400;41>
15247-6400;41>
15247-6400;41>
15247-6400;41>
15247-6400;41>
15247-6400;41>
15247-6400;41>
15247-6400;41>
15247-6400;41>
15247-6400;41>
15247-6400;41>
15247-6400;41>
15247-6400;41>
15247-6400;41>
15247-6400;41>
15247-6400;41>
15247-6400;41>
17491-6590;41>
17491-6590;41>
17491-6590;41>
17491-6590;41>
17491-6590;41>
17491-6590;41>
17491-6590;41>
17491-6590;41>
17491-6590;41>
17491-6590;41>
17491-6590;41>
17491-6590;41>
17491-6590;41>
18398-5384;41>
18398-5384;41>
18398-5384;41>
18398-5384;41>
18398-5384;41>
18398-5384;41>
18398-5384;41>
18398-5384;41>
18398-5384;41>
18398-5384;41>
18398-5384;41>
18398-5384;41>
18398-5384;41>
18398-5384;41>
18398-5384;41>
18398-5384;41>
18398-5384;41>
18398-5384;41>
18398-5384;41>
18398-5384;41>
18398-5384;41>
18398-5384;41>
18398-5384;41>
18398-5384;41>
18398-5384;41>
18398-5384;41>
18398-5384;41>
18398-5384;41>
18398-5384;41>
18398-5384;41>
18398-5384;41>
18398-5384;41>
18398-5384;41>
18398-5384;41>
18398-5384;41>
18444-6895;41>
18444-6895;41>
18607-4917;41>
20796-4435;41>
20796-4435;41>
20796-4435;41>
20796-4435;41>
20796-4435;41>
20796-4435;41>
20796-4435;41>
20796-4435;41>
20796-4435;41>
20796-4435;41>
20796-4435;41>
20796-4435;41>
20796-4435;41>
20796-4435;41>
20796-4435;41>
20796-4435;41>
21169-6402;41>
21169-6402;41>
21169-6402;41>
21169-6402;41>
21169-6402;41>
21169-6402;41>
21169-6402;41>
21169-6402;41>
21169-6402;41>
21169-6402;41>
21169-6402;41>
21169-6402;41>
21169-6402;41>
21169-6402;41>
21169-6402;41>
21361-4917;41>
21361-4917;41>
21361-4917;41>
21361-4917;41>
21361-4917;41>
21361-4917;41>
21361-4917;41>
21361-4917;41>
21361-4917;41>
21361-4917;41>
21361-4917;41>
21361-4917;41>
21361-4917;41>
21361-4917;41>
21361-4917;41>
21361-4917;41>
21361-4917;41>
21361-4917;41>
21361-4917;41>
21361-4917;41>
21361-4917;41>
21361-4917;41>
21361-4917;41>
21361-4917;41>
21361-4917;41>
21361-4917;41>
21361-4917;41>
21361-4917;41>
21361-4917;41>
21361-4917;41>
21361-4917;41>
21361-4917;41>
21361-4917;41>
21361-4917;41>
21361-4917;41>
21361-4917;41>
21361-4917;41>
21361-4917;41>
21361-4917;41>
21361-4917;41>
21361-4917;41>
21361-4917;41>
21361-4917;41>
21361-4917;41>
21361-4917;41>
21361-4917;41>
21361-4917;41>
21361-4917;41>
21361-4917;41>
21361-4917;41>
21361-4917;41>
21361-4917;41>
21361-4917;41>
21361-4917;41>
21361-4917;41>
21361-4917;41>
21361-4917;41>
21361-4917;41>
21361-4917;41>
21361-4917;41>
21361-4917;41>
21361-4917;41>
21361-4917;41>
21361-4917;41>
21361-4917;41>
21361-4917;41>
21361-4917;41>
21361-4917;41>
21361-4917;41>
22363-4114;41>
22363-4114;41>
22363-4114;41>
22363-4114;41>
22363-4114;41>
22363-4114;41>
22363-4114;41>
22363-4114;41>
22363-4114;41>
22363-4114;41>
22363-4114;41>
22363-4114;41>
22363-4114;41>
22363-4114;41>
22363-4114;41>
22363-4114;41>
22363-4114;41>
22363-4114;41>
22363-4114;41>
22363-4114;41>
22363-4114;41>
22363-4114;41>
22363-4114;41>
22363-4114;41>
22363-4114;41>
22363-4114;41>
22363-4114;41>
22363-4114;41>
22363-4114;41>
22363-4114;41>
22363-4114;41>
22363-4114;41>
22363-4114;41>
22363-4114;41>
22363-4114;41>
22363-4114;41>
22363-4114;41>
22363-4114;41>
22363-4114;41>
22363-4114;41>
22363-4114;41>
22363-4114;41>
22363-4114;41>
22363-4114;41>
22363-4114;41>
22363-4114;41>
22363-4114;41>
22423-4434;41>
22423-4434;41>
22423-4434;41>
22423-4434;41>
22423-4434;41>
22423-4434;41>
22423-4434;41>
22423-4434;41>
22423-4434;41>
22423-4434;41>
22423-4434;41>
22423-4434;41>
22423-4434;41>
22525-4435;41>
13405-5490;43>
13405-5490;43>
13405-5490;43>
13405-5490;43>
13405-5490;43>
13405-5490;43>
13405-5490;43>
13405-5490;43>
13405-5490;43>
1436-6400;43>
1436-6400;43>
1436-6400;43>
1436-6400;43>
1436-6400;43>
1436-6400;43>
1436-6400;43>
1436-6400;43>
1436-6400;43>
1436-6400;43>
15247-6400;43>
15247-6400;43>
15247-6400;43>
15247-6400;43>
15247-6400;43>
15247-6400;43>
15247-6400;43>
15247-6400;43>
15247-6400;43>
15247-6400;43>
15247-6400;43>
15247-6400;43>
15247-6400;43>
15247-6400;43>
18398-5384;43>
18398-5384;43>
18398-5384;43>
18398-5384;43>
18398-5384;43>
18398-5384;43>
18398-5384;43>
18398-5384;43>
18398-5384;43>
18398-5384;43>
18398-5384;43>
18398-5384;43>
20796-4435;43>
20796-4435;43>
20796-4435;43>
20796-4435;43>
20796-4435;43>
20796-4435;43>
21169-6402;43>
21169-6402;43>
21169-6402;43>
21169-6402;43>
21169-6402;43>
21169-6402;43>
21169-6402;43>
21169-6402;43>
21361-4917;43>
21361-4917;43>
21361-4917;43>
21361-4917;43>
21361-4917;43>
21361-4917;43>
21361-4917;43>
21361-4917;43>
21361-4917;43>
21361-4917;43>
21361-4917;43>
21361-4917;43>
21361-4917;43>
21361-4917;43>
21361-4917;43>
21361-4917;43>
21361-4917;43>
21361-4917;43>
21361-4917;43>
21361-4917;43>
21361-4917;43>
22363-4114;43>
22363-4114;43>
22363-4114;43>
22363-4114;43>
22363-4114;43>
22363-4114;43>
22363-4114;43>
22363-4114;43>
22363-4114;43>
22363-4114;43>
22363-4114;43>
22363-4114;43>
22363-4114;43>
22363-4114;43>
22363-4114;43>
22363-4114;43>
13405-5490;44>
13405-5490;44>
13405-5490;44>
13405-5490;44>
13405-5490;44>
13405-5490;44>
13405-5490;44>
13405-5490;44>
13405-5490;44>
13405-5490;44>
13405-5490;44>
13405-5490;44>
1436-6400;44>
1436-6400;44>
1436-6400;44>
1436-6400;44>
1436-6400;44>
1436-6400;44>
1436-6400;44>
1436-6400;44>
1436-6400;44>
1436-6400;44>
1436-6400;44>
1436-6400;44>
1436-6400;44>
1436-6400;44>
1436-6400;44>
1436-6400;44>
1436-6400;44>
1436-6400;44>
1436-6400;44>
1436-6400;44>
1436-6400;44>
1436-6400;44>
15247-6400;44>
15247-6400;44>
15247-6400;44>
15247-6400;44>
15247-6400;44>
15247-6400;44>
15247-6400;44>
15247-6400;44>
15247-6400;44>
15247-6400;44>
15247-6400;44>
15247-6400;44>
15247-6400;44>
15247-6400;44>
15247-6400;44>
15247-6400;44>
15247-6400;44>
15247-6400;44>
15247-6400;44>
15247-6400;44>
15247-6400;44>
15247-6400;44>
15247-6400;44>
15247-6400;44>
15247-6400;44>
15247-6400;44>
15247-6400;44>
15247-6400;44>
18398-5384;44>
18398-5384;44>
18398-5384;44>
18398-5384;44>
18398-5384;44>
18398-5384;44>
18398-5384;44>
18398-5384;44>
18398-5384;44>
18398-5384;44>
18398-5384;44>
18398-5384;44>
18398-5384;44>
20796-4435;44>
20796-4435;44>
20796-4435;44>
20796-4435;44>
20796-4435;44>
20796-4435;44>
21169-6402;44>
21169-6402;44>
21169-6402;44>
21169-6402;44>
21169-6402;44>
21169-6402;44>
21169-6402;44>
21169-6402;44>
21169-6402;44>
21169-6402;44>
21361-4917;44>
21361-4917;44>
21361-4917;44>
21361-4917;44>
21361-4917;44>
21361-4917;44>
21361-4917;44>
21361-4917;44>
21361-4917;44>
21361-4917;44>
21361-4917;44>
21361-4917;44>
21361-4917;44>
21361-4917;44>
21361-4917;44>
21361-4917;44>
22363-4114;44>
22363-4114;44>
22363-4114;44>
22363-4114;44>
22363-4114;44>
22363-4114;44>
22363-4114;44>
22363-4114;44>
22363-4114;44>
22363-4114;44>
22363-4114;44>
22363-4114;44>
22363-4114;44>
22363-4114;44>
22363-4114;44>
22363-4114;44>
22363-4114;44>
22363-4114;44>
22363-4114;44>
22363-4114;44>
22363-4114;44>
22363-4114;44>
22363-4114;44>
22363-4114;44>
22363-4114;44>
22363-4114;44>
21169-6402;45>
21361-4917;45>
21361-4917;45>
21361-4917;45>
21361-4917;45>
21361-4917;45>
22363-4114;45>
22363-4114;45>
13405-5490;46>
13405-5490;46>
13405-5490;46>
13405-5490;46>
13405-5490;46>
13405-5490;46>
13405-5490;46>
1436-6400;46>
1436-6400;46>
1436-6400;46>
15247-6400;46>
15247-6400;46>
15247-6400;46>
15247-6400;46>
15247-6400;46>
15247-6400;46>
15247-6400;46>
15247-6400;46>
15247-6400;46>
15247-6400;46>
15247-6400;46>
15247-6400;46>
17491-6590;46>
17491-6590;46>
18398-5384;46>
18398-5384;46>
18398-5384;46>
18607-4917;46>
20796-4435;46>
21361-4917;46>
21361-4917;46>
21361-4917;46>
21361-4917;46>
21361-4917;46>
21361-4917;46>
22363-4114;46>
22363-4114;46>
22423-4434;46>
22423-4434;46>
13405-5490;48>
13405-5490;48>
13405-5490;48>
13405-5490;48>
13405-5490;48>
13405-5490;48>
13405-5490;48>
13405-5490;48>
13405-5490;48>
13405-5490;48>
13405-5490;48>
13405-5490;48>
13405-5490;48>
13405-5490;48>
13405-5490;48>
13405-5490;48>
13405-5490;48>
13405-5490;48>
13405-5490;48>
13405-5490;48>
1436-6400;48>
1436-6400;48>
15247-6400;48>
15247-6400;48>
18398-5384;48>
18398-5384;48>
18398-5384;48>
18398-5384;48>
18398-5384;48>
18398-5384;48>
18398-5384;48>
18398-5384;48>
18398-5384;48>
18607-4917;48>
18607-4917;48>
20796-4435;48>
20796-4435;48>
20796-4435;48>
20796-4435;48>
20796-4435;48>
20796-4435;48>
20796-4435;48>
20796-4435;48>
20796-4435;48>
21169-6402;48>
21361-4917;48>
21361-4917;48>
21361-4917;48>
21361-4917;48>
21361-4917;48>
21361-4917;48>
21361-4917;48>
21361-4917;48>
22363-4114;48>
22363-4114;48>
22363-4114;48>
22363-4114;48>
22363-4114;48>
22363-4114;48>
22363-4114;48>
22363-4114;48>
22423-4434;48>
22423-4434;48>
22423-4434;48>
22525-4435;48>
13405-5490;49>
13405-5490;49>
13405-5490;49>
13405-5490;49>
13405-5490;49>
13405-5490;49>
13405-5490;49>
13405-5490;49>
13405-5490;49>
13405-5490;49>
13405-5490;49>
1436-6400;49>
1436-6400;49>
1436-6400;49>
1436-6400;49>
18398-5384;49>
18398-5384;49>
18398-5384;49>
22363-4114;49>
22363-4114;49>
13405-5490;1>46>
13405-5490;1>46>
13405-5490;1>46>
1436-6400;1>46>
15247-6400;1>46>
15247-6400;1>46>
15247-6400;1>46>
15247-6400;1>46>
15247-6400;1>46>
15247-6400;1>46>
17491-6590;1>46>
18398-5384;1>46>
18398-5384;1>46>
18607-4917;1>46>
21361-4917;1>46>
22423-4434;1>46>
13405-5490;1>46>2>
13405-5490;1>46>2>
15247-6400;1>46>2>
15247-6400;1>46>2>
15247-6400;1>46>2>
15247-6400;1>46>2>
18398-5384;1>46>2>
18607-4917;1>46>2>
13405-5490;2>1>
13405-5490;2>1>
13405-5490;2>1>
13405-5490;2>1>
1436-6400;2>1>
15247-6400;2>1>
15247-6400;2>1>
15247-6400;2>1>
15247-6400;2>1>
18398-5384;2>1>
18398-5384;2>1>
18607-4917;2>1>
21361-4917;2>1>
21361-4917;2>1>
22363-4114;2>1>
22423-4434;2>1>
13405-5490;2>1>46>
13405-5490;2>1>46>
13405-5490;2>1>46>
1436-6400;2>1>46>
15247-6400;2>1>46>
15247-6400;2>1>46>
15247-6400;2>1>46>
15247-6400;2>1>46>
18398-5384;2>1>46>
18607-4917;2>1>46>
21361-4917;2>1>46>
15247-6400;2>2>
15247-6400;2>2>
15247-6400;2>2>
18398-5384;2>2>
18398-5384;2>2>
18607-4917;2>2>
21361-4917;2>2>
21361-4917;2>2>
22363-4114;2>2>
22423-4434;2>2>
13405-5490;2>14>
13405-5490;2>14>
13405-5490;2>14>
13405-5490;2>14>
13405-5490;2>14>
13405-5490;2>14>
1436-6400;2>14>
1436-6400;2>14>
15247-6400;2>14>
15247-6400;2>14>
17491-6590;2>14>
18398-5384;2>14>
18398-5384;2>14>
18398-5384;2>14>
21361-4917;2>14>
21361-4917;2>14>
21361-4917;2>14>
21361-4917;2>14>
22363-4114;2>14>
22423-4434;2>14>
13405-5490;2>31>
1436-6400;2>31>
15247-6400;2>31>
15247-6400;2>31>
15247-6400;2>31>
18607-4917;2>31>
18607-4917;2>31>
20796-4435;2>31>
21361-4917;2>31>
21361-4917;2>31>
22363-4114;2>31>
22423-4434;2>31>
13405-5490;2>41>
13405-5490;2>41>
1436-6400;2>41>
15247-6400;2>41>
17491-6590;2>41>
21361-4917;2>41>
21361-4917;2>41>
21361-4917;2>41>
22363-4114;2>41>
22363-4114;2>41>
22363-4114;2>41>
22423-4434;2>41>
22423-4434;2>41>
22423-4434;2>41>
1436-6400;2>46>
1436-6400;2>46>
15247-6400;2>46>
15247-6400;2>46>
15247-6400;2>46>
15247-6400;2>46>
18398-5384;2>46>
21361-4917;2>46>
13405-5490;2 14>
13405-5490;2 14>
13405-5490;2 14>
13405-5490;2 14>
13405-5490;2 14>
13405-5490;2 14>
13405-5490;2 14>
13405-5490;2 14>
13405-5490;2 14>
13405-5490;2 14>
13405-5490;2 14>
13405-5490;2 14>
13405-5490;2 14>
13405-5490;2 14>
13405-5490;2 14>
13405-5490;2 14>
1436-6400;2 14>
1436-6400;2 14>
1436-6400;2 14>
1436-6400;2 14>
1436-6400;2 14>
1436-6400;2 14>
15247-6400;2 14>
15247-6400;2 14>
15247-6400;2 14>
15247-6400;2 14>
15247-6400;2 14>
15247-6400;2 14>
15247-6400;2 14>
15247-6400;2 14>
15247-6400;2 14>
15247-6400;2 14>
15247-6400;2 14>
15247-6400;2 14>
15247-6400;2 14>
15247-6400;2 14>
15247-6400;2 14>
15247-6400;2 14>
15247-6400;2 14>
15247-6400;2 14>
15247-6400;2 14>
17491-6590;2 14>
17491-6590;2 14>
17491-6590;2 14>
17491-6590;2 14>
18398-5384;2 14>
18398-5384;2 14>
18398-5384;2 14>
18444-6895;2 14>
18607-4917;2 14>
18607-4917;2 14>
18607-4917;2 14>
20796-4435;2 14>
20796-4435;2 14>
20796-4435;2 14>
20796-4435;2 14>
20796-4435;2 14>
20796-4435;2 14>
20796-4435;2 14>
21169-6402;2 14>
21361-4917;2 14>
21361-4917;2 14>
21361-4917;2 14>
21361-4917;2 14>
21361-4917;2 14>
21361-4917;2 14>
21361-4917;2 14>
21361-4917;2 14>
21361-4917;2 14>
22363-4114;2 14>
22363-4114;2 14>
22363-4114;2 14>
22363-4114;2 14>
22363-4114;2 14>
22363-4114;2 14>
22363-4114;2 14>
22363-4114;2 14>
22363-4114;2 14>
22363-4114;2 14>
22423-4434;2 14>
22423-4434;2 14>
22423-4434;2 14>
22423-4434;2 14>
22423-4434;2 14>
22423-4434;2 14>
22423-4434;2 14>
22423-4434;2 14>
22423-4434;2 14>
22423-4434;2 14>
13405-5490;2 14>31>
15247-6400;2 14>31>
15247-6400;2 14>31>
18607-4917;2 14>31>
20796-4435;2 14>31>
21361-4917;2 14>31>
22363-4114;2 14>31>
22423-4434;2 14>31>
13405-5490;2 14>41>
13405-5490;2 14>41>
1436-6400;2 14>41>
15247-6400;2 14>41>
22363-4114;2 14>41>
22363-4114;2 14>41>
22363-4114;2 14>41>
22423-4434;2 14>41>
22423-4434;2 14>41>
22423-4434;2 14>41>
13405-5490;2 14 41>
13405-5490;2 14 41>
13405-5490;2 14 41>
13405-5490;2 14 41>
1436-6400;2 14 41>
1436-6400;2 14 41>
1436-6400;2 14 41>
15247-6400;2 14 41>
15247-6400;2 14 41>
15247-6400;2 14 41>
15247-6400;2 14 41>
15247-6400;2 14 41>
17491-6590;2 14 41>
17491-6590;2 14 41>
18398-5384;2 14 41>
18444-6895;2 14 41>
20796-4435;2 14 41>
20796-4435;2 14 41>
21361-4917;2 14 41>
13405-5490;2 30>
13405-5490;2 30>
15247-6400;2 30>
15247-6400;2 30>
18444-6895;2 30>
18607-4917;2 30>
18607-4917;2 30>
18607-4917;2 30>
21169-6402;2 30>
22423-4434;2 30>
13405-5490;2 31>
13405-5490;2 31>
1436-6400;2 31>
15247-6400;2 31>
18444-6895;2 31>
18607-4917;2 31>
18607-4917;2 31>
18607-4917;2 31>
18607-4917;2 31>
20796-4435;2 31>
13405-5490;2 41>
13405-5490;2 41>
13405-5490;2 41>
13405-5490;2 41>
13405-5490;2 41>
13405-5490;2 41>
1436-6400;2 41>
1436-6400;2 41>
1436-6400;2 41>
1436-6400;2 41>
1436-6400;2 41>
15247-6400;2 41>
15247-6400;2 41>
15247-6400;2 41>
15247-6400;2 41>
15247-6400;2 41>
15247-6400;2 41>
15247-6400;2 41>
15247-6400;2 41>
15247-6400;2 41>
17491-6590;2 41>
17491-6590;2 41>
18398-5384;2 41>
18444-6895;2 41>
18607-4917;2 41>
20796-4435;2 41>
20796-4435;2 41>
20796-4435;2 41>
21361-4917;2 41>
21361-4917;2 41>
21361-4917;2 41>
22423-4434;2 41>
13405-5490;2 46>
13405-5490;2 46>
15247-6400;2 46>
18398-5384;2 46>
21361-4917;2 46>
21361-4917;2 46>
22363-4114;2 46>
22363-4114;2 46>
22423-4434;2 46>
13405-5490;3>2>
15247-6400;3>2>
15247-6400;3>2>
15247-6400;3>2>
15247-6400;3>2>
15247-6400;3>2>
17491-6590;3>2>
21361-4917;3>2>
22363-4114;3>2>
15247-6400;3 14>
15247-6400;3 14>
15247-6400;3 14>
17491-6590;3 14>
18398-5384;3 14>
21361-4917;3 14>
21361-4917;3 14>
21361-4917;3 14>
22363-4114;3 14>
13405-5490;5>5>
13405-5490;5>5>
13405-5490;5>5>
21169-6402;5>5>
21361-4917;5>5>
21361-4917;5>5>
21361-4917;5>5>
21361-4917;5>5>
21361-4917;5>5>
22363-4114;5>5>
22363-4114;5>5>
13405-5490;5 14>
13405-5490;5 14>
13405-5490;5 14>
13405-5490;5 14>
1436-6400;5 14>
1436-6400;5 14>
1436-6400;5 14>
1436-6400;5 14>
1436-6400;5 14>
15247-6400;5 14>
18398-5384;5 14>
18607-4917;5 14>
20796-4435;5 14>
20796-4435;5 14>
21169-6402;5 14>
21361-4917;5 14>
21361-4917;5 14>
21361-4917;5 14>
22363-4114;5 14>
22363-4114;5 14>
13405-5490;6>6>
13405-5490;6>6>
1436-6400;6>6>
1436-6400;6>6>
1436-6400;6>6>
17491-6590;6>6>
18398-5384;6>6>
18398-5384;6>6>
18398-5384;6>6>
18398-5384;6>6>
18607-4917;6>6>
20796-4435;6>6>
21169-6402;6>6>
21169-6402;6>6>
13405-5490;6 7>
13405-5490;6 7>
13405-5490;6 7>
15247-6400;6 7>
17491-6590;6 7>
17491-6590;6 7>
18398-5384;6 7>
18398-5384;6 7>
18607-4917;6 7>
20796-4435;6 7>
20796-4435;6 7>
13405-5490;6 14>
1436-6400;6 14>
15247-6400;6 14>
15247-6400;6 14>
17491-6590;6 14>
17491-6590;6 14>
17491-6590;6 14>
18398-5384;6 14>
18398-5384;6 14>
18398-5384;6 14>
18607-4917;6 14>
18607-4917;6 14>
20796-4435;6 14>
20796-4435;6 14>
21169-6402;6 14>
21169-6402;6 14>
21169-6402;6 14>
22363-4114;6 14>
22363-4114;6 14>
22363-4114;6 14>
22363-4114;6 14>
22423-4434;6 14>
22423-4434;6 14>
22423-4434;6 14>
22423-4434;6 14>
1436-6400;6 41>
17491-6590;6 41>
17491-6590;6 41>
17491-6590;6 41>
18398-5384;6 41>
18398-5384;6 41>
18398-5384;6 41>
18398-5384;6 41>
20796-4435;6 41>
21361-4917;6 41>
22363-4114;6 41>
22363-4114;6 41>
22423-4434;6 41>
13405-5490;7>5>
13405-5490;7>5>
13405-5490;7>5>
13405-5490;7>5>
13405-5490;7>5>
1436-6400;7>5>
1436-6400;7>5>
1436-6400;7>5>
1436-6400;7>5>
1436-6400;7>5>
1436-6400;7>5>
15247-6400;7>5>
18398-5384;7>5>
18607-4917;7>5>
20796-4435;7>5>
20796-4435;7>5>
21169-6402;7>5>
21169-6402;7>5>
21361-4917;7>5>
21361-4917;7>5>
21361-4917;7>5>
21361-4917;7>5>
21361-4917;7>5>
21361-4917;7>5>
21361-4917;7>5>
22363-4114;7>5>
22363-4114;7>5>
22363-4114;7>5>
13405-5490;7>5>5>
13405-5490;7>5>5>
13405-5490;7>5>5>
21169-6402;7>5>5>
21361-4917;7>5>5>
21361-4917;7>5>5>
21361-4917;7>5>5>
22363-4114;7>5>5>
13405-5490;7 14>
13405-5490;7 14>
1436-6400;7 14>
15247-6400;7 14>
15247-6400;7 14>
15247-6400;7 14>
15247-6400;7 14>
15247-6400;7 14>
17491-6590;7 14>
17491-6590;7 14>
17491-6590;7 14>
18398-5384;7 14>
18398-5384;7 14>
20796-4435;7 14>
20796-4435;7 14>
21361-4917;7 14>
21361-4917;7 14>
22363-4114;7 14>
22363-4114;7 14>
22423-4434;7 14>
22423-4434;7 14>
22423-4434;7 14>
15247-6400;7 14 41>
17491-6590;7 14 41>
17491-6590;7 14 41>
18398-5384;7 14 41>
18398-5384;7 14 41>
20796-4435;7 14 41>
21361-4917;7 14 41>
22363-4114;7 14 41>
22423-4434;7 14 41>
22423-4434;7 14 41>
1436-6400;7 41>
1436-6400;7 41>
15247-6400;7 41>
17491-6590;7 41>
17491-6590;7 41>
18398-5384;7 41>
18398-5384;7 41>
18398-5384;7 41>
18607-4917;7 41>
20796-4435;7 41>
20796-4435;7 41>
20796-4435;7 41>
21169-6402;7 41>
21361-4917;7 41>
22363-4114;7 41>
22363-4114;7 41>
22363-4114;7 41>
22423-4434;7 41>
22423-4434;7 41>
13405-5490;14>2>
13405-5490;14>2>
13405-5490;14>2>
13405-5490;14>2>
13405-5490;14>2>
13405-5490;14>2>
13405-5490;14>2>
13405-5490;14>2>
15247-6400;14>2>
15247-6400;14>2>
15247-6400;14>2>
15247-6400;14>2>
17491-6590;14>2>
18398-5384;14>2>
18398-5384;14>2>
18607-4917;14>2>
18607-4917;14>2>
21361-4917;14>2>
21361-4917;14>2>
21361-4917;14>2>
21361-4917;14>2>
21361-4917;14>2>
21361-4917;14>2>
21361-4917;14>2>
22363-4114;14>2>
22363-4114;14>2>
22363-4114;14>2>
22363-4114;14>2>
22423-4434;14>2>
22423-4434;14>2>
1436-6400;14>3>
15247-6400;14>3>
15247-6400;14>3>
15247-6400;14>3>
17491-6590;14>3>
17491-6590;14>3>
21361-4917;14>3>
21361-4917;14>3>
21361-4917;14>3>
21361-4917;14>3>
22363-4114;14>3>
13405-5490;14>7>
13405-5490;14>7>
13405-5490;14>7>
1436-6400;14>7>
1436-6400;14>7>
1436-6400;14>7>
18607-4917;14>7>
20796-4435;14>7>
21169-6402;14>7>
21169-6402;14>7>
21361-4917;14>7>
22363-4114;14>7>
22423-4434;14>7>
13405-5490;14>14>
13405-5490;14>14>
13405-5490;14>14>
13405-5490;14>14>
13405-5490;14>14>
13405-5490;14>14>
13405-5490;14>14>
13405-5490;14>14>
13405-5490;14>14>
1436-6400;14>14>
15247-6400;14>14>
15247-6400;14>14>
15247-6400;14>14>
18398-5384;14>14>
21361-4917;14>14>
21361-4917;14>14>
21361-4917;14>14>
22363-4114;14>14>
22423-4434;14>14>
13405-5490;14>31>
13405-5490;14>31>
13405-5490;14>31>
13405-5490;14>31>
13405-5490;14>31>
13405-5490;14>31>
13405-5490;14>31>
13405-5490;14>31>
13405-5490;14>31>
13405-5490;14>31>
13405-5490;14>31>
13405-5490;14>31>
13405-5490;14>31>
13405-5490;14>31>
13405-5490;14>31>
13405-5490;14>31>
13405-5490;14>31>
13405-5490;14>31>
1436-6400;14>31>
1436-6400;14>31>
1436-6400;14>31>
1436-6400;14>31>
1436-6400;14>31>
1436-6400;14>31>
1436-6400;14>31>
1436-6400;14>31>
15247-6400;14>31>
15247-6400;14>31>
15247-6400;14>31>
15247-6400;14>31>
15247-6400;14>31>
15247-6400;14>31>
15247-6400;14>31>
15247-6400;14>31>
15247-6400;14>31>
18398-5384;14>31>
18398-5384;14>31>
18607-4917;14>31>
20796-4435;14>31>
20796-4435;14>31>
21169-6402;14>31>
21169-6402;14>31>
21169-6402;14>31>
21361-4917;14>31>
21361-4917;14>31>
21361-4917;14>31>
21361-4917;14>31>
21361-4917;14>31>
21361-4917;14>31>
21361-4917;14>31>
21361-4917;14>31>
21361-4917;14>31>
21361-4917;14>31>
21361-4917;14>31>
21361-4917;14>31>
21361-4917;14>31>
21361-4917;14>31>
22363-4114;14>31>
22363-4114;14>31>
22363-4114;14>31>
22363-4114;14>31>
22363-4114;14>31>
22363-4114;14>31>
22423-4434;14>31>
22423-4434;14>31>
13405-5490;14>31>30>
13405-5490;14>31>30>
13405-5490;14>31>30>
13405-5490;14>31>30>
1436-6400;14>31>30>
1436-6400;14>31>30>
1436-6400;14>31>30>
15247-6400;14>31>30>
18607-4917;14>31>30>
21169-6402;14>31>30>
21361-4917;14>31>30>
21361-4917;14>31>30>
21361-4917;14>31>30>
21361-4917;14>31>30>
22363-4114;14>31>30>
22363-4114;14>31>30>
22363-4114;14>31>30>
22363-4114;14>31>30>
22363-4114;14>31>30>
13405-5490;14>41>
13405-5490;14>41>
13405-5490;14>41>
13405-5490;14>41>
13405-5490;14>41>
13405-5490;14>41>
13405-5490;14>41>
13405-5490;14>41>
13405-5490;14>41>
13405-5490;14>41>
1436-6400;14>41>
1436-6400;14>41>
1436-6400;14>41>
1436-6400;14>41>
1436-6400;14>41>
1436-6400;14>41>
1436-6400;14>41>
1436-6400;14>41>
1436-6400;14>41>
15247-6400;14>41>
15247-6400;14>41>
15247-6400;14>41>
15247-6400;14>41>
15247-6400;14>41>
15247-6400;14>41>
17491-6590;14>41>
18398-5384;14>41>
18398-5384;14>41>
18398-5384;14>41>
18398-5384;14>41>
18398-5384;14>41>
18444-6895;14>41>
20796-4435;14>41>
21169-6402;14>41>
21169-6402;14>41>
21169-6402;14>41>
21169-6402;14>41>
21169-6402;14>41>
21169-6402;14>41>
21361-4917;14>41>
21361-4917;14>41>
21361-4917;14>41>
21361-4917;14>41>
21361-4917;14>41>
21361-4917;14>41>
21361-4917;14>41>
21361-4917;14>41>
21361-4917;14>41>
21361-4917;14>41>
21361-4917;14>41>
21361-4917;14>41>
21361-4917;14>41>
21361-4917;14>41>
21361-4917;14>41>
22363-4114;14>41>
22363-4114;14>41>
22363-4114;14>41>
22363-4114;14>41>
22363-4114;14>41>
22363-4114;14>41>
22363-4114;14>41>
22363-4114;14>41>
22363-4114;14>41>
22363-4114;14>41>
22363-4114;14>41>
22423-4434;14>41>
22423-4434;14>41>
22423-4434;14>41>
22423-4434;14>41>
22423-4434;14>41>
22423-4434;14>41>
22423-4434;14>41>
13405-5490;14>41>41>
1436-6400;14>41>41>
1436-6400;14>41>41>
1436-6400;14>41>41>
15247-6400;14>41>41>
15247-6400;14>41>41>
18398-5384;14>41>41>
18398-5384;14>41>41>
18398-5384;14>41>41>
21169-6402;14>41>41>
21169-6402;14>41>41>
21361-4917;14>41>41>
21361-4917;14>41>41>
21361-4917;14>41>41>
21361-4917;14>41>41>
21361-4917;14>41>41>
21361-4917;14>41>41>
22363-4114;14>41>41>
22363-4114;14>41>41>
22363-4114;14>41>41>
22363-4114;14>41>41>
22363-4114;14>41>41>
22363-4114;14>41>41>
22363-4114;14>41>41>
22363-4114;14>41>41>
22423-4434;14>41>41>
22423-4434;14>41>41>
22423-4434;14>41>41>
22423-4434;14>41>41>
13405-5490;14>41>41>41>
1436-6400;14>41>41>41>
15247-6400;14>41>41>41>
15247-6400;14>41>41>41>
18398-5384;14>41>41>41>
18398-5384;14>41>41>41>
21361-4917;14>41>41>41>
21361-4917;14>41>41>41>
21361-4917;14>41>41>41>
22363-4114;14>41>41>41>
22363-4114;14>41>41>41>
22363-4114;14>41>41>41>
22363-4114;14>41>41>41>
22423-4434;14>41>41>41>
13405-5490;14>43>
13405-5490;14>43>
1436-6400;14>43>
1436-6400;14>43>
1436-6400;14>43>
1436-6400;14>43>
1436-6400;14>43>
15247-6400;14>43>
18398-5384;14>43>
18398-5384;14>43>
18398-5384;14>43>
18398-5384;14>43>
21169-6402;14>43>
21169-6402;14>43>
21169-6402;14>43>
21169-6402;14>43>
21169-6402;14>43>
21361-4917;14>43>
22363-4114;14>43>
22363-4114;14>43>
22363-4114;14>43>
22363-4114;14>43>
13405-5490;14>43>44>
1436-6400;14>43>44>
1436-6400;14>43>44>
1436-6400;14>43>44>
1436-6400;14>43>44>
1436-6400;14>43>44>
15247-6400;14>43>44>
18398-5384;14>43>44>
18398-5384;14>43>44>
21169-6402;14>43>44>
21169-6402;14>43>44>
21169-6402;14>43>44>
22363-4114;14>43>44>
1436-6400;14>43>44>44>
1436-6400;14>43>44>44>
1436-6400;14>43>44>44>
1436-6400;14>43>44>44>
1436-6400;14>43>44>44>
15247-6400;14>43>44>44>
21169-6402;14>43>44>44>
21169-6402;14>43>44>44>
21169-6402;14>43>44>44>
22363-4114;14>43>44>44>
1436-6400;14>43>44>44>44>
1436-6400;14>43>44>44>44>
1436-6400;14>43>44>44>44>
15247-6400;14>43>44>44>44>
21169-6402;14>43>44>44>44>
21169-6402;14>43>44>44>44>
21169-6402;14>43>44>44>44>
22363-4114;14>43>44>44>44>
13405-5490;14>49>
13405-5490;14>49>
13405-5490;14>49>
13405-5490;14>49>
13405-5490;14>49>
13405-5490;14>49>
13405-5490;14>49>
1436-6400;14>49>
1436-6400;14>49>
22363-4114;14>49>
13405-5490;14 30>
13405-5490;14 30>
13405-5490;14 30>
13405-5490;14 30>
13405-5490;14 30>
13405-5490;14 30>
13405-5490;14 30>
13405-5490;14 30>
13405-5490;14 30>
13405-5490;14 30>
13405-5490;14 30>
13405-5490;14 30>
13405-5490;14 30>
13405-5490;14 30>
13405-5490;14 30>
1436-6400;14 30>
15247-6400;14 30>
15247-6400;14 30>
15247-6400;14 30>
15247-6400;14 30>
15247-6400;14 30>
18398-5384;14 30>
18398-5384;14 30>
18444-6895;14 30>
18607-4917;14 30>
18607-4917;14 30>
18607-4917;14 30>
18607-4917;14 30>
21169-6402;14 30>
21169-6402;14 30>
21169-6402;14 30>
21169-6402;14 30>
21169-6402;14 30>
21169-6402;14 30>
21361-4917;14 30>
21361-4917;14 30>
21361-4917;14 30>
21361-4917;14 30>
21361-4917;14 30>
22363-4114;14 30>
22363-4114;14 30>
22363-4114;14 30>
22363-4114;14 30>
22363-4114;14 30>
22423-4434;14 30>
22423-4434;14 30>
13405-5490;14 31>
13405-5490;14 31>
13405-5490;14 31>
13405-5490;14 31>
13405-5490;14 31>
13405-5490;14 31>
13405-5490;14 31>
13405-5490;14 31>
13405-5490;14 31>
13405-5490;14 31>
13405-5490;14 31>
13405-5490;14 31>
13405-5490;14 31>
13405-5490;14 31>
1436-6400;14 31>
1436-6400;14 31>
1436-6400;14 31>
1436-6400;14 31>
1436-6400;14 31>
1436-6400;14 31>
1436-6400;14 31>
1436-6400;14 31>
15247-6400;14 31>
15247-6400;14 31>
15247-6400;14 31>
15247-6400;14 31>
15247-6400;14 31>
15247-6400;14 31>
15247-6400;14 31>
15247-6400;14 31>
18398-5384;14 31>
18398-5384;14 31>
18398-5384;14 31>
18398-5384;14 31>
18398-5384;14 31>
18398-5384;14 31>
18398-5384;14 31>
18398-5384;14 31>
18444-6895;14 31>
18444-6895;14 31>
18444-6895;14 31>
18607-4917;14 31>
18607-4917;14 31>
18607-4917;14 31>
18607-4917;14 31>
20796-4435;14 31>
20796-4435;14 31>
20796-4435;14 31>
20796-4435;14 31>
21169-6402;14 31>
21169-6402;14 31>
21169-6402;14 31>
21361-4917;14 31>
21361-4917;14 31>
21361-4917;14 31>
21361-4917;14 31>
21361-4917;14 31>
21361-4917;14 31>
21361-4917;14 31>
22363-4114;14 31>
22363-4114;14 31>
22363-4114;14 31>
22363-4114;14 31>
22423-4434;14 31>
22423-4434;14 31>
13405-5490;14 31>31>
13405-5490;14 31>31>
13405-5490;14 31>31>
13405-5490;14 31>31>
1436-6400;14 31>31>
15247-6400;14 31>31>
15247-6400;14 31>31>
21169-6402;14 31>31>
21361-4917;14 31>31>
13405-5490;14 31 41>
13405-5490;14 31 41>
13405-5490;14 31 41>
13405-5490;14 31 41>
1436-6400;14 31 41>
1436-6400;14 31 41>
1436-6400;14 31 41>
1436-6400;14 31 41>
1436-6400;14 31 41>
15247-6400;14 31 41>
15247-6400;14 31 41>
15247-6400;14 31 41>
15247-6400;14 31 41>
15247-6400;14 31 41>
18398-5384;14 31 41>
18444-6895;14 31 41>
18444-6895;14 31 41>
20796-4435;14 31 41>
21169-6402;14 31 41>
21361-4917;14 31 41>
21361-4917;14 31 41>
21361-4917;14 31 41>
22363-4114;14 31 41>
22363-4114;14 31 41>
22363-4114;14 31 41>
13405-5490;14 41>
13405-5490;14 41>
13405-5490;14 41>
13405-5490;14 41>
13405-5490;14 41>
13405-5490;14 41>
13405-5490;14 41>
13405-5490;14 41>
13405-5490;14 41>
13405-5490;14 41>
13405-5490;14 41>
13405-5490;14 41>
13405-5490;14 41>
13405-5490;14 41>
13405-5490;14 41>
13405-5490;14 41>
13405-5490;14 41>
13405-5490;14 41>
13405-5490;14 41>
13405-5490;14 41>
13405-5490;14 41>
13405-5490;14 41>
13405-5490;14 41>
13405-5490;14 41>
13405-5490;14 41>
13405-5490;14 41>
13405-5490;14 41>
13405-5490;14 41>
13405-5490;14 41>
13405-5490;14 41>
13405-5490;14 41>
13405-5490;14 41>
13405-5490;14 41>
1436-6400;14 41>
1436-6400;14 41>
1436-6400;14 41>
1436-6400;14 41>
1436-6400;14 41>
1436-6400;14 41>
1436-6400;14 41>
1436-6400;14 41>
1436-6400;14 41>
1436-6400;14 41>
1436-6400;14 41>
1436-6400;14 41>
1436-6400;14 41>
1436-6400;14 41>
1436-6400;14 41>
1436-6400;14 41>
1436-6400;14 41>
1436-6400;14 41>
1436-6400;14 41>
1436-6400;14 41>
1436-6400;14 41>
1436-6400;14 41>
1436-6400;14 41>
1436-6400;14 41>
1436-6400;14 41>
15247-6400;14 41>
15247-6400;14 41>
15247-6400;14 41>
15247-6400;14 41>
15247-6400;14 41>
15247-6400;14 41>
15247-6400;14 41>
15247-6400;14 41>
15247-6400;14 41>
15247-6400;14 41>
15247-6400;14 41>
15247-6400;14 41>
15247-6400;14 41>
15247-6400;14 41>
15247-6400;14 41>
15247-6400;14 41>
15247-6400;14 41>
15247-6400;14 41>
15247-6400;14 41>
15247-6400;14 41>
15247-6400;14 41>
15247-6400;14 41>
15247-6400;14 41>
15247-6400;14 41>
15247-6400;14 41>
15247-6400;14 41>
15247-6400;14 41>
15247-6400;14 41>
15247-6400;14 41>
17491-6590;14 41>
17491-6590;14 41>
17491-6590;14 41>
17491-6590;14 41>
17491-6590;14 41>
17491-6590;14 41>
17491-6590;14 41>
18398-5384;14 41>
18398-5384;14 41>
18398-5384;14 41>
18398-5384;14 41>
18398-5384;14 41>
18398-5384;14 41>
18398-5384;14 41>
18398-5384;14 41>
18398-5384;14 41>
18398-5384;14 41>
18398-5384;14 41>
18398-5384;14 41>
18398-5384;14 41>
18398-5384;14 41>
18444-6895;14 41>
18444-6895;14 41>
20796-4435;14 41>
20796-4435;14 41>
20796-4435;14 41>
20796-4435;14 41>
20796-4435;14 41>
20796-4435;14 41>
20796-4435;14 41>
20796-4435;14 41>
21169-6402;14 41>
21169-6402;14 41>
21169-6402;14 41>
21169-6402;14 41>
21169-6402;14 41>
21361-4917;14 41>
21361-4917;14 41>
21361-4917;14 41>
21361-4917;14 41>
21361-4917;14 41>
21361-4917;14 41>
21361-4917;14 41>
21361-4917;14 41>
21361-4917;14 41>
21361-4917;14 41>
21361-4917;14 41>
21361-4917;14 41>
21361-4917;14 41>
22363-4114;14 41>
22363-4114;14 41>
22363-4114;14 41>
22363-4114;14 41>
22363-4114;14 41>
22363-4114;14 41>
22363-4114;14 41>
22363-4114;14 41>
22363-4114;14 41>
22363-4114;14 41>
22363-4114;14 41>
22363-4114;14 41>
22363-4114;14 41>
22363-4114;14 41>
22363-4114;14 41>
22363-4114;14 41>
22363-4114;14 41>
22363-4114;14 41>
22423-4434;14 41>
22423-4434;14 41>
22423-4434;14 41>
22423-4434;14 41>
22423-4434;14 41>
22423-4434;14 41>
22423-4434;14 41>
22423-4434;14 41>
22525-4435;14 41>
13405-5490;14 41>41>
13405-5490;14 41>41>
1436-6400;14 41>41>
1436-6400;14 41>41>
15247-6400;14 41>41>
18398-5384;14 41>41>
18398-5384;14 41>41>
18398-5384;14 41>41>
18444-6895;14 41>41>
21169-6402;14 41>41>
21361-4917;14 41>41>
21361-4917;14 41>41>
21361-4917;14 41>41>
21361-4917;14 41>41>
22363-4114;14 41>41>
22363-4114;14 41>41>
22423-4434;14 41>41>
22423-4434;14 41>41>
22423-4434;14 41>41>
13405-5490;14 43>
13405-5490;14 43>
15247-6400;14 43>
15247-6400;14 43>
18398-5384;14 43>
18398-5384;14 43>
20796-4435;14 43>
20796-4435;14 43>
21361-4917;14 43>
21361-4917;14 43>
21361-4917;14 43>
22363-4114;14 43>
13405-5490;14 44>
13405-5490;14 44>
13405-5490;14 44>
1436-6400;14 44>
1436-6400;14 44>
1436-6400;14 44>
1436-6400;14 44>
1436-6400;14 44>
15247-6400;14 44>
15247-6400;14 44>
15247-6400;14 44>
15247-6400;14 44>
15247-6400;14 44>
15247-6400;14 44>
18398-5384;14 44>
18398-5384;14 44>
18398-5384;14 44>
18398-5384;14 44>
18398-5384;14 44>
18398-5384;14 44>
18398-5384;14 44>
20796-4435;14 44>
20796-4435;14 44>
20796-4435;14 44>
21169-6402;14 44>
21169-6402;14 44>
21361-4917;14 44>
22363-4114;14 44>
22363-4114;14 44>
22363-4114;14 44>
22363-4114;14 44>
22363-4114;14 44>
22363-4114;14 44>
22363-4114;14 44>
22363-4114;14 44>
13405-5490;14 48>
13405-5490;14 48>
13405-5490;14 48>
13405-5490;14 48>
13405-5490;14 48>
13405-5490;14 48>
1436-6400;14 48>
1436-6400;14 48>
18398-5384;14 48>
18398-5384;14 48>
18398-5384;14 48>
18607-4917;14 48>
20796-4435;14 48>
20796-4435;14 48>
20796-4435;14 48>
20796-4435;14 48>
20796-4435;14 48>
20796-4435;14 48>
21169-6402;14 48>
21361-4917;14 48>
22363-4114;14 48>
22363-4114;14 48>
22363-4114;14 48>
22363-4114;14 48>
22423-4434;14 48>
22423-4434;14 48>
22525-4435;14 48>
13405-5490;16>31>
13405-5490;16>31>
13405-5490;16>31>
1436-6400;16>31>
15247-6400;16>31>
20796-4435;16>31>
21169-6402;16>31>
21361-4917;16>31>
21361-4917;16>31>
22363-4114;16>31>
13405-5490;16 30>
15247-6400;16 30>
15247-6400;16 30>
18444-6895;16 30>
20796-4435;16 30>
21169-6402;16 30>
21361-4917;16 30>
22363-4114;16 30>
13405-5490;16 31>
1436-6400;16 31>
15247-6400;16 31>
18398-5384;16 31>
18444-6895;16 31>
21169-6402;16 31>
21169-6402;16 31>
21361-4917;16 31>
21361-4917;16 31>
13405-5490;17>30>
15247-6400;17>30>
18607-4917;17>30>
21361-4917;17>30>
21361-4917;17>30>
21361-4917;17>30>
21361-4917;17>30>
21361-4917;17>30>
21361-4917;17>30>
21361-4917;17>30>
22363-4114;17>30>
22363-4114;17>30>
13405-5490;17 30>
13405-5490;17 30>
13405-5490;17 30>
13405-5490;17 30>
15247-6400;17 30>
18398-5384;17 30>
18607-4917;17 30>
18607-4917;17 30>
21361-4917;17 30>
21361-4917;17 30>
21361-4917;17 30>
21361-4917;17 30>
21361-4917;17 30>
21361-4917;17 30>
21361-4917;17 30>
21361-4917;17 30>
21361-4917;17 30>
21361-4917;17 30>
22363-4114;17 30>
13405-5490;17 30>30>
15247-6400;17 30>30>
18607-4917;17 30>30>
21361-4917;17 30>30>
21361-4917;17 30>30>
21361-4917;17 30>30>
21361-4917;17 30>30>
21361-4917;17 30>30>
21361-4917;17 30>30>
22363-4114;17 30>30>
13405-5490;30>14>
13405-5490;30>14>
1436-6400;30>14>
1436-6400;30>14>
1436-6400;30>14>
21169-6402;30>14>
21169-6402;30>14>
21361-4917;30>14>
21361-4917;30>14>
21361-4917;30>14>
21361-4917;30>14>
22363-4114;30>14>
22363-4114;30>14>
22363-4114;30>14>
22363-4114;30>14>
22363-4114;30>14>
22363-4114;30>14>
13405-5490;30>30>
13405-5490;30>30>
13405-5490;30>30>
13405-5490;30>30>
1436-6400;30>30>
15247-6400;30>30>
15247-6400;30>30>
15247-6400;30>30>
15247-6400;30>30>
15247-6400;30>30>
18607-4917;30>30>
21169-6402;30>30>
21169-6402;30>30>
21361-4917;30>30>
21361-4917;30>30>
21361-4917;30>30>
21361-4917;30>30>
21361-4917;30>30>
21361-4917;30>30>
21361-4917;30>30>
21361-4917;30>30>
21361-4917;30>30>
21361-4917;30>30>
21361-4917;30>30>
21361-4917;30>30>
21361-4917;30>30>
21361-4917;30>30>
22363-4114;30>30>
22363-4114;30>30>
22363-4114;30>30>
22363-4114;30>30>
22363-4114;30>30>
22363-4114;30>30>
1436-6400;30>30>14>
21169-6402;30>30>14>
21169-6402;30>30>14>
21361-4917;30>30>14>
21361-4917;30>30>14>
22363-4114;30>30>14>
22363-4114;30>30>14>
22363-4114;30>30>14>
22363-4114;30>30>14>
13405-5490;30>30>30>
15247-6400;30>30>30>
15247-6400;30>30>30>
15247-6400;30>30>30>
18607-4917;30>30>30>
21169-6402;30>30>30>
21361-4917;30>30>30>
21361-4917;30>30>30>
21361-4917;30>30>30>
21361-4917;30>30>30>
22363-4114;30>30>30>
22363-4114;30>30>30>
13405-5490;30>31>
13405-5490;30>31>
13405-5490;30>31>
13405-5490;30>31>
1436-6400;30>31>
15247-6400;30>31>
15247-6400;30>31>
15247-6400;30>31>
15247-6400;30>31>
18398-5384;30>31>
18607-4917;30>31>
18607-4917;30>31>
20796-4435;30>31>
21169-6402;30>31>
21361-4917;30>31>
21361-4917;30>31>
21361-4917;30>31>
21361-4917;30>31>
21361-4917;30>31>
21361-4917;30>31>
21361-4917;30>31>
22363-4114;30>31>
22363-4114;30>31>
22363-4114;30>31>
13405-5490;30>41>
13405-5490;30>41>
13405-5490;30>41>
13405-5490;30>41>
15247-6400;30>41>
15247-6400;30>41>
21361-4917;30>41>
21361-4917;30>41>
21361-4917;30>41>
15247-6400;30 31>
15247-6400;30 31>
15247-6400;30 31>
18398-5384;30 31>
18444-6895;30 31>
18607-4917;30 31>
18607-4917;30 31>
18607-4917;30 31>
21169-6402;30 31>
21169-6402;30 31>
21169-6402;30 31>
22363-4114;30 31>
13405-5490;30 41>
13405-5490;30 41>
13405-5490;30 41>
13405-5490;30 41>
15247-6400;30 41>
15247-6400;30 41>
15247-6400;30 41>
18398-5384;30 41>
18444-6895;30 41>
18607-4917;30 41>
21361-4917;30 41>
21361-4917;30 41>
21361-4917;30 41>
22363-4114;30 41>
22363-4114;30 41>
13405-5490;31>7>
13405-5490;31>7>
1436-6400;31>7>
1436-6400;31>7>
1436-6400;31>7>
18607-4917;31>7>
20796-4435;31>7>
21361-4917;31>7>
21361-4917;31>7>
21361-4917;31>7>
22363-4114;31>7>
22363-4114;31>7>
22363-4114;31>7>
13405-5490;31>7>5>
13405-5490;31>7>5>
1436-6400;31>7>5>
1436-6400;31>7>5>
18607-4917;31>7>5>
20796-4435;31>7>5>
21361-4917;31>7>5>
21361-4917;31>7>5>
22363-4114;31>7>5>
13405-5490;31>14>
13405-5490;31>14>
13405-5490;31>14>
1436-6400;31>14>
1436-6400;31>14>
15247-6400;31>14>
15247-6400;31>14>
18398-5384;31>14>
21361-4917;31>14>
21361-4917;31>14>
13405-5490;31>30>
13405-5490;31>30>
13405-5490;31>30>
13405-5490;31>30>
13405-5490;31>30>
13405-5490;31>30>
13405-5490;31>30>
13405-5490;31>30>
1436-6400;31>30>
1436-6400;31>30>
1436-6400;31>30>
1436-6400;31>30>
15247-6400;31>30>
15247-6400;31>30>
15247-6400;31>30>
15247-6400;31>30>
18398-5384;31>30>
18607-4917;31>30>
18607-4917;31>30>
21169-6402;31>30>
21169-6402;31>30>
21169-6402;31>30>
21169-6402;31>30>
21361-4917;31>30>
21361-4917;31>30>
21361-4917;31>30>
21361-4917;31>30>
21361-4917;31>30>
21361-4917;31>30>
21361-4917;31>30>
21361-4917;31>30>
21361-4917;31>30>
21361-4917;31>30>
22363-4114;31>30>
22363-4114;31>30>
22363-4114;31>30>
22363-4114;31>30>
22363-4114;31>30>
22363-4114;31>30>
22363-4114;31>30>
22363-4114;31>30>
22363-4114;31>30>
13405-5490;31>30>30>
1436-6400;31>30>30>
15247-6400;31>30>30>
15247-6400;31>30>30>
18607-4917;31>30>30>
21169-6402;31>30>30>
21361-4917;31>30>30>
21361-4917;31>30>30>
21361-4917;31>30>30>
21361-4917;31>30>30>
21361-4917;31>30>30>
22363-4114;31>30>30>
22363-4114;31>30>30>
22363-4114;31>30>30>
22363-4114;31>30>30>
22363-4114;31>30>30>
13405-5490;31>31>
13405-5490;31>31>
13405-5490;31>31>
13405-5490;31>31>
13405-5490;31>31>
13405-5490;31>31>
13405-5490;31>31>
13405-5490;31>31>
1436-6400;31>31>
1436-6400;31>31>
1436-6400;31>31>
15247-6400;31>31>
15247-6400;31>31>
15247-6400;31>31>
18398-5384;31>31>
18398-5384;31>31>
18444-6895;31>31>
20796-4435;31>31>
21169-6402;31>31>
21169-6402;31>31>
21169-6402;31>31>
21361-4917;31>31>
21361-4917;31>31>
21361-4917;31>31>
21361-4917;31>31>
21361-4917;31>31>
22363-4114;31>31>
22363-4114;31>31>
22363-4114;31>31>
22363-4114;31>31>
13405-5490;31>41>
1436-6400;31>41>
1436-6400;31>41>
15247-6400;31>41>
18398-5384;31>41>
18444-6895;31>41>
21361-4917;31>41>
21361-4917;31>41>
21361-4917;31>41>
22363-4114;31>41>
13405-5490;31>43>
1436-6400;31>43>
1436-6400;31>43>
18398-5384;31>43>
18398-5384;31>43>
20796-4435;31>43>
21361-4917;31>43>
21361-4917;31>43>
13405-5490;31>48>
18398-5384;31>48>
18398-5384;31>48>
18398-5384;31>48>
21361-4917;31>48>
21361-4917;31>48>
21361-4917;31>48>
22363-4114;31>48>
13405-5490;31 41>
13405-5490;31 41>
13405-5490;31 41>
13405-5490;31 41>
13405-5490;31 41>
13405-5490;31 41>
13405-5490;31 41>
13405-5490;31 41>
1436-6400;31 41>
1436-6400;31 41>
1436-6400;31 41>
1436-6400;31 41>
1436-6400;31 41>
1436-6400;31 41>
1436-6400;31 41>
1436-6400;31 41>
1436-6400;31 41>
15247-6400;31 41>
15247-6400;31 41>
15247-6400;31 41>
15247-6400;31 41>
15247-6400;31 41>
15247-6400;31 41>
18398-5384;31 41>
18398-5384;31 41>
18444-6895;31 41>
18444-6895;31 41>
18607-4917;31 41>
20796-4435;31 41>
20796-4435;31 41>
20796-4435;31 41>
21169-6402;31 41>
21361-4917;31 41>
21361-4917;31 41>
21361-4917;31 41>
21361-4917;31 41>
21361-4917;31 41>
21361-4917;31 41>
21361-4917;31 41>
21361-4917;31 41>
21361-4917;31 41>
22363-4114;31 41>
22363-4114;31 41>
22363-4114;31 41>
22363-4114;31 41>
13405-5490;41>2>
13405-5490;41>2>
1436-6400;41>2>
1436-6400;41>2>
1436-6400;41>2>
1436-6400;41>2>
15247-6400;41>2>
15247-6400;41>2>
18398-5384;41>2>
21361-4917;41>2>
21361-4917;41>2>
21361-4917;41>2>
13405-5490;41>14>
13405-5490;41>14>
13405-5490;41>14>
13405-5490;41>14>
1436-6400;41>14>
21169-6402;41>14>
21169-6402;41>14>
21361-4917;41>14>
22363-4114;41>14>
22363-4114;41>14>
22363-4114;41>14>
22423-4434;41>14>
13405-5490;41>31>
13405-5490;41>31>
13405-5490;41>31>
13405-5490;41>31>
1436-6400;41>31>
1436-6400;41>31>
1436-6400;41>31>
15247-6400;41>31>
15247-6400;41>31>
15247-6400;41>31>
18398-5384;41>31>
18398-5384;41>31>
18398-5384;41>31>
21169-6402;41>31>
21361-4917;41>31>
21361-4917;41>31>
21361-4917;41>31>
21361-4917;41>31>
21361-4917;41>31>
21361-4917;41>31>
22363-4114;41>31>
22363-4114;41>31>
22363-4114;41>31>
13405-5490;41>41>
13405-5490;41>41>
13405-5490;41>41>
13405-5490;41>41>
13405-5490;41>41>
13405-5490;41>41>
13405-5490;41>41>
13405-5490;41>41>
13405-5490;41>41>
13405-5490;41>41>
1436-6400;41>41>
1436-6400;41>41>
1436-6400;41>41>
1436-6400;41>41>
1436-6400;41>41>
1436-6400;41>41>
1436-6400;41>41>
1436-6400;41>41>
1436-6400;41>41>
1436-6400;41>41>
15247-6400;41>41>
15247-6400;41>41>
15247-6400;41>41>
15247-6400;41>41>
15247-6400;41>41>
15247-6400;41>41>
15247-6400;41>41>
15247-6400;41>41>
18398-5384;41>41>
18398-5384;41>41>
18398-5384;41>41>
18398-5384;41>41>
18398-5384;41>41>
18398-5384;41>41>
18398-5384;41>41>
18398-5384;41>41>
18398-5384;41>41>
18444-6895;41>41>
21169-6402;41>41>
21169-6402;41>41>
21169-6402;41>41>
21361-4917;41>41>
21361-4917;41>41>
21361-4917;41>41>
21361-4917;41>41>
21361-4917;41>41>
21361-4917;41>41>
21361-4917;41>41>
21361-4917;41>41>
21361-4917;41>41>
21361-4917;41>41>
21361-4917;41>41>
21361-4917;41>41>
21361-4917;41>41>
21361-4917;41>41>
21361-4917;41>41>
21361-4917;41>41>
21361-4917;41>41>
21361-4917;41>41>
21361-4917;41>41>
21361-4917;41>41>
21361-4917;41>41>
21361-4917;41>41>
21361-4917;41>41>
21361-4917;41>41>
21361-4917;41>41>
21361-4917;41>41>
21361-4917;41>41>
21361-4917;41>41>
21361-4917;41>41>
22363-4114;41>41>
22363-4114;41>41>
22363-4114;41>41>
22363-4114;41>41>
22363-4114;41>41>
22363-4114;41>41>
22363-4114;41>41>
22363-4114;41>41>
22363-4114;41>41>
22363-4114;41>41>
22363-4114;41>41>
22363-4114;41>41>
22363-4114;41>41>
22363-4114;41>41>
22363-4114;41>41>
22363-4114;41>41>
22363-4114;41>41>
22423-4434;41>41>
22423-4434;41>41>
22423-4434;41>41>
22423-4434;41>41>
1436-6400;41>41>31>
1436-6400;41>41>31>
15247-6400;41>41>31>
18398-5384;41>41>31>
18398-5384;41>41>31>
21361-4917;41>41>31>
21361-4917;41>41>31>
21361-4917;41>41>31>
21361-4917;41>41>31>
22363-4114;41>41>31>
13405-5490;41>41>41>
13405-5490;41>41>41>
13405-5490;41>41>41>
13405-5490;41>41>41>
13405-5490;41>41>41>
1436-6400;41>41>41>
15247-6400;41>41>41>
15247-6400;41>41>41>
15247-6400;41>41>41>
15247-6400;41>41>41>
15247-6400;41>41>41>
15247-6400;41>41>41>
18398-5384;41>41>41>
18398-5384;41>41>41>
18398-5384;41>41>41>
18398-5384;41>41>41>
18398-5384;41>41>41>
21361-4917;41>41>41>
21361-4917;41>41>41>
21361-4917;41>41>41>
21361-4917;41>41>41>
21361-4917;41>41>41>
21361-4917;41>41>41>
21361-4917;41>41>41>
21361-4917;41>41>41>
21361-4917;41>41>41>
21361-4917;41>41>41>
21361-4917;41>41>41>
21361-4917;41>41>41>
21361-4917;41>41>41>
21361-4917;41>41>41>
22363-4114;41>41>41>
22363-4114;41>41>41>
22363-4114;41>41>41>
22363-4114;41>41>41>
22363-4114;41>41>41>
22363-4114;41>41>41>
22363-4114;41>41>41>
22423-4434;41>41>41>
22423-4434;41>41>41>
22423-4434;41>41>41>
13405-5490;41>41>41>41>
13405-5490;41>41>41>41>
15247-6400;41>41>41>41>
15247-6400;41>41>41>41>
15247-6400;41>41>41>41>
15247-6400;41>41>41>41>
15247-6400;41>41>41>41>
18398-5384;41>41>41>41>
18398-5384;41>41>41>41>
21361-4917;41>41>41>41>
21361-4917;41>41>41>41>
21361-4917;41>41>41>41>
21361-4917;41>41>41>41>
21361-4917;41>41>41>41>
21361-4917;41>41>41>41>
21361-4917;41>41>41>41>
22363-4114;41>41>41>41>
22363-4114;41>41>41>41>
22363-4114;41>41>41>41>
22423-4434;41>41>41>41>
13405-5490;41>41>41>41>41>
15247-6400;41>41>41>41>41>
15247-6400;41>41>41>41>41>
15247-6400;41>41>41>41>41>
21361-4917;41>41>41>41>41>
21361-4917;41>41>41>41>41>
21361-4917;41>41>41>41>41>
21361-4917;41>41>41>41>41>
22363-4114;41>41>41>41>41>
13405-5490;41>41>43>
13405-5490;41>41>43>
1436-6400;41>41>43>
15247-6400;41>41>43>
18398-5384;41>41>43>
21361-4917;41>41>43>
21361-4917;41>41>43>
21361-4917;41>41>43>
21361-4917;41>41>43>
22363-4114;41>41>43>
22363-4114;41>41>43>
22363-4114;41>41>43>
13405-5490;41>43>
13405-5490;41>43>
13405-5490;41>43>
1436-6400;41>43>
1436-6400;41>43>
1436-6400;41>43>
1436-6400;41>43>
15247-6400;41>43>
15247-6400;41>43>
15247-6400;41>43>
18398-5384;41>43>
21169-6402;41>43>
21169-6402;41>43>
21169-6402;41>43>
21361-4917;41>43>
21361-4917;41>43>
21361-4917;41>43>
21361-4917;41>43>
21361-4917;41>43>
21361-4917;41>43>
21361-4917;41>43>
21361-4917;41>43>
21361-4917;41>43>
22363-4114;41>43>
22363-4114;41>43>
22363-4114;41>43>
22363-4114;41>43>
1436-6400;41>43>44>
1436-6400;41>43>44>
1436-6400;41>43>44>
1436-6400;41>43>44>
15247-6400;41>43>44>
18398-5384;41>43>44>
21169-6402;41>43>44>
21169-6402;41>43>44>
21169-6402;41>43>44>
21361-4917;41>43>44>
21361-4917;41>43>44>
21361-4917;41>43>44>
21361-4917;41>43>44>
22363-4114;41>43>44>
22363-4114;41>43>44>
22363-4114;41>43>44>
1436-6400;41>43>44>44>
1436-6400;41>43>44>44>
15247-6400;41>43>44>44>
21169-6402;41>43>44>44>
21169-6402;41>43>44>44>
21169-6402;41>43>44>44>
21361-4917;41>43>44>44>
21361-4917;41>43>44>44>
22363-4114;41>43>44>44>
15247-6400;41>44>
15247-6400;41>44>
15247-6400;41>44>
15247-6400;41>44>
18398-5384;41>44>
21169-6402;41>44>
21169-6402;41>44>
21361-4917;41>44>
22363-4114;41>44>
22363-4114;41>44>
15247-6400;41>44>44>
15247-6400;41>44>44>
15247-6400;41>44>44>
18398-5384;41>44>44>
21169-6402;41>44>44>
21361-4917;41>44>44>
22363-4114;41>44>44>
22363-4114;41>44>44>
13405-5490;41 43>
1436-6400;41 43>
15247-6400;41 43>
15247-6400;41 43>
15247-6400;41 43>
15247-6400;41 43>
15247-6400;41 43>
15247-6400;41 43>
15247-6400;41 43>
18398-5384;41 43>
18398-5384;41 43>
20796-4435;41 43>
20796-4435;41 43>
21169-6402;41 43>
21169-6402;41 43>
21361-4917;41 43>
21361-4917;41 43>
21361-4917;41 43>
21361-4917;41 43>
21361-4917;41 43>
22363-4114;41 43>
22363-4114;41 43>
22363-4114;41 43>
22363-4114;41 43>
15247-6400;41 43>44>
15247-6400;41 43>44>
15247-6400;41 43>44>
18398-5384;41 43>44>
21169-6402;41 43>44>
21169-6402;41 43>44>
21361-4917;41 43>44>
22363-4114;41 43>44>
22363-4114;41 43>44>
13405-5490;43>41>
13405-5490;43>41>
13405-5490;43>41>
13405-5490;43>41>
15247-6400;43>41>
15247-6400;43>41>
21361-4917;43>41>
21361-4917;43>41>
21361-4917;43>41>
13405-5490;43>44>
1436-6400;43>44>
1436-6400;43>44>
1436-6400;43>44>
1436-6400;43>44>
1436-6400;43>44>
1436-6400;43>44>
1436-6400;43>44>
1436-6400;43>44>
1436-6400;43>44>
15247-6400;43>44>
15247-6400;43>44>
15247-6400;43>44>
15247-6400;43>44>
15247-6400;43>44>
15247-6400;43>44>
18398-5384;43>44>
18398-5384;43>44>
18398-5384;43>44>
18398-5384;43>44>
20796-4435;43>44>
21169-6402;43>44>
21169-6402;43>44>
21169-6402;43>44>
21169-6402;43>44>
21169-6402;43>44>
21169-6402;43>44>
21361-4917;43>44>
21361-4917;43>44>
21361-4917;43>44>
21361-4917;43>44>
21361-4917;43>44>
21361-4917;43>44>
21361-4917;43>44>
21361-4917;43>44>
22363-4114;43>44>
22363-4114;43>44>
22363-4114;43>44>
22363-4114;43>44>
22363-4114;43>44>
22363-4114;43>44>
22363-4114;43>44>
1436-6400;43>44>44>
1436-6400;43>44>44>
1436-6400;43>44>44>
1436-6400;43>44>44>
1436-6400;43>44>44>
1436-6400;43>44>44>
15247-6400;43>44>44>
15247-6400;43>44>44>
15247-6400;43>44>44>
15247-6400;43>44>44>
18398-5384;43>44>44>
21169-6402;43>44>44>
21169-6402;43>44>44>
21169-6402;43>44>44>
21169-6402;43>44>44>
21169-6402;43>44>44>
21169-6402;43>44>44>
21361-4917;43>44>44>
21361-4917;43>44>44>
21361-4917;43>44>44>
21361-4917;43>44>44>
22363-4114;43>44>44>
22363-4114;43>44>44>
22363-4114;43>44>44>
22363-4114;43>44>44>
22363-4114;43>44>44>
1436-6400;43>44>44>44>
1436-6400;43>44>44>44>
1436-6400;43>44>44>44>
15247-6400;43>44>44>44>
15247-6400;43>44>44>44>
15247-6400;43>44>44>44>
15247-6400;43>44>44>44>
18398-5384;43>44>44>44>
21169-6402;43>44>44>44>
21169-6402;43>44>44>44>
21169-6402;43>44>44>44>
21169-6402;43>44>44>44>
21169-6402;43>44>44>44>
21361-4917;43>44>44>44>
21361-4917;43>44>44>44>
21361-4917;43>44>44>44>
22363-4114;43>44>44>44>
22363-4114;43>44>44>44>
22363-4114;43>44>44>44>
22363-4114;43>44>44>44>
1436-6400;43>44>44>44>44>
1436-6400;43>44>44>44>44>
1436-6400;43>44>44>44>44>
15247-6400;43>44>44>44>44>
15247-6400;43>44>44>44>44>
15247-6400;43>44>44>44>44>
15247-6400;43>44>44>44>44>
21169-6402;43>44>44>44>44>
21169-6402;43>44>44>44>44>
21169-6402;43>44>44>44>44>
21169-6402;43>44>44>44>44>
21361-4917;43>44>44>44>44>
21361-4917;43>44>44>44>44>
22363-4114;43>44>44>44>44>
1436-6400;43>44>44>44>44>44>
1436-6400;43>44>44>44>44>44>
15247-6400;43>44>44>44>44>44>
15247-6400;43>44>44>44>44>44>
21169-6402;43>44>44>44>44>44>
21169-6402;43>44>44>44>44>44>
21361-4917;43>44>44>44>44>44>
21361-4917;43>44>44>44>44>44>
1436-6400;44>14>
1436-6400;44>14>
1436-6400;44>14>
1436-6400;44>14>
1436-6400;44>14>
1436-6400;44>14>
15247-6400;44>14>
15247-6400;44>14>
15247-6400;44>14>
18398-5384;44>14>
18398-5384;44>14>
21169-6402;44>14>
21169-6402;44>14>
21169-6402;44>14>
21169-6402;44>14>
21169-6402;44>14>
21169-6402;44>14>
21169-6402;44>14>
21361-4917;44>14>
21361-4917;44>14>
21361-4917;44>14>
21361-4917;44>14>
21361-4917;44>14>
22363-4114;44>14>
22363-4114;44>14>
22363-4114;44>14>
22363-4114;44>14>
22363-4114;44>14>
1436-6400;44>14>41>
1436-6400;44>14>41>
1436-6400;44>14>41>
1436-6400;44>14>41>
15247-6400;44>14>41>
15247-6400;44>14>41>
21169-6402;44>14>41>
21169-6402;44>14>41>
21169-6402;44>14>41>
21361-4917;44>14>41>
22363-4114;44>14>41>
22363-4114;44>14>41>
22363-4114;44>14>41>
1436-6400;44>14>43>
1436-6400;44>14>43>
1436-6400;44>14>43>
18398-5384;44>14>43>
21169-6402;44>14>43>
21169-6402;44>14>43>
21169-6402;44>14>43>
21169-6402;44>14>43>
21169-6402;44>14>43>
22363-4114;44>14>43>
13405-5490;44>41>
1436-6400;44>41>
15247-6400;44>41>
15247-6400;44>41>
15247-6400;44>41>
18398-5384;44>41>
21361-4917;44>41>
21361-4917;44>41>
22363-4114;44>41>
22363-4114;44>41>
22363-4114;44>41>
13405-5490;44>44>
13405-5490;44>44>
13405-5490;44>44>
1436-6400;44>44>
1436-6400;44>44>
1436-6400;44>44>
1436-6400;44>44>
1436-6400;44>44>
1436-6400;44>44>
1436-6400;44>44>
1436-6400;44>44>
1436-6400;44>44>
15247-6400;44>44>
15247-6400;44>44>
15247-6400;44>44>
15247-6400;44>44>
15247-6400;44>44>
15247-6400;44>44>
15247-6400;44>44>
15247-6400;44>44>
15247-6400;44>44>
15247-6400;44>44>
15247-6400;44>44>
18398-5384;44>44>
18398-5384;44>44>
21169-6402;44>44>
21169-6402;44>44>
21169-6402;44>44>
21169-6402;44>44>
21169-6402;44>44>
21169-6402;44>44>
21361-4917;44>44>
21361-4917;44>44>
21361-4917;44>44>
21361-4917;44>44>
21361-4917;44>44>
21361-4917;44>44>
21361-4917;44>44>
22363-4114;44>44>
22363-4114;44>44>
22363-4114;44>44>
22363-4114;44>44>
22363-4114;44>44>
22363-4114;44>44>
22363-4114;44>44>
22363-4114;44>44>
1436-6400;44>44>14>
1436-6400;44>44>14>
1436-6400;44>44>14>
1436-6400;44>44>14>
1436-6400;44>44>14>
1436-6400;44>44>14>
15247-6400;44>44>14>
18398-5384;44>44>14>
18398-5384;44>44>14>
21169-6402;44>44>14>
21169-6402;44>44>14>
21169-6402;44>44>14>
21169-6402;44>44>14>
21169-6402;44>44>14>
21169-6402;44>44>14>
21361-4917;44>44>14>
21361-4917;44>44>14>
21361-4917;44>44>14>
22363-4114;44>44>14>
22363-4114;44>44>14>
22363-4114;44>44>14>
1436-6400;44>44>14>41>
1436-6400;44>44>14>41>
1436-6400;44>44>14>41>
1436-6400;44>44>14>41>
15247-6400;44>44>14>41>
21169-6402;44>44>14>41>
21169-6402;44>44>14>41>
21169-6402;44>44>14>41>
21361-4917;44>44>14>41>
22363-4114;44>44>14>41>
13405-5490;44>44>44>
13405-5490;44>44>44>
13405-5490;44>44>44>
1436-6400;44>44>44>
1436-6400;44>44>44>
1436-6400;44>44>44>
1436-6400;44>44>44>
1436-6400;44>44>44>
1436-6400;44>44>44>
15247-6400;44>44>44>
15247-6400;44>44>44>
15247-6400;44>44>44>
15247-6400;44>44>44>
15247-6400;44>44>44>
15247-6400;44>44>44>
15247-6400;44>44>44>
18398-5384;44>44>44>
18398-5384;44>44>44>
21169-6402;44>44>44>
21169-6402;44>44>44>
21169-6402;44>44>44>
21169-6402;44>44>44>
21169-6402;44>44>44>
21361-4917;44>44>44>
21361-4917;44>44>44>
21361-4917;44>44>44>
21361-4917;44>44>44>
21361-4917;44>44>44>
21361-4917;44>44>44>
22363-4114;44>44>44>
22363-4114;44>44>44>
22363-4114;44>44>44>
22363-4114;44>44>44>
22363-4114;44>44>44>
22363-4114;44>44>44>
1436-6400;44>44>44>14>
1436-6400;44>44>44>14>
1436-6400;44>44>44>14>
15247-6400;44>44>44>14>
18398-5384;44>44>44>14>
18398-5384;44>44>44>14>
21169-6402;44>44>44>14>
21169-6402;44>44>44>14>
21169-6402;44>44>44>14>
21169-6402;44>44>44>14>
21169-6402;44>44>44>14>
21361-4917;44>44>44>14>
21361-4917;44>44>44>14>
22363-4114;44>44>44>14>
22363-4114;44>44>44>14>
22363-4114;44>44>44>14>
1436-6400;44>44>44>44>
1436-6400;44>44>44>44>
1436-6400;44>44>44>44>
15247-6400;44>44>44>44>
15247-6400;44>44>44>44>
15247-6400;44>44>44>44>
15247-6400;44>44>44>44>
15247-6400;44>44>44>44>
21169-6402;44>44>44>44>
21169-6402;44>44>44>44>
21169-6402;44>44>44>44>
21169-6402;44>44>44>44>
21361-4917;44>44>44>44>
21361-4917;44>44>44>44>
21361-4917;44>44>44>44>
21361-4917;44>44>44>44>
22363-4114;44>44>44>44>
22363-4114;44>44>44>44>
22363-4114;44>44>44>44>
1436-6400;44>44>44>44>14>
1436-6400;44>44>44>44>14>
15247-6400;44>44>44>44>14>
21169-6402;44>44>44>44>14>
21169-6402;44>44>44>44>14>
21169-6402;44>44>44>44>14>
21169-6402;44>44>44>44>14>
21361-4917;44>44>44>44>14>
21361-4917;44>44>44>44>14>
22363-4114;44>44>44>44>14>
1436-6400;44>44>44>44>44>
1436-6400;44>44>44>44>44>
15247-6400;44>44>44>44>44>
15247-6400;44>44>44>44>44>
21169-6402;44>44>44>44>44>
21169-6402;44>44>44>44>44>
21361-4917;44>44>44>44>44>
21361-4917;44>44>44>44>44>
21361-4917;44>44>44>44>44>
22363-4114;44>44>44>44>44>
22363-4114;44>44>44>44>44>
13405-5490;46>1>
13405-5490;46>1>
1436-6400;46>1>
1436-6400;46>1>
15247-6400;46>1>
15247-6400;46>1>
15247-6400;46>1>
15247-6400;46>1>
17491-6590;46>1>
18398-5384;46>1>
21361-4917;46>1>
21361-4917;46>1>
22363-4114;46>1>
22423-4434;46>1>
13405-5490;46>2>
13405-5490;46>2>
15247-6400;46>2>
15247-6400;46>2>
15247-6400;46>2>
15247-6400;46>2>
18398-5384;46>2>
18607-4917;46>2>
