12626-7114;1>
14770-5489;1>
15016-4433;1>
16014-5799;1>
18432-5799;1>
18432-5799;1>
18444-4114;1>
21321-4434;1>
21321-4434;1>
21321-4434;1>
21321-4434;1>
21321-4434;1>
21380-4114;1>
21629-5061;1>
21955-4603;1>
21955-4603;1>
22271-4917;1>
22483-6030;1>
22612-4603;1>
22659-5490;1>
12626-7114;2>
12626-7114;2>
12626-7114;2>
13346-4434;2>
14770-5489;2>
14770-5489;2>
14770-5489;2>
14770-5489;2>
14932-4114;2>
15016-4433;2>
16014-5799;2>
16014-5799;2>
17491-4917;2>
17491-4917;2>
17491-5799;2>
17491-5799;2>
18432-5799;2>
18432-5799;2>
18432-5799;2>
18432-5799;2>
18432-5799;2>
18432-5799;2>
18432-5799;2>
18432-5799;2>
18432-5799;2>
18444-4114;2>
18444-4114;2>
21321-4434;2>
21321-4434;2>
21321-4434;2>
21321-4434;2>
21321-4434;2>
21321-4434;2>
21321-4434;2>
21380-4114;2>
21380-4114;2>
21380-4114;2>
21380-4114;2>
21380-4114;2>
21380-4114;2>
21380-4114;2>
21513-5384;2>
21513-5384;2>
21629-5061;2>
21629-5061;2>
21629-5061;2>
21629-5061;2>
21894-4114;2>
21894-4114;2>
21894-4114;2>
21894-4114;2>
21894-4114;2>
21955-4603;2>
21955-4603;2>
21955-4603;2>
21955-4603;2>
21955-4603;2>
21955-4603;2>
21955-4603;2>
21955-4603;2>
21955-4603;2>
22135-4114;2>
22271-4917;2>
22271-4917;2>
22271-4917;2>
22279-4114;2>
22433-4434;2>
22433-4434;2>
22433-4434;2>
22433-4434;2>
22483-6030;2>
22483-6030;2>
22483-6030;2>
22612-4603;2>
22659-5490;2>
22659-5490;2>
22659-5490;2>
22659-5490;2>
22977-4434;2>
22977-4434;2>
16014-5799;3>
17491-4917;3>
17491-4917;3>
17491-5799;3>
17491-5799;3>
18432-5799;3>
18432-5799;3>
18432-5799;3>
18432-5799;3>
21380-4114;3>
21380-4114;3>
21955-4603;3>
22279-4114;3>
22659-5490;3>
22977-4434;3>
22977-4434;3>
22977-4434;3>
14770-5489;5>
14770-5489;5>
18432-5799;5>
18444-4114;5>
21321-4434;5>
21321-4434;5>
21894-4114;5>
21894-4114;5>
21955-4603;5>
21955-4603;5>
21955-4603;5>
22135-4114;5>
22659-5490;5>
17228-6401;6>
17228-6401;6>
18444-4114;6>
18444-4114;6>
21629-5061;6>
21629-5061;6>
21629-5061;6>
21629-5061;6>
21894-4114;6>
21894-4114;6>
21894-4114;6>
21894-4114;6>
21894-4114;6>
22135-4114;6>
22135-4114;6>
22135-4114;6>
22135-4114;6>
22135-4114;6>
22279-4114;6>
22279-4114;6>
22659-5490;6>
22659-5490;6>
22659-5490;6>
22659-5490;6>
22659-5490;6>
22659-5490;6>
22659-5490;6>
14770-5489;7>
14770-5489;7>
17228-6401;7>
17491-5799;7>
17491-5799;7>
17491-5799;7>
18432-5799;7>
18432-5799;7>
18444-4114;7>
21321-4434;7>
21513-5384;7>
21629-5061;7>
21629-5061;7>
21894-4114;7>
21894-4114;7>
21894-4114;7>
21955-4603;7>
21955-4603;7>
21955-4603;7>
22135-4114;7>
22135-4114;7>
22135-4114;7>
22279-4114;7>
22279-4114;7>
22612-4603;7>
22612-4603;7>
22659-5490;7>
22659-5490;7>
22659-5490;7>
22659-5490;7>
22659-5490;7>
12626-7114;14>
12626-7114;14>
12626-7114;14>
12626-7114;14>
12626-7114;14>
12626-7114;14>
12626-7114;14>
12626-7114;14>
12626-7114;14>
12626-7114;14>
12626-7114;14>
12626-7114;14>
12626-7114;14>
13346-4434;14>
13346-4434;14>
13346-4434;14>
14770-5489;14>
14770-5489;14>
14770-5489;14>
14770-5489;14>
14770-5489;14>
14770-5489;14>
14770-5489;14>
14770-5489;14>
14770-5489;14>
14770-5489;14>
14770-5489;14>
14770-5489;14>
14770-5489;14>
14770-5489;14>
14932-4114;14>
14932-4114;14>
14932-4114;14>
14932-4114;14>
14932-4114;14>
14932-4114;14>
15016-4433;14>
15016-4433;14>
15016-4433;14>
16014-5799;14>
16014-5799;14>
16014-5799;14>
16014-5799;14>
16014-5799;14>
16014-5799;14>
16014-5799;14>
16014-5799;14>
16014-5799;14>
16014-5799;14>
17228-6401;14>
17228-6401;14>
17228-6401;14>
17228-6401;14>
17491-4917;14>
17491-4917;14>
17491-4917;14>
17491-4917;14>
17491-4917;14>
17491-4917;14>
17491-4917;14>
17491-4917;14>
17491-4917;14>
17491-4917;14>
17491-4917;14>
17491-4917;14>
17491-4917;14>
17491-4917;14>
17491-4917;14>
17491-4917;14>
17491-4917;14>
17491-4917;14>
17491-4917;14>
17491-5799;14>
17491-5799;14>
17491-5799;14>
17491-5799;14>
17491-5799;14>
18432-5799;14>
18432-5799;14>
18432-5799;14>
18432-5799;14>
18432-5799;14>
18432-5799;14>
18432-5799;14>
18432-5799;14>
18432-5799;14>
18432-5799;14>
18432-5799;14>
18432-5799;14>
18432-5799;14>
18432-5799;14>
18432-5799;14>
18432-5799;14>
18444-4114;14>
18444-4114;14>
18444-4114;14>
18444-4114;14>
18444-4114;14>
18444-4114;14>
18444-5384;14>
18444-5384;14>
18444-5384;14>
18444-5384;14>
18444-5384;14>
18444-5384;14>
21283-7297;14>
21283-7297;14>
21283-7297;14>
21283-7297;14>
21283-7297;14>
21283-7297;14>
21283-7297;14>
21283-7297;14>
21283-7297;14>
21283-7297;14>
21283-7297;14>
21321-4434;14>
21321-4434;14>
21321-4434;14>
21321-4434;14>
21321-4434;14>
21321-4434;14>
21321-4434;14>
21321-4434;14>
21321-4434;14>
21321-4434;14>
21321-4434;14>
21321-4434;14>
21321-4434;14>
21321-4434;14>
21321-4434;14>
21321-4434;14>
21321-4434;14>
21321-4434;14>
21321-4434;14>
21321-4434;14>
21321-4434;14>
21321-4434;14>
21321-4434;14>
21321-4434;14>
21321-4434;14>
21321-4434;14>
21380-4114;14>
21380-4114;14>
21380-4114;14>
21380-4114;14>
21380-4114;14>
21380-4114;14>
21380-4114;14>
21380-4114;14>
21380-4114;14>
21380-4114;14>
21513-5384;14>
21513-5384;14>
21513-5384;14>
21513-5384;14>
21513-5384;14>
21513-5384;14>
21513-5384;14>
21513-5384;14>
21513-5384;14>
21513-5384;14>
21513-5384;14>
21513-5384;14>
21629-5061;14>
21629-5061;14>
21629-5061;14>
21629-5061;14>
21629-5061;14>
21629-5061;14>
21629-5061;14>
21629-5061;14>
21629-5061;14>
21629-5061;14>
21629-5061;14>
21629-5061;14>
21629-5061;14>
21629-5061;14>
21629-5061;14>
21629-5061;14>
21629-5061;14>
21629-5061;14>
21629-5061;14>
21629-5061;14>
21629-5061;14>
21629-5061;14>
21629-5061;14>
21629-5061;14>
21629-5061;14>
21629-5061;14>
21629-5061;14>
21629-5061;14>
21629-5061;14>
21629-5061;14>
21894-4114;14>
21894-4114;14>
21894-4114;14>
21894-4114;14>
21894-4114;14>
21894-4114;14>
21894-4114;14>
21894-4114;14>
21894-4114;14>
21894-4114;14>
21894-4114;14>
21894-4114;14>
21894-4114;14>
21894-4114;14>
21894-4114;14>
21894-4114;14>
21894-4114;14>
21894-4114;14>
21894-4114;14>
21894-4114;14>
21894-4114;14>
21894-4114;14>
21894-4114;14>
21894-4114;14>
21894-4114;14>
21894-4114;14>
21894-4114;14>
21894-4114;14>
21894-4114;14>
21894-4114;14>
21894-4114;14>
21894-4114;14>
21894-4114;14>
21894-4114;14>
21955-4603;14>
21955-4603;14>
21955-4603;14>
21955-4603;14>
21955-4603;14>
21955-4603;14>
21955-4603;14>
21955-4603;14>
21955-4603;14>
21955-4603;14>
21955-4603;14>
21955-4603;14>
21955-4603;14>
21955-4603;14>
21955-4603;14>
21955-4603;14>
21955-4603;14>
21955-4603;14>
21955-4603;14>
21955-4603;14>
21955-4603;14>
22135-4114;14>
22135-4114;14>
22135-4114;14>
22135-4114;14>
22135-4114;14>
22135-4114;14>
22135-4114;14>
22135-4114;14>
22135-4114;14>
22135-4114;14>
22135-4114;14>
22135-4114;14>
22135-4114;14>
22135-4114;14>
22135-4114;14>
22135-4114;14>
22135-4114;14>
22135-4114;14>
22135-4114;14>
22135-4114;14>
22135-4114;14>
22135-4114;14>
22271-4917;14>
22271-4917;14>
22271-4917;14>
22271-4917;14>
22271-4917;14>
22271-4917;14>
22271-4917;14>
22271-4917;14>
22271-4917;14>
22271-4917;14>
22271-4917;14>
22271-4917;14>
22279-4114;14>
22279-4114;14>
22279-4114;14>
22279-4114;14>
22279-4114;14>
22279-4114;14>
22433-4434;14>
22433-4434;14>
22433-4434;14>
22433-4434;14>
22433-4434;14>
22433-4434;14>
22433-4434;14>
22433-4434;14>
22433-4434;14>
22433-4434;14>
22433-4434;14>
22483-6030;14>
22483-6030;14>
22483-6030;14>
22483-6030;14>
22607-5384;14>
22607-5384;14>
22607-5384;14>
22607-5384;14>
22612-4603;14>
22612-4603;14>
22612-4603;14>
22612-4603;14>
22612-4603;14>
22612-4603;14>
22612-4603;14>
22612-4603;14>
22659-5490;14>
22659-5490;14>
22659-5490;14>
22659-5490;14>
22659-5490;14>
22659-5490;14>
22659-5490;14>
22659-5490;14>
22659-5490;14>
22659-5490;14>
22659-5490;14>
22659-5490;14>
22659-5490;14>
22659-5490;14>
22659-5490;14>
22659-5490;14>
22659-5490;14>
22659-5490;14>
22659-5490;14>
22659-5490;14>
22659-5490;14>
22977-4434;14>
22977-4434;14>
22977-4434;14>
12626-7114;16>
12626-7114;16>
13346-4434;16>
14932-4114;16>
17228-6401;16>
17491-4917;16>
18444-5384;16>
21321-4434;16>
21380-4114;16>
22135-4114;16>
17228-6401;29>
17491-4917;29>
21513-5384;29>
21513-5384;29>
21629-5061;29>
21955-4603;29>
22135-4114;29>
22135-4114;29>
22279-4114;29>
22433-4434;29>
22612-4603;29>
12626-7114;30>
12626-7114;30>
12626-7114;30>
13346-4434;30>
13346-4434;30>
13346-4434;30>
13346-4434;30>
13346-4434;30>
14770-5489;30>
14770-5489;30>
14770-5489;30>
14932-4114;30>
14932-4114;30>
14932-4114;30>
14932-4114;30>
14932-4114;30>
15016-4433;30>
16014-5799;30>
17491-4917;30>
17491-5799;30>
18432-5799;30>
18432-5799;30>
18432-5799;30>
18432-5799;30>
18432-5799;30>
18432-5799;30>
18444-5384;30>
18444-5384;30>
21283-7297;30>
21321-4434;30>
21321-4434;30>
21321-4434;30>
21321-4434;30>
21380-4114;30>
21380-4114;30>
21513-5384;30>
21513-5384;30>
21629-5061;30>
21894-4114;30>
21894-4114;30>
21894-4114;30>
21894-4114;30>
21894-4114;30>
21894-4114;30>
21894-4114;30>
21894-4114;30>
21894-4114;30>
21894-4114;30>
21894-4114;30>
21894-4114;30>
21894-4114;30>
21955-4603;30>
21955-4603;30>
21955-4603;30>
21955-4603;30>
21955-4603;30>
21955-4603;30>
21955-4603;30>
22135-4114;30>
22135-4114;30>
22271-4917;30>
22271-4917;30>
22271-4917;30>
22271-4917;30>
22271-4917;30>
22271-4917;30>
22279-4114;30>
22433-4434;30>
22433-4434;30>
22659-5490;30>
22659-5490;30>
12626-7114;31>
12626-7114;31>
12626-7114;31>
12626-7114;31>
12626-7114;31>
12626-7114;31>
13346-4434;31>
13346-4434;31>
13346-4434;31>
13346-4434;31>
13346-4434;31>
13346-4434;31>
14770-5489;31>
14770-5489;31>
14770-5489;31>
14770-5489;31>
14770-5489;31>
14770-5489;31>
14770-5489;31>
14932-4114;31>
14932-4114;31>
14932-4114;31>
14932-4114;31>
14932-4114;31>
14932-4114;31>
16014-5799;31>
16014-5799;31>
16014-5799;31>
17228-6401;31>
17491-4917;31>
17491-4917;31>
17491-4917;31>
17491-4917;31>
17491-5799;31>
18432-5799;31>
18432-5799;31>
18432-5799;31>
18432-5799;31>
18432-5799;31>
18444-4114;31>
18444-4114;31>
18444-4114;31>
18444-4114;31>
18444-4114;31>
18444-5384;31>
18444-5384;31>
18444-5384;31>
21283-7297;31>
21283-7297;31>
21283-7297;31>
21321-4434;31>
21321-4434;31>
21321-4434;31>
21321-4434;31>
21321-4434;31>
21321-4434;31>
21321-4434;31>
21380-4114;31>
21380-4114;31>
21380-4114;31>
21513-5384;31>
21513-5384;31>
21513-5384;31>
21513-5384;31>
21513-5384;31>
21513-5384;31>
21513-5384;31>
21513-5384;31>
21629-5061;31>
21629-5061;31>
21629-5061;31>
21629-5061;31>
21629-5061;31>
21629-5061;31>
21629-5061;31>
21629-5061;31>
21629-5061;31>
21894-4114;31>
21894-4114;31>
21894-4114;31>
21894-4114;31>
21894-4114;31>
21894-4114;31>
21894-4114;31>
21894-4114;31>
21894-4114;31>
21894-4114;31>
21894-4114;31>
21894-4114;31>
21894-4114;31>
21894-4114;31>
21894-4114;31>
21894-4114;31>
21894-4114;31>
21894-4114;31>
21955-4603;31>
21955-4603;31>
21955-4603;31>
21955-4603;31>
21955-4603;31>
21955-4603;31>
21955-4603;31>
21955-4603;31>
21955-4603;31>
21955-4603;31>
22135-4114;31>
22135-4114;31>
22135-4114;31>
22135-4114;31>
22135-4114;31>
22135-4114;31>
22135-4114;31>
22271-4917;31>
22271-4917;31>
22271-4917;31>
22271-4917;31>
22271-4917;31>
22271-4917;31>
22279-4114;31>
22279-4114;31>
22279-4114;31>
22279-4114;31>
22433-4434;31>
22433-4434;31>
22607-5384;31>
22659-5490;31>
22659-5490;31>
22659-5490;31>
22659-5490;31>
22659-5490;31>
22659-5490;31>
22659-5490;31>
12626-7114;32>
16014-5799;32>
17491-5799;32>
21380-4114;32>
22135-4114;32>
22279-4114;32>
22659-5490;32>
12626-7114;41>
12626-7114;41>
12626-7114;41>
12626-7114;41>
12626-7114;41>
12626-7114;41>
12626-7114;41>
12626-7114;41>
12626-7114;41>
12626-7114;41>
12626-7114;41>
12626-7114;41>
12626-7114;41>
13346-4434;41>
13346-4434;41>
13346-4434;41>
13346-4434;41>
13346-4434;41>
14770-5489;41>
14770-5489;41>
14770-5489;41>
14770-5489;41>
14770-5489;41>
14770-5489;41>
14770-5489;41>
14770-5489;41>
14932-4114;41>
14932-4114;41>
14932-4114;41>
14932-4114;41>
14932-4114;41>
15016-4433;41>
15016-4433;41>
15016-4433;41>
15016-4433;41>
16014-5799;41>
16014-5799;41>
16014-5799;41>
16014-5799;41>
16014-5799;41>
16014-5799;41>
16014-5799;41>
17228-6401;41>
17228-6401;41>
17228-6401;41>
17491-4917;41>
17491-4917;41>
17491-4917;41>
17491-4917;41>
17491-4917;41>
17491-4917;41>
17491-4917;41>
17491-4917;41>
17491-4917;41>
17491-4917;41>
17491-4917;41>
17491-4917;41>
17491-4917;41>
17491-4917;41>
17491-4917;41>
17491-4917;41>
17491-4917;41>
17491-5799;41>
17491-5799;41>
17491-5799;41>
17491-5799;41>
18432-5799;41>
18432-5799;41>
18432-5799;41>
18432-5799;41>
18432-5799;41>
18432-5799;41>
18432-5799;41>
18432-5799;41>
18432-5799;41>
18432-5799;41>
18432-5799;41>
18432-5799;41>
18444-4114;41>
18444-4114;41>
18444-4114;41>
18444-4114;41>
18444-5384;41>
18444-5384;41>
18444-5384;41>
18444-5384;41>
18444-5384;41>
18444-5384;41>
18444-5384;41>
21283-7297;41>
21283-7297;41>
21283-7297;41>
21283-7297;41>
21283-7297;41>
21283-7297;41>
21283-7297;41>
21283-7297;41>
21283-7297;41>
21283-7297;41>
21283-7297;41>
21283-7297;41>
21283-7297;41>
21321-4434;41>
21321-4434;41>
21321-4434;41>
21321-4434;41>
21321-4434;41>
21321-4434;41>
21321-4434;41>
21321-4434;41>
21321-4434;41>
21321-4434;41>
21321-4434;41>
21321-4434;41>
21321-4434;41>
21321-4434;41>
21321-4434;41>
21321-4434;41>
21321-4434;41>
21321-4434;41>
21321-4434;41>
21321-4434;41>
21380-4114;41>
21380-4114;41>
21380-4114;41>
21380-4114;41>
21380-4114;41>
21513-5384;41>
21513-5384;41>
21513-5384;41>
21513-5384;41>
21513-5384;41>
21513-5384;41>
21513-5384;41>
21513-5384;41>
21513-5384;41>
21513-5384;41>
21513-5384;41>
21629-5061;41>
21629-5061;41>
21629-5061;41>
21629-5061;41>
21629-5061;41>
21629-5061;41>
21629-5061;41>
21629-5061;41>
21629-5061;41>
21629-5061;41>
21629-5061;41>
21629-5061;41>
21629-5061;41>
21629-5061;41>
21629-5061;41>
21629-5061;41>
21629-5061;41>
21629-5061;41>
21629-5061;41>
21629-5061;41>
21629-5061;41>
21629-5061;41>
21629-5061;41>
21629-5061;41>
21629-5061;41>
21629-5061;41>
21629-5061;41>
21629-5061;41>
21629-5061;41>
21629-5061;41>
21629-5061;41>
21629-5061;41>
21629-5061;41>
21629-5061;41>
21894-4114;41>
21894-4114;41>
21894-4114;41>
21894-4114;41>
21894-4114;41>
21894-4114;41>
21894-4114;41>
21894-4114;41>
21894-4114;41>
21894-4114;41>
21894-4114;41>
21894-4114;41>
21894-4114;41>
21894-4114;41>
21894-4114;41>
21894-4114;41>
21894-4114;41>
21955-4603;41>
21955-4603;41>
21955-4603;41>
21955-4603;41>
21955-4603;41>
21955-4603;41>
21955-4603;41>
21955-4603;41>
21955-4603;41>
21955-4603;41>
21955-4603;41>
21955-4603;41>
21955-4603;41>
21955-4603;41>
21955-4603;41>
21955-4603;41>
21955-4603;41>
22135-4114;41>
22135-4114;41>
22135-4114;41>
22135-4114;41>
22135-4114;41>
22135-4114;41>
22135-4114;41>
22135-4114;41>
22135-4114;41>
22135-4114;41>
22135-4114;41>
22135-4114;41>
22271-4917;41>
22271-4917;41>
22271-4917;41>
22271-4917;41>
22271-4917;41>
22271-4917;41>
22279-4114;41>
22279-4114;41>
22279-4114;41>
22279-4114;41>
22279-4114;41>
22279-4114;41>
22279-4114;41>
22433-4434;41>
22433-4434;41>
22433-4434;41>
22433-4434;41>
22433-4434;41>
22433-4434;41>
22483-6030;41>
22483-6030;41>
22483-6030;41>
22483-6030;41>
22483-6030;41>
22607-5384;41>
22607-5384;41>
22607-5384;41>
22607-5384;41>
22607-5384;41>
22607-5384;41>
22607-5384;41>
22607-5384;41>
22612-4603;41>
22612-4603;41>
22612-4603;41>
22612-4603;41>
22612-4603;41>
22612-4603;41>
22612-4603;41>
22612-4603;41>
22612-4603;41>
22659-5490;41>
22659-5490;41>
22659-5490;41>
22659-5490;41>
22659-5490;41>
22659-5490;41>
22659-5490;41>
22659-5490;41>
22659-5490;41>
22659-5490;41>
22659-5490;41>
22659-5490;41>
22659-5490;41>
22659-5490;41>
22659-5490;41>
22659-5490;41>
22659-5490;41>
22659-5490;41>
22659-5490;41>
22659-5490;41>
22659-5490;41>
22977-4434;41>
22977-4434;41>
12626-7114;43>
15016-4433;43>
17491-4917;43>
17491-4917;43>
17491-4917;43>
17491-4917;43>
17491-4917;43>
17491-4917;43>
17491-4917;43>
18432-5799;43>
18432-5799;43>
18432-5799;43>
18444-5384;43>
21283-7297;43>
21283-7297;43>
21283-7297;43>
21321-4434;43>
21321-4434;43>
21321-4434;43>
21321-4434;43>
21321-4434;43>
21321-4434;43>
21513-5384;43>
21513-5384;43>
21513-5384;43>
21513-5384;43>
21629-5061;43>
21629-5061;43>
21629-5061;43>
21629-5061;43>
21629-5061;43>
21629-5061;43>
21629-5061;43>
21629-5061;43>
21629-5061;43>
21894-4114;43>
21894-4114;43>
21894-4114;43>
21894-4114;43>
21894-4114;43>
21894-4114;43>
21894-4114;43>
21894-4114;43>
21894-4114;43>
21894-4114;43>
21955-4603;43>
21955-4603;43>
21955-4603;43>
22135-4114;43>
22279-4114;43>
22279-4114;43>
22433-4434;43>
22433-4434;43>
22433-4434;43>
22433-4434;43>
22433-4434;43>
22607-5384;43>
22612-4603;43>
22659-5490;43>
22659-5490;43>
12626-7114;44>
12626-7114;44>
12626-7114;44>
15016-4433;44>
17491-4917;44>
17491-4917;44>
17491-4917;44>
17491-4917;44>
17491-4917;44>
17491-4917;44>
17491-4917;44>
17491-4917;44>
18432-5799;44>
18432-5799;44>
18444-5384;44>
21283-7297;44>
21283-7297;44>
21283-7297;44>
21321-4434;44>
21321-4434;44>
21321-4434;44>
21321-4434;44>
21321-4434;44>
21321-4434;44>
21321-4434;44>
21321-4434;44>
21321-4434;44>
21513-5384;44>
21513-5384;44>
21513-5384;44>
21513-5384;44>
21629-5061;44>
21629-5061;44>
21629-5061;44>
21629-5061;44>
21629-5061;44>
21629-5061;44>
21629-5061;44>
21629-5061;44>
21629-5061;44>
21894-4114;44>
21894-4114;44>
21894-4114;44>
21894-4114;44>
21894-4114;44>
21894-4114;44>
21894-4114;44>
21894-4114;44>
21894-4114;44>
21894-4114;44>
21955-4603;44>
21955-4603;44>
22135-4114;44>
22279-4114;44>
22279-4114;44>
22433-4434;44>
22433-4434;44>
22433-4434;44>
22433-4434;44>
22433-4434;44>
22433-4434;44>
22433-4434;44>
22433-4434;44>
22433-4434;44>
22607-5384;44>
22612-4603;44>
22612-4603;44>
17491-4917;45>
21629-5061;45>
21629-5061;45>
21894-4114;45>
21894-4114;45>
21955-4603;45>
22659-5490;45>
22659-5490;45>
22659-5490;45>
12626-7114;46>
14770-5489;46>
15016-4433;46>
16014-5799;46>
18432-5799;46>
18432-5799;46>
18444-4114;46>
21321-4434;46>
21321-4434;46>
21321-4434;46>
21321-4434;46>
21321-4434;46>
21380-4114;46>
21629-5061;46>
21955-4603;46>
21955-4603;46>
22271-4917;46>
22483-6030;46>
22612-4603;46>
22659-5490;46>
17228-6401;47>
17228-6401;47>
17228-6401;47>
17228-6401;47>
13346-4434;48>
16014-5799;48>
17228-6401;48>
17228-6401;48>
17228-6401;48>
17228-6401;48>
17228-6401;48>
17491-4917;48>
17491-5799;48>
17491-5799;48>
18432-5799;48>
18432-5799;48>
18432-5799;48>
21513-5384;48>
21513-5384;48>
21629-5061;48>
21629-5061;48>
21629-5061;48>
21629-5061;48>
21629-5061;48>
21629-5061;48>
21629-5061;48>
21894-4114;48>
21894-4114;48>
21894-4114;48>
21894-4114;48>
21894-4114;48>
21955-4603;48>
21955-4603;48>
21955-4603;48>
21955-4603;48>
22135-4114;48>
22135-4114;48>
22135-4114;48>
22135-4114;48>
22279-4114;48>
22433-4434;48>
22607-5384;48>
22612-4603;48>
22612-4603;48>
22659-5490;48>
22659-5490;48>
22659-5490;48>
22659-5490;48>
22659-5490;48>
22659-5490;48>
14932-4114;49>
14932-4114;49>
17228-6401;49>
17491-5799;49>
17491-5799;49>
18432-5799;49>
18432-5799;49>
18432-5799;49>
18432-5799;49>
18444-4114;49>
21894-4114;49>
22279-4114;49>
22279-4114;49>
22279-4114;49>
22659-5490;49>
22659-5490;49>
22659-5490;49>
14770-5489;1>2>
18444-4114;1>2>
21321-4434;1>2>
21955-4603;1>2>
22612-4603;1>2>
14770-5489;1>2>14>
18444-4114;1>2>14>
21321-4434;1>2>14>
21955-4603;1>2>14>
15016-4433;1>46>
18432-5799;1>46>
21321-4434;1>46>
21321-4434;1>46>
21321-4434;1>46>
21629-5061;1>46>
21955-4603;1>46>
22271-4917;1>46>
22659-5490;1>46>
15016-4433;1>46>2>
21321-4434;1>46>2>
21321-4434;1>46>2>
21629-5061;1>46>2>
22659-5490;1>46>2>
21321-4434;1 2>
21321-4434;1 2>
21629-5061;1 2>
21955-4603;1 2>
22659-5490;1 2>
21321-4434;1 2>46>
21321-4434;1 2>46>
21629-5061;1 2>46>
21955-4603;1 2>46>
22659-5490;1 2>46>
21321-4434;1 2>46>2>
21321-4434;1 2>46>2>
21629-5061;1 2>46>2>
22659-5490;1 2>46>2>
15016-4433;2>1>
18432-5799;2>1>
18432-5799;2>1>
21321-4434;2>1>
21321-4434;2>1>
22271-4917;2>1>
22612-4603;2>1>
15016-4433;2>1>46>
18432-5799;2>1>46>
21321-4434;2>1>46>
21321-4434;2>1>46>
22271-4917;2>1>46>
14932-4114;2>2>
21321-4434;2>2>
21380-4114;2>2>
22433-4434;2>2>
14770-5489;2>14>
15016-4433;2>14>
16014-5799;2>14>
18444-4114;2>14>
21321-4434;2>14>
21321-4434;2>14>
21380-4114;2>14>
21629-5061;2>14>
21894-4114;2>14>
21955-4603;2>14>
21955-4603;2>14>
21955-4603;2>14>
21955-4603;2>14>
22135-4114;2>14>
22271-4917;2>14>
12626-7114;2>41>
14932-4114;2>41>
16014-5799;2>41>
21380-4114;2>41>
21513-5384;2>41>
21629-5061;2>41>
21894-4114;2>41>
21955-4603;2>41>
14932-4114;2>41>41>
16014-5799;2>41>41>
21380-4114;2>41>41>
21629-5061;2>41>41>
21894-4114;2>41>41>
21955-4603;2>41>41>
16014-5799;2>41>41>41>
21380-4114;2>41>41>41>
21629-5061;2>41>41>41>
21955-4603;2>41>41>41>
12626-7114;2>46>
14770-5489;2>46>
16014-5799;2>46>
18444-4114;2>46>
21321-4434;2>46>
21321-4434;2>46>
21321-4434;2>46>
21380-4114;2>46>
21629-5061;2>46>
21955-4603;2>46>
21955-4603;2>46>
22612-4603;2>46>
22659-5490;2>46>
12626-7114;2>46>1>
14770-5489;2>46>1>
16014-5799;2>46>1>
18444-4114;2>46>1>
21321-4434;2>46>1>
21380-4114;2>46>1>
21955-4603;2>46>1>
22612-4603;2>46>1>
14770-5489;2>46>1>2>
18444-4114;2>46>1>2>
21321-4434;2>46>1>2>
21955-4603;2>46>1>2>
14770-5489;2>46>1>2>14>
18444-4114;2>46>1>2>14>
21321-4434;2>46>1>2>14>
21955-4603;2>46>1>2>14>
21321-4434;2>46>2>
21321-4434;2>46>2>
21629-5061;2>46>2>
22659-5490;2>46>2>
12626-7114;2 14>
12626-7114;2 14>
13346-4434;2 14>
14770-5489;2 14>
14770-5489;2 14>
14770-5489;2 14>
16014-5799;2 14>
18432-5799;2 14>
18432-5799;2 14>
18432-5799;2 14>
18432-5799;2 14>
18444-4114;2 14>
21321-4434;2 14>
21321-4434;2 14>
21380-4114;2 14>
21380-4114;2 14>
21380-4114;2 14>
21380-4114;2 14>
21629-5061;2 14>
21894-4114;2 14>
21894-4114;2 14>
21955-4603;2 14>
22135-4114;2 14>
22271-4917;2 14>
22271-4917;2 14>
22433-4434;2 14>
22433-4434;2 14>
22483-6030;2 14>
22483-6030;2 14>
22659-5490;2 14>
22659-5490;2 14>
22977-4434;2 14>
22977-4434;2 14>
12626-7114;2 14>41>
16014-5799;2 14>41>
21380-4114;2 14>41>
21629-5061;2 14>41>
21955-4603;2 14>41>
16014-5799;2 14>41>41>
21380-4114;2 14>41>41>
21629-5061;2 14>41>41>
21955-4603;2 14>41>41>
16014-5799;2 14>41>41>41>
21380-4114;2 14>41>41>41>
21629-5061;2 14>41>41>41>
21955-4603;2 14>41>41>41>
13346-4434;2 14 41>
21321-4434;2 14 41>
22433-4434;2 14 41>
22483-6030;2 14 41>
22659-5490;2 14 41>
22659-5490;2 14 41>
13346-4434;2 41>
15016-4433;2 41>
16014-5799;2 41>
18444-4114;2 41>
21321-4434;2 41>
21321-4434;2 41>
21380-4114;2 41>
21380-4114;2 41>
21894-4114;2 41>
21955-4603;2 41>
21955-4603;2 41>
22433-4434;2 41>
22483-6030;2 41>
22483-6030;2 41>
22659-5490;2 41>
22659-5490;2 41>
17491-5799;3>2>
18432-5799;3>2>
21955-4603;3>2>
22279-4114;3>2>
18432-5799;5>5>
21894-4114;5>5>
21955-4603;5>5>
22659-5490;5>5>
14770-5489;5 14>
18444-4114;5 14>
21955-4603;5 14>
22135-4114;5 14>
21894-4114;6 7>
22135-4114;6 7>
22135-4114;6 7>
22659-5490;6 7>
22659-5490;6 7>
17228-6401;6 14>
18444-4114;6 14>
21629-5061;6 14>
21894-4114;6 14>
21894-4114;6 14>
21894-4114;6 14>
22135-4114;6 14>
22135-4114;6 14>
22279-4114;6 14>
22659-5490;6 14>
22659-5490;6 14>
22659-5490;6 14>
22659-5490;6 14>
17228-6401;6 14 48>
21894-4114;6 14 48>
22659-5490;6 14 48>
22659-5490;6 14 48>
17228-6401;6 48>
21629-5061;6 48>
21629-5061;6 48>
21894-4114;6 48>
21894-4114;6 48>
21894-4114;6 48>
22135-4114;6 48>
22135-4114;6 48>
22659-5490;6 48>
22659-5490;6 48>
14770-5489;7>5>
18432-5799;7>5>
21321-4434;7>5>
21894-4114;7>5>
21894-4114;7>5>
21955-4603;7>5>
21955-4603;7>5>
22659-5490;7>5>
18432-5799;7>5>5>
21894-4114;7>5>5>
21955-4603;7>5>5>
22659-5490;7>5>5>
17491-5799;7 14>
18444-4114;7 14>
21629-5061;7 14>
22135-4114;7 14>
22659-5490;7 14>
17491-5799;7 41>
18444-4114;7 41>
21629-5061;7 41>
21894-4114;7 41>
21955-4603;7 41>
22279-4114;7 41>
12626-7114;14>2>
16014-5799;14>2>
17491-4917;14>2>
18432-5799;14>2>
18432-5799;14>2>
21321-4434;14>2>
21321-4434;14>2>
21380-4114;14>2>
21629-5061;14>2>
21894-4114;14>2>
21894-4114;14>2>
21955-4603;14>2>
21955-4603;14>2>
22271-4917;14>2>
22659-5490;14>2>
16014-5799;14>2>14>
21894-4114;14>2>14>
21955-4603;14>2>14>
21955-4603;14>2>14>
14770-5489;14>7>
17228-6401;14>7>
17491-5799;14>7>
17491-5799;14>7>
21513-5384;14>7>
21894-4114;14>7>
21955-4603;14>7>
21955-4603;14>7>
22135-4114;14>7>
22279-4114;14>7>
22612-4603;14>7>
22659-5490;14>7>
14770-5489;14>7>5>
21894-4114;14>7>5>
21955-4603;14>7>5>
21955-4603;14>7>5>
12626-7114;14>14>
16014-5799;14>14>
16014-5799;14>14>
16014-5799;14>14>
17491-5799;14>14>
18432-5799;14>14>
21321-4434;14>14>
21629-5061;14>14>
21629-5061;14>14>
21894-4114;14>14>
21894-4114;14>14>
21894-4114;14>14>
21894-4114;14>14>
21955-4603;14>14>
21955-4603;14>14>
22135-4114;14>14>
22135-4114;14>14>
22135-4114;14>14>
22135-4114;14>14>
22135-4114;14>14>
22135-4114;14>14>
22135-4114;14>14>
22135-4114;14>14>
22271-4917;14>14>
22271-4917;14>14>
22271-4917;14>14>
22271-4917;14>14>
22271-4917;14>14>
22271-4917;14>14>
22271-4917;14>14>
22271-4917;14>14>
22659-5490;14>14>
21321-4434;14>14>14>
21629-5061;14>14>14>
22135-4114;14>14>14>
22135-4114;14>14>14>
22135-4114;14>14>14>
22271-4917;14>14>14>
22271-4917;14>14>14>
22271-4917;14>14>14>
22659-5490;14>14>14>
22135-4114;14>14>14>14>
22135-4114;14>14>14>14>
22135-4114;14>14>14>14>
22271-4917;14>14>14>14>
22271-4917;14>14>14>14>
21629-5061;14>14>31>
22135-4114;14>14>31>
22271-4917;14>14>31>
22271-4917;14>14>31>
22271-4917;14>14>31>
22271-4917;14>14>31>
22135-4114;14>14>31>30>
22271-4917;14>14>31>30>
22271-4917;14>14>31>30>
22271-4917;14>14>31>30>
16014-5799;14>14>41>
21629-5061;14>14>41>
22135-4114;14>14>41>
22135-4114;14>14>41>
22135-4114;14>14>41>
22135-4114;14>14>41>
22271-4917;14>14>41>
12626-7114;14>31>
12626-7114;14>31>
13346-4434;14>31>
14770-5489;14>31>
14770-5489;14>31>
14770-5489;14>31>
14770-5489;14>31>
14932-4114;14>31>
14932-4114;14>31>
14932-4114;14>31>
16014-5799;14>31>
16014-5799;14>31>
17228-6401;14>31>
17491-4917;14>31>
18432-5799;14>31>
18432-5799;14>31>
18444-4114;14>31>
21321-4434;14>31>
21321-4434;14>31>
21513-5384;14>31>
21513-5384;14>31>
21513-5384;14>31>
21629-5061;14>31>
21629-5061;14>31>
21629-5061;14>31>
21894-4114;14>31>
21894-4114;14>31>
21894-4114;14>31>
21894-4114;14>31>
21894-4114;14>31>
21894-4114;14>31>
21894-4114;14>31>
21894-4114;14>31>
21955-4603;14>31>
21955-4603;14>31>
21955-4603;14>31>
22135-4114;14>31>
22135-4114;14>31>
22135-4114;14>31>
22135-4114;14>31>
22271-4917;14>31>
22271-4917;14>31>
22271-4917;14>31>
22271-4917;14>31>
22271-4917;14>31>
22433-4434;14>31>
22659-5490;14>31>
22659-5490;14>31>
12626-7114;14>31>30>
14770-5489;14>31>30>
21321-4434;14>31>30>
21321-4434;14>31>30>
21894-4114;14>31>30>
21894-4114;14>31>30>
21894-4114;14>31>30>
21894-4114;14>31>30>
21894-4114;14>31>30>
22135-4114;14>31>30>
22271-4917;14>31>30>
22271-4917;14>31>30>
22271-4917;14>31>30>
22271-4917;14>31>30>
14770-5489;14>31>30>30>
21894-4114;14>31>30>30>
21894-4114;14>31>30>30>
21894-4114;14>31>30>30>
14770-5489;14>31>31>
16014-5799;14>31>31>
18432-5799;14>31>31>
21513-5384;14>31>31>
21894-4114;14>31>31>
22271-4917;14>31>31>
14770-5489;14>31>31>30>
18432-5799;14>31>31>30>
21513-5384;14>31>31>30>
22271-4917;14>31>31>30>
12626-7114;14>41>
14770-5489;14>41>
14770-5489;14>41>
15016-4433;14>41>
16014-5799;14>41>
16014-5799;14>41>
16014-5799;14>41>
17491-4917;14>41>
17491-4917;14>41>
17491-4917;14>41>
18432-5799;14>41>
18444-5384;14>41>
21321-4434;14>41>
21321-4434;14>41>
21321-4434;14>41>
21380-4114;14>41>
21513-5384;14>41>
21513-5384;14>41>
21629-5061;14>41>
21629-5061;14>41>
21629-5061;14>41>
21629-5061;14>41>
21629-5061;14>41>
21629-5061;14>41>
21629-5061;14>41>
21894-4114;14>41>
21894-4114;14>41>
21894-4114;14>41>
21894-4114;14>41>
21894-4114;14>41>
21894-4114;14>41>
21955-4603;14>41>
21955-4603;14>41>
22135-4114;14>41>
22135-4114;14>41>
22135-4114;14>41>
22135-4114;14>41>
22135-4114;14>41>
22135-4114;14>41>
22135-4114;14>41>
22271-4917;14>41>
22271-4917;14>41>
22433-4434;14>41>
22607-5384;14>41>
22612-4603;14>41>
22612-4603;14>41>
22659-5490;14>41>
21894-4114;14>41>31>
21894-4114;14>41>31>
22135-4114;14>41>31>
22135-4114;14>41>31>
22271-4917;14>41>31>
22271-4917;14>41>31>
14770-5489;14>41>41>
15016-4433;14>41>41>
16014-5799;14>41>41>
16014-5799;14>41>41>
16014-5799;14>41>41>
17491-4917;14>41>41>
17491-4917;14>41>41>
21380-4114;14>41>41>
21513-5384;14>41>41>
21629-5061;14>41>41>
21629-5061;14>41>41>
21629-5061;14>41>41>
21629-5061;14>41>41>
21629-5061;14>41>41>
21629-5061;14>41>41>
21894-4114;14>41>41>
21894-4114;14>41>41>
21894-4114;14>41>41>
21894-4114;14>41>41>
21955-4603;14>41>41>
21955-4603;14>41>41>
22135-4114;14>41>41>
22607-5384;14>41>41>
22612-4603;14>41>41>
22659-5490;14>41>41>
16014-5799;14>41>41>41>
16014-5799;14>41>41>41>
17491-4917;14>41>41>41>
21380-4114;14>41>41>41>
21513-5384;14>41>41>41>
21629-5061;14>41>41>41>
21629-5061;14>41>41>41>
21894-4114;14>41>41>41>
21894-4114;14>41>41>41>
21894-4114;14>41>41>41>
21955-4603;14>41>41>41>
21955-4603;14>41>41>41>
22135-4114;14>41>41>41>
22612-4603;14>41>41>41>
22659-5490;14>41>41>41>
16014-5799;14>41>41>41>41>
16014-5799;14>41>41>41>41>
17491-4917;14>41>41>41>41>
21513-5384;14>41>41>41>41>
21629-5061;14>41>41>41>41>
21894-4114;14>41>41>41>41>
21894-4114;14>41>41>41>41>
21955-4603;14>41>41>41>41>
16014-5799;14>41>41>41>41>41>
16014-5799;14>41>41>41>41>41>
21513-5384;14>41>41>41>41>41>
21894-4114;14>41>41>41>41>41>
18444-5384;14>41>43>
21321-4434;14>41>43>
21629-5061;14>41>43>
21894-4114;14>41>43>
18444-5384;14>41>43>44>
21321-4434;14>41>43>44>
21629-5061;14>41>43>44>
21894-4114;14>41>43>44>
15016-4433;14>43>
17491-4917;14>43>
18432-5799;14>43>
21283-7297;14>43>
21321-4434;14>43>
21894-4114;14>43>
21894-4114;14>43>
21894-4114;14>43>
22433-4434;14>43>
22433-4434;14>43>
15016-4433;14>43>44>
17491-4917;14>43>44>
21283-7297;14>43>44>
21894-4114;14>43>44>
15016-4433;14>43>44>44>
17491-4917;14>43>44>44>
21283-7297;14>43>44>44>
21894-4114;14>43>44>44>
12626-7114;14 30>
13346-4434;14 30>
13346-4434;14 30>
14770-5489;14 30>
14932-4114;14 30>
15016-4433;14 30>
18432-5799;14 30>
21321-4434;14 30>
21894-4114;14 30>
21894-4114;14 30>
21894-4114;14 30>
21894-4114;14 30>
21894-4114;14 30>
21894-4114;14 30>
21955-4603;14 30>
21955-4603;14 30>
21955-4603;14 30>
21955-4603;14 30>
22433-4434;14 30>
12626-7114;14 30>31>
13346-4434;14 30>31>
14932-4114;14 30>31>
21894-4114;14 30>31>
21894-4114;14 30>31>
21894-4114;14 30>31>
21955-4603;14 30>31>
21955-4603;14 30>31>
12626-7114;14 31>
14770-5489;14 31>
14770-5489;14 31>
14932-4114;14 31>
17228-6401;14 31>
17491-4917;14 31>
18432-5799;14 31>
18444-4114;14 31>
18444-4114;14 31>
18444-5384;14 31>
21283-7297;14 31>
21321-4434;14 31>
21321-4434;14 31>
21380-4114;14 31>
21513-5384;14 31>
21513-5384;14 31>
21629-5061;14 31>
21629-5061;14 31>
21894-4114;14 31>
21894-4114;14 31>
21894-4114;14 31>
21894-4114;14 31>
21894-4114;14 31>
21955-4603;14 31>
22279-4114;14 31>
22279-4114;14 31>
22433-4434;14 31>
22659-5490;14 31>
22659-5490;14 31>
22659-5490;14 31>
12626-7114;14 31>31>
14770-5489;14 31>31>
17228-6401;14 31>31>
21321-4434;14 31>31>
21894-4114;14 31>31>
12626-7114;14 31 41>
17228-6401;14 31 41>
21283-7297;14 31 41>
21321-4434;14 31 41>
21380-4114;14 31 41>
21513-5384;14 31 41>
21894-4114;14 31 41>
21894-4114;14 31 41>
22279-4114;14 31 41>
22433-4434;14 31 41>
22659-5490;14 31 41>
22659-5490;14 31 41>
22659-5490;14 31 41>
12626-7114;14 41>
12626-7114;14 41>
12626-7114;14 41>
12626-7114;14 41>
12626-7114;14 41>
12626-7114;14 41>
12626-7114;14 41>
13346-4434;14 41>
14770-5489;14 41>
14770-5489;14 41>
14770-5489;14 41>
14770-5489;14 41>
14770-5489;14 41>
14770-5489;14 41>
14932-4114;14 41>
14932-4114;14 41>
14932-4114;14 41>
15016-4433;14 41>
16014-5799;14 41>
16014-5799;14 41>
17228-6401;14 41>
17491-4917;14 41>
17491-4917;14 41>
17491-4917;14 41>
17491-4917;14 41>
17491-4917;14 41>
17491-4917;14 41>
17491-4917;14 41>
17491-4917;14 41>
17491-4917;14 41>
17491-4917;14 41>
17491-5799;14 41>
17491-5799;14 41>
17491-5799;14 41>
18432-5799;14 41>
18432-5799;14 41>
18432-5799;14 41>
18432-5799;14 41>
18432-5799;14 41>
18432-5799;14 41>
18444-4114;14 41>
18444-4114;14 41>
18444-5384;14 41>
18444-5384;14 41>
18444-5384;14 41>
18444-5384;14 41>
18444-5384;14 41>
21283-7297;14 41>
21283-7297;14 41>
21283-7297;14 41>
21283-7297;14 41>
21283-7297;14 41>
21283-7297;14 41>
21283-7297;14 41>
21283-7297;14 41>
21321-4434;14 41>
21321-4434;14 41>
21321-4434;14 41>
21321-4434;14 41>
21321-4434;14 41>
21321-4434;14 41>
21321-4434;14 41>
21321-4434;14 41>
21380-4114;14 41>
21380-4114;14 41>
21513-5384;14 41>
21513-5384;14 41>
21513-5384;14 41>
21513-5384;14 41>
21513-5384;14 41>
21513-5384;14 41>
21513-5384;14 41>
21629-5061;14 41>
21629-5061;14 41>
21629-5061;14 41>
21629-5061;14 41>
21629-5061;14 41>
21629-5061;14 41>
21629-5061;14 41>
21629-5061;14 41>
21629-5061;14 41>
21629-5061;14 41>
21629-5061;14 41>
21629-5061;14 41>
21629-5061;14 41>
21629-5061;14 41>
21629-5061;14 41>
21629-5061;14 41>
21894-4114;14 41>
21894-4114;14 41>
21894-4114;14 41>
21894-4114;14 41>
21894-4114;14 41>
21894-4114;14 41>
21894-4114;14 41>
21955-4603;14 41>
21955-4603;14 41>
21955-4603;14 41>
21955-4603;14 41>
21955-4603;14 41>
21955-4603;14 41>
21955-4603;14 41>
22135-4114;14 41>
22135-4114;14 41>
22135-4114;14 41>
22135-4114;14 41>
22135-4114;14 41>
22135-4114;14 41>
22271-4917;14 41>
22271-4917;14 41>
22271-4917;14 41>
22271-4917;14 41>
22279-4114;14 41>
22279-4114;14 41>
22433-4434;14 41>
22433-4434;14 41>
22433-4434;14 41>
22483-6030;14 41>
22483-6030;14 41>
22607-5384;14 41>
22607-5384;14 41>
22607-5384;14 41>
22607-5384;14 41>
22612-4603;14 41>
22612-4603;14 41>
22612-4603;14 41>
22612-4603;14 41>
22612-4603;14 41>
22659-5490;14 41>
22659-5490;14 41>
22659-5490;14 41>
22659-5490;14 41>
22659-5490;14 41>
22659-5490;14 41>
22659-5490;14 41>
22659-5490;14 41>
22659-5490;14 41>
22659-5490;14 41>
22659-5490;14 41>
22659-5490;14 41>
22659-5490;14 41>
22659-5490;14 41>
22659-5490;14 41>
22977-4434;14 41>
12626-7114;14 41>2>
17491-4917;14 41>2>
18432-5799;14 41>2>
21321-4434;14 41>2>
21380-4114;14 41>2>
21955-4603;14 41>2>
12626-7114;14 41>14>
17491-5799;14 41>14>
22135-4114;14 41>14>
22135-4114;14 41>14>
22271-4917;14 41>14>
22271-4917;14 41>14>
12626-7114;14 41>31>
14770-5489;14 41>31>
14770-5489;14 41>31>
14932-4114;14 41>31>
14932-4114;14 41>31>
17228-6401;14 41>31>
21513-5384;14 41>31>
22433-4434;14 41>31>
22659-5490;14 41>31>
22659-5490;14 41>31>
14770-5489;14 41>41>
17491-4917;14 41>41>
18432-5799;14 41>41>
18444-5384;14 41>41>
21321-4434;14 41>41>
21513-5384;14 41>41>
21629-5061;14 41>41>
21629-5061;14 41>41>
21629-5061;14 41>41>
21894-4114;14 41>41>
21894-4114;14 41>41>
21894-4114;14 41>41>
22135-4114;14 41>41>
22135-4114;14 41>41>
22607-5384;14 41>41>
22612-4603;14 41>41>
22659-5490;14 41>41>
21629-5061;14 41>41>41>
21629-5061;14 41>41>41>
21894-4114;14 41>41>41>
22135-4114;14 41>41>41>
22607-5384;14 41>41>41>
22612-4603;14 41>41>41>
22659-5490;14 41>41>41>
21629-5061;14 41>41>41>41>
22135-4114;14 41>41>41>41>
22612-4603;14 41>41>41>41>
22659-5490;14 41>41>41>41>
12626-7114;14 41 43>
17491-4917;14 41 43>
17491-4917;14 41 43>
18432-5799;14 41 43>
21629-5061;14 41 43>
21894-4114;14 41 43>
21955-4603;14 41 43>
22433-4434;14 41 43>
22433-4434;14 41 43>
12626-7114;14 43>
17491-4917;14 43>
17491-4917;14 43>
17491-4917;14 43>
18432-5799;14 43>
21629-5061;14 43>
21894-4114;14 43>
21955-4603;14 43>
22433-4434;14 43>
22433-4434;14 43>
17491-4917;14 44>
17491-4917;14 44>
17491-4917;14 44>
17491-4917;14 44>
18432-5799;14 44>
21283-7297;14 44>
21283-7297;14 44>
21321-4434;14 44>
21321-4434;14 44>
21321-4434;14 44>
21321-4434;14 44>
21629-5061;14 44>
21629-5061;14 44>
21894-4114;14 44>
21894-4114;14 44>
21894-4114;14 44>
21894-4114;14 44>
22433-4434;14 44>
22433-4434;14 44>
22433-4434;14 44>
22433-4434;14 44>
16014-5799;14 48>
17228-6401;14 48>
17491-5799;14 48>
17491-5799;14 48>
18432-5799;14 48>
18432-5799;14 48>
21629-5061;14 48>
21894-4114;14 48>
21955-4603;14 48>
21955-4603;14 48>
22612-4603;14 48>
22659-5490;14 48>
22659-5490;14 48>
22659-5490;14 48>
14932-4114;14 49>
17491-5799;14 49>
18432-5799;14 49>
18432-5799;14 49>
21894-4114;14 49>
22279-4114;14 49>
12626-7114;16>31>
12626-7114;16>31>
13346-4434;16>31>
17228-6401;16>31>
17491-4917;16>31>
18444-5384;16>31>
21321-4434;16>31>
21380-4114;16>31>
22135-4114;16>31>
13346-4434;16 30>
14932-4114;16 30>
18444-5384;16 30>
21321-4434;16 30>
21380-4114;16 30>
13346-4434;16 30>31>
18444-5384;16 30>31>
21321-4434;16 30>31>
21380-4114;16 30>31>
12626-7114;16 31>
17228-6401;16 31>
17491-4917;16 31>
22135-4114;16 31>
12626-7114;16 31>31>
17228-6401;16 31>31>
17491-4917;16 31>31>
22135-4114;16 31>31>
12626-7114;30>14>
16014-5799;30>14>
18432-5799;30>14>
21321-4434;30>14>
21894-4114;30>14>
21894-4114;30>14>
21894-4114;30>14>
22271-4917;30>14>
22271-4917;30>14>
22271-4917;30>14>
22271-4917;30>14>
16014-5799;30>14>14>
21894-4114;30>14>14>
21894-4114;30>14>14>
22271-4917;30>14>14>
22271-4917;30>14>14>
22271-4917;30>14>14>
13346-4434;30>30>
13346-4434;30>30>
14770-5489;30>30>
17491-5799;30>30>
18432-5799;30>30>
18444-5384;30>30>
21513-5384;30>30>
21894-4114;30>30>
21894-4114;30>30>
21894-4114;30>30>
21894-4114;30>30>
21894-4114;30>30>
22271-4917;30>30>
22271-4917;30>30>
22279-4114;30>30>
13346-4434;30>30>30>
14770-5489;30>30>30>
18432-5799;30>30>30>
21513-5384;30>30>30>
21894-4114;30>30>30>
22279-4114;30>30>30>
12626-7114;30>31>
12626-7114;30>31>
13346-4434;30>31>
13346-4434;30>31>
14932-4114;30>31>
18444-5384;30>31>
21321-4434;30>31>
21380-4114;30>31>
21629-5061;30>31>
21894-4114;30>31>
21894-4114;30>31>
21894-4114;30>31>
21894-4114;30>31>
21894-4114;30>31>
21955-4603;30>31>
21955-4603;30>31>
22271-4917;30>31>
22271-4917;30>31>
22271-4917;30>31>
12626-7114;30>31>30>
21894-4114;30>31>30>
21894-4114;30>31>30>
21894-4114;30>31>30>
21894-4114;30>31>30>
22271-4917;30>31>30>
22271-4917;30>31>30>
22271-4917;30>31>30>
13346-4434;30>41>
14770-5489;30>41>
14932-4114;30>41>
21283-7297;30>41>
21321-4434;30>41>
21894-4114;30>41>
12626-7114;30 31>
13346-4434;30 31>
14932-4114;30 31>
21894-4114;30 31>
21955-4603;30 31>
22135-4114;30 31>
22659-5490;30 31>
12626-7114;30 41>
18432-5799;30 41>
21321-4434;30 41>
21894-4114;30 41>
21955-4603;30 41>
21955-4603;30 41>
22659-5490;30 41>
12626-7114;31>14>
16014-5799;31>14>
17491-4917;31>14>
18432-5799;31>14>
21321-4434;31>14>
21380-4114;31>14>
21894-4114;31>14>
21894-4114;31>14>
22135-4114;31>14>
22135-4114;31>14>
22135-4114;31>14>
22271-4917;31>14>
12626-7114;31>14>31>
16014-5799;31>14>31>
17491-4917;31>14>31>
18432-5799;31>14>31>
22135-4114;31>14>31>
22135-4114;31>14>31>
12626-7114;31>30>
12626-7114;31>30>
13346-4434;31>30>
13346-4434;31>30>
13346-4434;31>30>
14770-5489;31>30>
14770-5489;31>30>
14932-4114;31>30>
16014-5799;31>30>
17491-4917;31>30>
17491-5799;31>30>
18432-5799;31>30>
18432-5799;31>30>
18444-5384;31>30>
21283-7297;31>30>
21321-4434;31>30>
21321-4434;31>30>
21380-4114;31>30>
21513-5384;31>30>
21513-5384;31>30>
21629-5061;31>30>
21894-4114;31>30>
21894-4114;31>30>
21894-4114;31>30>
21894-4114;31>30>
21894-4114;31>30>
21894-4114;31>30>
21894-4114;31>30>
21894-4114;31>30>
21894-4114;31>30>
22135-4114;31>30>
22271-4917;31>30>
22271-4917;31>30>
22271-4917;31>30>
22271-4917;31>30>
22271-4917;31>30>
16014-5799;31>30>14>
21321-4434;31>30>14>
21894-4114;31>30>14>
21894-4114;31>30>14>
22271-4917;31>30>14>
22271-4917;31>30>14>
22271-4917;31>30>14>
16014-5799;31>30>14>14>
21894-4114;31>30>14>14>
21894-4114;31>30>14>14>
22271-4917;31>30>14>14>
22271-4917;31>30>14>14>
13346-4434;31>30>30>
13346-4434;31>30>30>
14770-5489;31>30>30>
17491-5799;31>30>30>
18432-5799;31>30>30>
18444-5384;31>30>30>
21894-4114;31>30>30>
21894-4114;31>30>30>
21894-4114;31>30>30>
21894-4114;31>30>30>
12626-7114;31>30>31>
21629-5061;31>30>31>
21894-4114;31>30>31>
21894-4114;31>30>31>
22271-4917;31>30>31>
22271-4917;31>30>31>
22271-4917;31>30>31>
21894-4114;31>30>31>30>
21894-4114;31>30>31>30>
22271-4917;31>30>31>30>
22271-4917;31>30>31>30>
22271-4917;31>30>31>30>
14770-5489;31>30>41>
14932-4114;31>30>41>
21283-7297;31>30>41>
21321-4434;31>30>41>
12626-7114;31>31>
12626-7114;31>31>
13346-4434;31>31>
14770-5489;31>31>
14770-5489;31>31>
16014-5799;31>31>
16014-5799;31>31>
17228-6401;31>31>
17491-4917;31>31>
18432-5799;31>31>
18444-4114;31>31>
21321-4434;31>31>
21513-5384;31>31>
21629-5061;31>31>
21894-4114;31>31>
21894-4114;31>31>
22135-4114;31>31>
22271-4917;31>31>
22279-4114;31>31>
12626-7114;31>31>30>
13346-4434;31>31>30>
14770-5489;31>31>30>
16014-5799;31>31>30>
18432-5799;31>31>30>
21321-4434;31>31>30>
21513-5384;31>31>30>
21894-4114;31>31>30>
21894-4114;31>31>30>
22271-4917;31>31>30>
16014-5799;31>41>
17491-4917;31>41>
21513-5384;31>41>
21629-5061;31>41>
21629-5061;31>41>
21629-5061;31>41>
21894-4114;31>41>
21955-4603;31>41>
22279-4114;31>41>
13346-4434;31>48>
17491-4917;31>48>
21513-5384;31>48>
21513-5384;31>48>
21629-5061;31>48>
21955-4603;31>48>
21955-4603;31>48>
22135-4114;31>48>
22135-4114;31>48>
22279-4114;31>48>
22433-4434;31>48>
22607-5384;31>48>
22659-5490;31>48>
21513-5384;31>48>29>
22135-4114;31>48>29>
22135-4114;31>48>29>
22279-4114;31>48>29>
22433-4434;31>48>29>
12626-7114;31 41>
12626-7114;31 41>
12626-7114;31 41>
12626-7114;31 41>
13346-4434;31 41>
14770-5489;31 41>
17228-6401;31 41>
17491-4917;31 41>
18432-5799;31 41>
18444-4114;31 41>
21283-7297;31 41>
21283-7297;31 41>
21321-4434;31 41>
21380-4114;31 41>
21513-5384;31 41>
21629-5061;31 41>
21894-4114;31 41>
21894-4114;31 41>
21894-4114;31 41>
21955-4603;31 41>
21955-4603;31 41>
21955-4603;31 41>
21955-4603;31 41>
22279-4114;31 41>
22433-4434;31 41>
22659-5490;31 41>
22659-5490;31 41>
22659-5490;31 41>
22659-5490;31 41>
12626-7114;41>2>
17491-4917;41>2>
17491-4917;41>2>
18432-5799;41>2>
21321-4434;41>2>
21321-4434;41>2>
21380-4114;41>2>
21629-5061;41>2>
21955-4603;41>2>
12626-7114;41>14>
12626-7114;41>14>
17491-5799;41>14>
18432-5799;41>14>
21283-7297;41>14>
21380-4114;41>14>
22135-4114;41>14>
22135-4114;41>14>
22135-4114;41>14>
22135-4114;41>14>
22271-4917;41>14>
22271-4917;41>14>
12626-7114;41>31>
12626-7114;41>31>
13346-4434;41>31>
14770-5489;41>31>
14770-5489;41>31>
14932-4114;41>31>
14932-4114;41>31>
14932-4114;41>31>
16014-5799;41>31>
17228-6401;41>31>
17491-4917;41>31>
18444-5384;41>31>
21283-7297;41>31>
21321-4434;41>31>
21321-4434;41>31>
21513-5384;41>31>
21513-5384;41>31>
21629-5061;41>31>
21894-4114;41>31>
21894-4114;41>31>
21894-4114;41>31>
21955-4603;41>31>
22135-4114;41>31>
22135-4114;41>31>
22135-4114;41>31>
22271-4917;41>31>
22271-4917;41>31>
22433-4434;41>31>
22607-5384;41>31>
22659-5490;41>31>
22659-5490;41>31>
16014-5799;41>31>14>
17491-4917;41>31>14>
21894-4114;41>31>14>
22135-4114;41>31>14>
12626-7114;41>31>30>
14932-4114;41>31>30>
18444-5384;41>31>30>
21283-7297;41>31>30>
21629-5061;41>31>30>
22271-4917;41>31>30>
21513-5384;41>31>48>
21955-4603;41>31>48>
22135-4114;41>31>48>
22135-4114;41>31>48>
22433-4434;41>31>48>
22607-5384;41>31>48>
13346-4434;41>41>
13346-4434;41>41>
14770-5489;41>41>
14770-5489;41>41>
14932-4114;41>41>
14932-4114;41>41>
15016-4433;41>41>
16014-5799;41>41>
16014-5799;41>41>
16014-5799;41>41>
17228-6401;41>41>
17228-6401;41>41>
17491-4917;41>41>
17491-4917;41>41>
17491-4917;41>41>
18432-5799;41>41>
18444-5384;41>41>
18444-5384;41>41>
21283-7297;41>41>
21321-4434;41>41>
21321-4434;41>41>
21380-4114;41>41>
21513-5384;41>41>
21513-5384;41>41>
21513-5384;41>41>
21629-5061;41>41>
21629-5061;41>41>
21629-5061;41>41>
21629-5061;41>41>
21629-5061;41>41>
21629-5061;41>41>
21629-5061;41>41>
21629-5061;41>41>
21629-5061;41>41>
21629-5061;41>41>
21629-5061;41>41>
21629-5061;41>41>
21894-4114;41>41>
21894-4114;41>41>
21894-4114;41>41>
21894-4114;41>41>
21894-4114;41>41>
21894-4114;41>41>
21894-4114;41>41>
21894-4114;41>41>
21894-4114;41>41>
21955-4603;41>41>
21955-4603;41>41>
22135-4114;41>41>
22135-4114;41>41>
22135-4114;41>41>
22279-4114;41>41>
22483-6030;41>41>
22607-5384;41>41>
22607-5384;41>41>
22612-4603;41>41>
22612-4603;41>41>
22612-4603;41>41>
22659-5490;41>41>
22659-5490;41>41>
18432-5799;41>41>14>
21283-7297;41>41>14>
22135-4114;41>41>14>
22135-4114;41>41>14>
13346-4434;41>41>31>
14932-4114;41>41>31>
16014-5799;41>41>31>
21321-4434;41>41>31>
21513-5384;41>41>31>
21894-4114;41>41>31>
21894-4114;41>41>31>
22607-5384;41>41>31>
16014-5799;41>41>41>
16014-5799;41>41>41>
17491-4917;41>41>41>
18444-5384;41>41>41>
21283-7297;41>41>41>
21380-4114;41>41>41>
21513-5384;41>41>41>
21513-5384;41>41>41>
21629-5061;41>41>41>
21629-5061;41>41>41>
21629-5061;41>41>41>
21629-5061;41>41>41>
21629-5061;41>41>41>
21629-5061;41>41>41>
21629-5061;41>41>41>
21894-4114;41>41>41>
21894-4114;41>41>41>
21894-4114;41>41>41>
21894-4114;41>41>41>
21894-4114;41>41>41>
21955-4603;41>41>41>
21955-4603;41>41>41>
22135-4114;41>41>41>
22607-5384;41>41>41>
22607-5384;41>41>41>
22612-4603;41>41>41>
22612-4603;41>41>41>
22612-4603;41>41>41>
22659-5490;41>41>41>
16014-5799;41>41>41>41>
16014-5799;41>41>41>41>
17491-4917;41>41>41>41>
18444-5384;41>41>41>41>
21283-7297;41>41>41>41>
21513-5384;41>41>41>41>
21513-5384;41>41>41>41>
21629-5061;41>41>41>41>
21629-5061;41>41>41>41>
21629-5061;41>41>41>41>
21629-5061;41>41>41>41>
21629-5061;41>41>41>41>
21894-4114;41>41>41>41>
21894-4114;41>41>41>41>
21955-4603;41>41>41>41>
22135-4114;41>41>41>41>
22607-5384;41>41>41>41>
22612-4603;41>41>41>41>
22612-4603;41>41>41>41>
22659-5490;41>41>41>41>
16014-5799;41>41>41>41>41>
16014-5799;41>41>41>41>41>
18444-5384;41>41>41>41>41>
21283-7297;41>41>41>41>41>
21513-5384;41>41>41>41>41>
21629-5061;41>41>41>41>41>
21629-5061;41>41>41>41>41>
21629-5061;41>41>41>41>41>
21894-4114;41>41>41>41>41>
22607-5384;41>41>41>41>41>
22612-4603;41>41>41>41>41>
16014-5799;41>41>41>41>41>41>
21283-7297;41>41>41>41>41>41>
21629-5061;41>41>41>41>41>41>
21629-5061;41>41>41>41>41>41>
21894-4114;41>41>41>41>41>41>
22612-4603;41>41>41>41>41>41>
16014-5799;41>41>41>41>41>41>41>
21283-7297;41>41>41>41>41>41>41>
21629-5061;41>41>41>41>41>41>41>
21894-4114;41>41>41>41>41>41>41>
22612-4603;41>41>41>41>41>41>41>
16014-5799;41>41>41>41>41>41>41>41>
21283-7297;41>41>41>41>41>41>41>41>
21629-5061;41>41>41>41>41>41>41>41>
22612-4603;41>41>41>41>41>41>41>41>
21629-5061;41>41>41>41>43>
21629-5061;41>41>41>41>43>
21894-4114;41>41>41>41>43>
21955-4603;41>41>41>41>43>
21629-5061;41>41>41>43>
21629-5061;41>41>41>43>
21894-4114;41>41>41>43>
21955-4603;41>41>41>43>
22612-4603;41>41>41>43>
18444-5384;41>41>43>
21629-5061;41>41>43>
21629-5061;41>41>43>
21629-5061;41>41>43>
21629-5061;41>41>43>
21894-4114;41>41>43>
21894-4114;41>41>43>
21894-4114;41>41>43>
21894-4114;41>41>43>
21955-4603;41>41>43>
22612-4603;41>41>43>
18444-5384;41>41>43>44>
21629-5061;41>41>43>44>
21629-5061;41>41>43>44>
21894-4114;41>41>43>44>
21894-4114;41>41>43>44>
21894-4114;41>41>43>44>
22612-4603;41>41>43>44>
21629-5061;41>41>43>44>44>
21894-4114;41>41>43>44>44>
21894-4114;41>41>43>44>44>
21894-4114;41>41>43>44>44>
22612-4603;41>41>43>44>44>
21629-5061;41>41>43>44>44>44>
21894-4114;41>41>43>44>44>44>
21894-4114;41>41>43>44>44>44>
21894-4114;41>41>43>44>44>44>
22612-4603;41>41>43>44>44>44>
18444-5384;41>43>
21283-7297;41>43>
21321-4434;41>43>
21321-4434;41>43>
21513-5384;41>43>
21513-5384;41>43>
21629-5061;41>43>
21629-5061;41>43>
21629-5061;41>43>
21629-5061;41>43>
21629-5061;41>43>
21629-5061;41>43>
21894-4114;41>43>
21894-4114;41>43>
21894-4114;41>43>
21894-4114;41>43>
21955-4603;41>43>
22279-4114;41>43>
22433-4434;41>43>
22612-4603;41>43>
22659-5490;41>43>
18444-5384;41>43>44>
21283-7297;41>43>44>
21321-4434;41>43>44>
21321-4434;41>43>44>
21513-5384;41>43>44>
21513-5384;41>43>44>
21629-5061;41>43>44>
21629-5061;41>43>44>
21629-5061;41>43>44>
21629-5061;41>43>44>
21629-5061;41>43>44>
21894-4114;41>43>44>
21894-4114;41>43>44>
21894-4114;41>43>44>
22279-4114;41>43>44>
22612-4603;41>43>44>
21283-7297;41>43>44>44>
21513-5384;41>43>44>44>
21513-5384;41>43>44>44>
21629-5061;41>43>44>44>
21629-5061;41>43>44>44>
21894-4114;41>43>44>44>
21894-4114;41>43>44>44>
21894-4114;41>43>44>44>
22612-4603;41>43>44>44>
21283-7297;41>43>44>44>44>
21513-5384;41>43>44>44>44>
21629-5061;41>43>44>44>44>
21629-5061;41>43>44>44>44>
21894-4114;41>43>44>44>44>
21894-4114;41>43>44>44>44>
21894-4114;41>43>44>44>44>
22612-4603;41>43>44>44>44>
21513-5384;41>43>44>44>44>44>
21629-5061;41>43>44>44>44>44>
21894-4114;41>43>44>44>44>44>
22612-4603;41>43>44>44>44>44>
12626-7114;41>44>
21321-4434;41>44>
21513-5384;41>44>
21955-4603;41>44>
22433-4434;41>44>
22607-5384;41>44>
12626-7114;41>44>44>
21321-4434;41>44>44>
21513-5384;41>44>44>
22607-5384;41>44>44>
12626-7114;41 43>
17491-4917;41 43>
17491-4917;41 43>
17491-4917;41 43>
18432-5799;41 43>
21283-7297;41 43>
21283-7297;41 43>
21321-4434;41 43>
21321-4434;41 43>
21321-4434;41 43>
21513-5384;41 43>
21629-5061;41 43>
21629-5061;41 43>
21894-4114;41 43>
21955-4603;41 43>
22279-4114;41 43>
22433-4434;41 43>
22433-4434;41 43>
22433-4434;41 43>
22607-5384;41 43>
12626-7114;41 43>44>
21321-4434;41 43>44>
21513-5384;41 43>44>
21955-4603;41 43>44>
22433-4434;41 43>44>
22607-5384;41 43>44>
12626-7114;41 43>44>44>
21321-4434;41 43>44>44>
21513-5384;41 43>44>44>
22607-5384;41 43>44>44>
18432-5799;43>41>
21629-5061;43>41>
21894-4114;43>41>
21955-4603;43>41>
22433-4434;43>41>
12626-7114;43>44>
15016-4433;43>44>
17491-4917;43>44>
17491-4917;43>44>
18432-5799;43>44>
18444-5384;43>44>
21283-7297;43>44>
21321-4434;43>44>
21321-4434;43>44>
21321-4434;43>44>
21513-5384;43>44>
21513-5384;43>44>
21513-5384;43>44>
21629-5061;43>44>
21629-5061;43>44>
21629-5061;43>44>
21629-5061;43>44>
21629-5061;43>44>
21629-5061;43>44>
21629-5061;43>44>
21894-4114;43>44>
21894-4114;43>44>
21894-4114;43>44>
21894-4114;43>44>
21894-4114;43>44>
21894-4114;43>44>
21955-4603;43>44>
22135-4114;43>44>
22279-4114;43>44>
22433-4434;43>44>
22607-5384;43>44>
22612-4603;43>44>
12626-7114;43>44>44>
15016-4433;43>44>44>
17491-4917;43>44>44>
17491-4917;43>44>44>
21283-7297;43>44>44>
21321-4434;43>44>44>
21513-5384;43>44>44>
21513-5384;43>44>44>
21513-5384;43>44>44>
21629-5061;43>44>44>
21629-5061;43>44>44>
21629-5061;43>44>44>
21894-4114;43>44>44>
21894-4114;43>44>44>
21894-4114;43>44>44>
21894-4114;43>44>44>
21894-4114;43>44>44>
21894-4114;43>44>44>
22607-5384;43>44>44>
22612-4603;43>44>44>
15016-4433;43>44>44>14>
17491-4917;43>44>44>14>
21513-5384;43>44>44>14>
21894-4114;43>44>44>14>
21894-4114;43>44>44>14>
12626-7114;43>44>44>44>
17491-4917;43>44>44>44>
17491-4917;43>44>44>44>
21283-7297;43>44>44>44>
21321-4434;43>44>44>44>
21513-5384;43>44>44>44>
21629-5061;43>44>44>44>
21629-5061;43>44>44>44>
21629-5061;43>44>44>44>
21894-4114;43>44>44>44>
21894-4114;43>44>44>44>
21894-4114;43>44>44>44>
21894-4114;43>44>44>44>
21894-4114;43>44>44>44>
22607-5384;43>44>44>44>
22612-4603;43>44>44>44>
17491-4917;43>44>44>44>44>
21321-4434;43>44>44>44>44>
21513-5384;43>44>44>44>44>
21629-5061;43>44>44>44>44>
21894-4114;43>44>44>44>44>
22607-5384;43>44>44>44>44>
22612-4603;43>44>44>44>44>
17491-4917;43>44>44>44>44>44>
21513-5384;43>44>44>44>44>44>
21629-5061;43>44>44>44>44>44>
21894-4114;43>44>44>44>44>44>
22607-5384;43>44>44>44>44>44>
15016-4433;44>14>
17491-4917;44>14>
17491-4917;44>14>
21321-4434;44>14>
21513-5384;44>14>
21513-5384;44>14>
21513-5384;44>14>
21629-5061;44>14>
21629-5061;44>14>
21894-4114;44>14>
21894-4114;44>14>
21894-4114;44>14>
22135-4114;44>14>
22433-4434;44>14>
15016-4433;44>14>41>
17491-4917;44>14>41>
21513-5384;44>14>41>
21629-5061;44>14>41>
21894-4114;44>14>41>
21894-4114;44>14>41>
22135-4114;44>14>41>
15016-4433;44>14>41>41>
17491-4917;44>14>41>41>
21513-5384;44>14>41>41>
21629-5061;44>14>41>41>
21894-4114;44>14>41>41>
18444-5384;44>41>
21283-7297;44>41>
21513-5384;44>41>
22433-4434;44>41>
22607-5384;44>41>
12626-7114;44>44>
15016-4433;44>44>
17491-4917;44>44>
17491-4917;44>44>
21283-7297;44>44>
21321-4434;44>44>
21321-4434;44>44>
21513-5384;44>44>
21513-5384;44>44>
21513-5384;44>44>
21513-5384;44>44>
21629-5061;44>44>
21629-5061;44>44>
21629-5061;44>44>
21894-4114;44>44>
21894-4114;44>44>
21894-4114;44>44>
21894-4114;44>44>
21894-4114;44>44>
21894-4114;44>44>
22433-4434;44>44>
22607-5384;44>44>
22612-4603;44>44>
15016-4433;44>44>14>
17491-4917;44>44>14>
21321-4434;44>44>14>
21513-5384;44>44>14>
21513-5384;44>44>14>
21513-5384;44>44>14>
21894-4114;44>44>14>
21894-4114;44>44>14>
22433-4434;44>44>14>
15016-4433;44>44>14>41>
21513-5384;44>44>14>41>
21894-4114;44>44>14>41>
21894-4114;44>44>14>41>
12626-7114;44>44>44>
17491-4917;44>44>44>
17491-4917;44>44>44>
21283-7297;44>44>44>
21321-4434;44>44>44>
21513-5384;44>44>44>
21629-5061;44>44>44>
21629-5061;44>44>44>
21629-5061;44>44>44>
21894-4114;44>44>44>
21894-4114;44>44>44>
21894-4114;44>44>44>
21894-4114;44>44>44>
21894-4114;44>44>44>
21894-4114;44>44>44>
22607-5384;44>44>44>
22612-4603;44>44>44>
21321-4434;44>44>44>14>
21513-5384;44>44>44>14>
21894-4114;44>44>44>14>
21894-4114;44>44>44>14>
17491-4917;44>44>44>44>
21321-4434;44>44>44>44>
21513-5384;44>44>44>44>
21629-5061;44>44>44>44>
21894-4114;44>44>44>44>
22607-5384;44>44>44>44>
22612-4603;44>44>44>44>
17491-4917;44>44>44>44>44>
21513-5384;44>44>44>44>44>
21629-5061;44>44>44>44>44>
21894-4114;44>44>44>44>44>
22607-5384;44>44>44>44>44>
17491-4917;44>45>
21629-5061;44>45>
21629-5061;44>45>
21894-4114;44>45>
17491-4917;44>45>43>
21629-5061;44>45>43>
21629-5061;44>45>43>
21894-4114;44>45>43>
17491-4917;44>45>43>44>
21629-5061;44>45>43>44>
21629-5061;44>45>43>44>
21894-4114;44>45>43>44>
17491-4917;45>43>
21629-5061;45>43>
21629-5061;45>43>
21894-4114;45>43>
21955-4603;45>43>
22659-5490;45>43>
17491-4917;45>43>44>
21629-5061;45>43>44>
21629-5061;45>43>44>
21894-4114;45>43>44>
12626-7114;46>1>
14770-5489;46>1>
16014-5799;46>1>
18432-5799;46>1>
18444-4114;46>1>
21321-4434;46>1>
21321-4434;46>1>
21380-4114;46>1>
21955-4603;46>1>
22612-4603;46>1>
14770-5489;46>1>2>
18444-4114;46>1>2>
21321-4434;46>1>2>
21955-4603;46>1>2>
22612-4603;46>1>2>
14770-5489;46>1>2>14>
18444-4114;46>1>2>14>
21321-4434;46>1>2>14>
21955-4603;46>1>2>14>
15016-4433;46>2>
21321-4434;46>2>
21321-4434;46>2>
21629-5061;46>2>
22659-5490;46>2>
16014-5799;48>14>
17228-6401;48>14>
17228-6401;48>14>
18432-5799;48>14>
21894-4114;48>14>
22659-5490;48>14>
22659-5490;48>14>
21513-5384;48>29>
21513-5384;48>29>
22135-4114;48>29>
22135-4114;48>29>
22279-4114;48>29>
22433-4434;48>29>
22612-4603;48>29>
17491-4917;48>48>
21513-5384;48>48>
21629-5061;48>48>
21629-5061;48>48>
22135-4114;48>48>
22659-5490;48>48>
22659-5490;48>48>
14932-4114;49>49>
18432-5799;49>49>
22279-4114;49>49>
22279-4114;49>49>
22659-5490;49>49>
22659-5490;49>49>
